[
    {
        "chunk_id": "d0a5f6c5-d783-41a6-81da-fa2045675c2d",
        "metadata": {
            "category": "Overview",
            "sub_category": "Overview",
            "disease": "acute myelogenous leukemia"
        },
        "content": "Acute myelogenous leukemia, also called AML, is a cancer of the blood and bone marrow. Bone marrow is the soft matter inside bones where blood cells are made. The word \"acute\" in acute myelogenous leukemia means the disease tends to get worse quickly. It's called myelogenous (my-uh-LOHJ-uh-nus) leukemia because it affects cells called the myeloid cells. These typically develop into mature blood cells, including red blood cells, white blood cells and platelets. AML is the most common type of acute leukemia in adults. The other type is acute lymphoblastic leukemia, also called ALL. Although AML can be diagnosed at any age, it is less common before age 45. AML also is called acute myeloid leukemia, acute myeloblastic leukemia, acute granulocytic leukemia and acute nonlymphocytic leukemia. Unlike other cancers, there are no numbered stages of acute myelogenous leukemia."
    },
    {
        "chunk_id": "0dacbb58-a5cf-4865-b616-9781424a9619",
        "metadata": {
            "category": "Overview",
            "sub_category": "Symptoms",
            "disease": "acute myelogenous leukemia"
        },
        "content": "Symptoms of acute myelogenous leukemia may include: Fever. Pain. Common places for pain include the bones, back and stomach. Feeling very tired. Paleness or change in skin color. Frequent infections. Easy bruising. Bleeding with no clear cause, such as in the nose or gums. Shortness of breath."
    },
    {
        "chunk_id": "df2fa95c-5c16-42bb-bf4a-51d0f67e124c",
        "metadata": {
            "category": "Overview",
            "sub_category": "When to see a doctor",
            "disease": "acute myelogenous leukemia"
        },
        "content": "Make an appointment with your healthcare professional if you have ongoing symptoms that worry you. Acute myelogenous leukemia symptoms are like those of many more-common conditions, such as infections. The healthcare professional may check for those causes first."
    },
    {
        "chunk_id": "3df1b715-f7b7-4c0e-aeea-5ab81e97900a",
        "metadata": {
            "category": "Overview",
            "sub_category": "Causes",
            "disease": "acute myelogenous leukemia"
        },
        "content": "It's often not clear what causes acute myelogenous leukemia. Healthcare professionals know that it starts when something causes changes to the DNA inside cells in the bone marrow. The bone marrow is the spongy material inside bones. It's where blood cells are made. The changes that lead to acute myelogenous leukemia are thought to happen in cells called myeloid cells. Myeloid cells are bone marrow cells that can turn into the blood cells that circulate through the body. Healthy myeloid cells can become: Red blood cells, which carry oxygen to the body. Platelets, which help stop bleeding. White blood cells, which help fight infections. Every cell in the body contains DNA. A cell's DNA holds the instructions that tell the cell what to do. In healthy cells, the DNA gives instructions to grow and multiply at a set rate. The instructions tell the cells to die at a set time. But when the DNA changes happen in the myeloid cells, the changes give different instructions. The myeloid cells start to make a lot of extra cells, and they don't stop. The DNA changes cause the myeloid cells to make a lot of immature white blood cells, called myeloblasts. The myeloblasts don't work right. They can build up in the bone marrow. They can crowd out healthy blood cells. Without enough healthy blood cells, there might be low oxygen levels in the blood, easy bruising and bleeding, and frequent infections."
    },
    {
        "chunk_id": "b326dcb8-568b-48f0-9255-6eacd042707d",
        "metadata": {
            "category": "Overview",
            "sub_category": "Risk factors",
            "disease": "acute myelogenous leukemia"
        },
        "content": "Factors that may increase the risk of acute myelogenous leukemia, also called AML, include: Older age. Acute myelogenous leukemia is most common in adults age 65 and older. Prior cancer treatment. People who've had certain types of chemotherapy and radiation therapy may have a greater risk of AML. Radiation exposure. People exposed to very high levels of radiation, such as a nuclear reactor accident, have an increased risk of developing AML. Dangerous chemical exposure. Certain chemicals, such as benzene, are linked to a greater risk of AML. Smoking cigarettes. AML is linked to cigarette smoke, which contains benzene and other known cancer-causing chemicals. Other blood disorders. People who've had another blood disorder, such as myelodysplasia, myelofibrosis, polycythemia vera or thrombocythemia, are at greater risk of AML. Genetic disorders. Certain genetic disorders, such as Down syndrome, are associated with an increased risk of AML. Family history. People with a close blood relative, such as a sibling, parent or grandparent with a blood or bone marrow disorder are at higher risk for AML. Many people with AML have no known risk factors, and many people who have risk factors never develop the cancer."
    },
    {
        "chunk_id": "2f999917-c512-4d8e-bb37-51422a42ecab",
        "metadata": {
            "category": "Diagnosis and Treatment",
            "sub_category": "Diagnosis",
            "disease": "acute myelogenous leukemia"
        },
        "content": "Acute myeloid leukemia diagnosis often begins with an exam that checks for bruising, bleeding in the mouth or gums, infection, and swollen lymph nodes. Other tests include blood and lab tests, bone marrow biopsy, lumbar puncture, and imaging. Tests and exams to diagnose acute myelogenous leukemia, also called AML, include:"
    },
    {
        "chunk_id": "cda2b466-fe8c-444a-bb05-599ad9238043",
        "metadata": {
            "category": "Diagnosis and Treatment",
            "sub_category": "Blood tests",
            "disease": "acute myelogenous leukemia"
        },
        "content": "Blood tests for acute myelogenous leukemia might include a test to count the number of blood cells in a sample of blood. This test is called a complete blood count. The results may show too many or too few white blood cells. Often the test finds that there are not enough red blood cells and not enough platelets. Another blood test looks for immature white blood cells called myeloblasts in the blood. These cells typically aren't found in the blood. But they can occur in the blood of people with AML."
    },
    {
        "chunk_id": "e820076c-2cea-40a5-adb1-3193215b018e",
        "metadata": {
            "category": "Diagnosis and Treatment",
            "sub_category": "Bone marrow aspiration and biopsy",
            "disease": "acute myelogenous leukemia"
        },
        "content": "Bone marrow aspiration and biopsy are procedures that involve collecting cells from the bone marrow. In bone marrow aspiration, a needle is used to draw a sample of the bone marrow fluid. In a bone marrow biopsy, a needle is used to collect a small amount of solid tissue. The samples are typically taken from the hip bone. The samples go to a lab for testing. In the lab, tests can look for DNA changes in the bone marrow cells. Which DNA changes are present in your bone marrow cells are an important part of diagnosing AML. The results can help your healthcare team create a treatment plan."
    },
    {
        "chunk_id": "bab741ce-5084-465a-b76b-6ce87bd07724",
        "metadata": {
            "category": "Diagnosis and Treatment",
            "sub_category": "Lumbar puncture",
            "disease": "acute myelogenous leukemia"
        },
        "content": "Sometimes, a lumbar puncture may be needed if there's concern that the leukemia has spread to the brain and spinal cord. A lumbar puncture also is called a spinal tap. It removes a sample of the fluid that surrounds the brain and spinal cord. A small needle is inserted into the lower back to remove a fluid sample. The sample is sent to a lab."
    },
    {
        "chunk_id": "59b0ab15-af87-4ee7-8f28-b4d1edf5005b",
        "metadata": {
            "category": "Diagnosis and Treatment",
            "sub_category": "Imaging tests",
            "disease": "acute myelogenous leukemia"
        },
        "content": "Imaging tests make pictures of the body. For AML, imaging tests might make pictures of the brain, if there's concern that the leukemia cells have spread there. Imaging might include CT or MRI. If there's concern that the leukemia might have spread to another part of the body, imaging might be done with a positron emission tomography scan, also called a PET scan."
    },
    {
        "chunk_id": "edc0a2c4-52a6-4bd8-9850-429672d3279a",
        "metadata": {
            "category": "Diagnosis and Treatment",
            "sub_category": "Your AML subtype",
            "disease": "acute myelogenous leukemia"
        },
        "content": "If you're diagnosed with AML, you may need further lab tests to determine your AML subtype. These tests include examining your blood and bone marrow for genetic changes and other signs that indicate specific AML subtypes. Currently, there are 15 different subtypes. Your AML subtype helps your healthcare professional determine the best treatment for you."
    },
    {
        "chunk_id": "f597c4e7-e801-4fda-8f04-8001264b6351",
        "metadata": {
            "category": "Diagnosis and Treatment",
            "sub_category": "Treatment",
            "disease": "acute myelogenous leukemia"
        },
        "content": "Many types of treatment exist for acute myelogenous leukemia, also called AML. Treatment depends on several factors, including the subtype of the disease, your age, your overall health, your prognosis and your preferences. Treatment usually has two phases: Remission induction therapy. This first phase aims to kill the leukemia cells in your blood and bone marrow. But it doesn't usually destroy all the leukemia cells. You will need further treatment to keep the disease from coming back. Consolidation therapy. This phase also is called post-remission therapy or maintenance therapy. It aims to kill the remaining leukemia cells. Consolidation therapy is crucial to helping lower the risk of relapse. Treatments include: Chemotherapy. Chemotherapy treats cancer with strong medicines. Most chemotherapy medicines are given through a vein. Some come in pill form. Chemotherapy is the main type of remission induction therapy. It also may be used for consolidation therapy. People with AML usually stay in the hospital during chemotherapy treatments because the medicines kill many healthy blood cells while destroying leukemia cells. If the first chemotherapy cycle doesn't cause remission, it can be repeated. Side effects of chemotherapy depend on the medicines you're given. Common side effects are nausea and hair loss. Serious, long-term complications may include heart disease, lung damage, fertility problems and other cancers. Targeted therapy. Targeted therapy for cancer is a treatment that uses medicines that attack specific chemicals in the cancer cells. By blocking these chemicals, targeted treatments can cause cancer cells to die. Your leukemia cells will be tested to see if targeted therapy may be helpful for you. Targeted therapy may be used alone or in combination with chemotherapy during induction therapy. Bone marrow transplant. A bone marrow transplant, also called a bone marrow stem cell transplant, involves putting healthy bone marrow stem cells into the body. These cells replace cells hurt by chemotherapy and other treatments. A bone marrow stem cell transplant may be used for both remission induction and consolidation therapy. Before a bone marrow transplant, you receive very high doses of chemotherapy or radiation therapy to destroy your leukemia-producing bone marrow. Then you receive infusions of stem cells from a compatible donor. This is called an allogeneic transplant. There is an increased risk of infection after a transplant. Clinical trials. Some people with leukemia choose to enroll in clinical trials to try experimental treatments or new combinations of known therapies."
    },
    {
        "chunk_id": "863a95d7-5624-432b-9c83-c218c3b12c51",
        "metadata": {
            "category": "Diagnosis and Treatment",
            "sub_category": "Clinical trials",
            "disease": "acute myelogenous leukemia"
        },
        "content": "Explore Mayo Clinic studies testing new treatments, interventions and tests as a means to prevent, detect, treat or manage this condition."
    },
    {
        "chunk_id": "7356d0a9-07d9-4285-8bde-59fa02aa7332",
        "metadata": {
            "category": "Diagnosis and Treatment",
            "sub_category": "Alternative medicine",
            "disease": "acute myelogenous leukemia"
        },
        "content": "No alternative treatments have been found to treat acute myelogenous leukemia. But integrative medicine may help you cope with the stress of a cancer diagnosis and side effects of your treatment. Alternative treatments that may help relieve symptoms include: Acupuncture. Exercise. Massage. Meditation. Relaxation activities, such as yoga. Art and music therapy."
    },
    {
        "chunk_id": "5b951457-b967-4edf-8063-936e418b92e4",
        "metadata": {
            "category": "Diagnosis and Treatment",
            "sub_category": "Coping and support",
            "disease": "acute myelogenous leukemia"
        },
        "content": "Acute myelogenous leukemia is a fast-growing cancer that requires quick decision-making. The following tips and resources may help you cope: Learn enough about acute myelogenous leukemia to make decisions about your care. The term leukemia can be confusing because it refers to a group of cancers that aren't all that alike except that they all affect the bone marrow and blood.\nYou can waste a lot of time researching information that doesn't apply to your kind of leukemia. To avoid that, ask your doctor to write down as many details as possible about your specific disease. Then narrow your search to that disease.\nLook for information at your local library and on the internet. You can start your information search with the National Cancer Institute and the Leukemia & Lymphoma Society. Lean on family, friends and others. Having a support system can help you cope. Get support from people close to you, a formal support group or others coping with cancer. Take care of yourself. It's easy to get caught up in tests, treatments and procedures. But it's important to take care of yourself, not just the cancer. Try to make time for cooking, watching sports or other favorite activities. Get plenty of sleep, see friends, write in a journal and spend time outside if you can. Stay active. Receiving a diagnosis of cancer doesn't mean you have to stop doing the things you enjoy. If you feel well enough to do something, do it. Check with your healthcare professional about starting any exercise program."
    },
    {
        "chunk_id": "a64f6753-d6f2-4e4a-a2ab-e76103aca1ce",
        "metadata": {
            "category": "Diagnosis and Treatment",
            "sub_category": "Preparing for your appointment",
            "disease": "acute myelogenous leukemia"
        },
        "content": "Make an appointment with your healthcare professional if you have symptoms that worry you. You may be referred to a doctor who specializes in blood cell diseases. This type of doctor is called a hematologist. Appointments can be brief, and there's a lot of information to discuss. It's a good idea to be prepared. Here's some information to help you get ready:"
    },
    {
        "chunk_id": "d2f35f13-2186-4ecc-aaa5-d684ee3a8b34",
        "metadata": {
            "category": "Diagnosis and Treatment",
            "sub_category": "What you can do",
            "disease": "acute myelogenous leukemia"
        },
        "content": "Be aware of any pre-appointment restrictions. At the time you make the appointment, be sure to ask if there's anything you need to do in advance, such as restrict your diet before testing. Write down any symptoms you're experiencing, including those that may not seem related to the reason for which you scheduled the appointment. Write down key personal information, including any major stresses or recent life changes. Make a list of all medicines, vitamins or supplements that you're taking. Consider taking a family member or friend along. Sometimes it can be difficult to remember all the information provided during an appointment. Someone who comes with you may remember details that you missed or forgot. Write down your questions. Your time with your healthcare professional is limited, so preparing a list of questions can help make the most of your time together. List your questions from most to least important in case time runs out. For acute myelogenous leukemia, some basic questions to ask include: What is likely causing my symptoms? What are other possible causes for my symptoms? Will I need more tests? Which ones? Will I need treatment? What are my treatment options? What are the potential side effects of each treatment? Is there one treatment you believe is best for me? I have these other health conditions. How will they affect my treatment and disease? How will treatment affect my daily life? Can I keep working? How long will treatment last? Are there any restrictions that I need to follow? Should I seek a second opinion? Is there a generic alternative to the medicine you're prescribing? Are there brochures or other printed material that I can take with me? What websites do you suggest? In addition to the questions that you've prepared, don't hesitate to ask other questions."
    },
    {
        "chunk_id": "086aa2c1-60bf-4a16-834b-0629529cb19f",
        "metadata": {
            "category": "Diagnosis and Treatment",
            "sub_category": "What to expect from your doctor",
            "disease": "acute myelogenous leukemia"
        },
        "content": "Your healthcare professional is likely to ask you questions. Being ready to answer them may give you more time to go over other questions you have. Questions may include: When did your symptoms start? Do you have symptoms all the time or occasionally? How severe are your symptoms? What, if anything, improves your symptoms? What, if anything, worsens your symptoms?"
    },
    {
        "chunk_id": "a92bf527-03a9-43b5-9146-b0fe76855398",
        "metadata": {
            "category": "Diagnosis and Treatment",
            "sub_category": "What you can do in the meantime",
            "disease": "acute myelogenous leukemia"
        },
        "content": "Avoid activities that worsen your symptoms. For instance, try to take it easy if you're feeling very tired."
    }
]