[
    {
        "chunk_id": "a8d13021-8c8a-4288-b596-df17e4c8ce55",
        "metadata": {
            "category": "Overview",
            "sub_category": "Overview",
            "disease": "ampullary cancer"
        },
        "content": "Ampullary cancer is cancer that starts as a growth of cells in the ampulla of Vater. The ampulla of Vater is located where the bile duct and pancreatic duct join and empty into the small intestine. Ampullary (AM-poo-la-ree) cancer is rare. Ampullary cancer forms near many other parts of the digestive system. This includes the liver, pancreas and small intestine. When ampullary cancer grows, it may affect these other organs. Ampullary cancer treatment often involves surgery to remove the cancer. Treatment also may include radiation therapy and chemotherapy to kill cancer cells."
    },
    {
        "chunk_id": "86c310df-6c0c-4825-b316-45e0826f2f23",
        "metadata": {
            "category": "Overview",
            "sub_category": "Symptoms",
            "disease": "ampullary cancer"
        },
        "content": "Signs and symptoms of ampullary cancer may include: Yellowing of the skin and whites of the eyes, called jaundice. Diarrhea. Clay-colored stools. Abdominal pain. Fever. Blood in the stool. Nausea. Vomiting. Weight loss."
    },
    {
        "chunk_id": "c9b2e6fd-2bcf-4cc7-b996-6f9626c17b4b",
        "metadata": {
            "category": "Overview",
            "sub_category": "When to see a doctor",
            "disease": "ampullary cancer"
        },
        "content": "Make an appointment with a doctor or other healthcare professional if you have any persistent symptoms that worry you."
    },
    {
        "chunk_id": "96ade29c-acac-4ca2-8515-4e7565d6ed9d",
        "metadata": {
            "category": "Overview",
            "sub_category": "Causes",
            "disease": "ampullary cancer"
        },
        "content": "It's not clear what causes ampullary cancer. Ampullary cancer happens when cells in the ampulla of Vater develop changes in their DNA. A cell's DNA holds the instructions that tell a cell what to do. In healthy cells, the DNA gives instructions to grow and multiply at a set rate. The instructions tell the cells to die at a set time. In cancer cells, the changes give different instructions. The changes tell the cancer cells to make many more cells quickly. Cancer cells can keep living when healthy cells would die. This causes too many cells. The cancer cells might form a mass called a tumor. The tumor can grow to invade and destroy healthy body tissue. In time, cancer cells can break away and spread to other parts of the body. When cancer spreads, it's called metastatic cancer."
    },
    {
        "chunk_id": "97c22306-095d-4801-896d-e4e51ca577c6",
        "metadata": {
            "category": "Overview",
            "sub_category": "Risk factors",
            "disease": "ampullary cancer"
        },
        "content": "Factors that can increase the risk of ampullary cancer include: Increasing age. Ampullary cancer is more common in adults older than 70. DNA changes that run in families. Some DNA changes that are passed down from your parents can increase your risk of ampullary cancer and other cancers. Examples include the DNA changes that are linked to Lynch syndrome, familial adenomatous polyposis, also called FAP, and Peutz-Jeghers syndrome. There is no way to prevent ampullary cancer."
    },
    {
        "chunk_id": "629644de-17c5-4c95-b142-63d902046057",
        "metadata": {
            "category": "Diagnosis and Treatment",
            "sub_category": "Diagnosis",
            "disease": "ampullary cancer"
        },
        "content": "Tests and procedures used to diagnose ampullary cancer include:"
    },
    {
        "chunk_id": "692a0708-9e43-4ace-ac6b-a3ef0b3e00f0",
        "metadata": {
            "category": "Diagnosis and Treatment",
            "sub_category": "Passing a thin, flexible scope down the throat, called an endoscopy",
            "disease": "ampullary cancer"
        },
        "content": "Endoscopy is a procedure to examine the digestive system. It uses a long, thin tube with a tiny camera, called an endoscope. The endoscope passes down the throat, through the stomach and into the small intestine. It allows the healthcare team to see the ampulla of Vater. Special tools can pass through the endoscope to collect a sample of tissue for testing. Endoscopy also can be used to create images. For instance, endoscopic ultrasound may help capture images of ampullary cancer. Sometimes a dye is injected into the bile duct using endoscopy. This procedure is called endoscopic retrograde cholangiopancreatography. The dye shows up on X-rays. It can help look for blockages in the bile duct or pancreatic duct."
    },
    {
        "chunk_id": "349ee7eb-a4b8-40fc-b5e6-3ed59956a8fc",
        "metadata": {
            "category": "Diagnosis and Treatment",
            "sub_category": "Imaging tests",
            "disease": "ampullary cancer"
        },
        "content": "Imaging tests make pictures of the body. They can show the location and size of ampullary cancer. Imaging tests may help the healthcare team understand more about the cancer and determine whether it has spread beyond the ampulla of Vater. Imaging tests may include: Endoscopic ultrasound. Endoscopic retrograde cholangiopancreatography. Magnetic resonance cholangiopancreatography. CT scan."
    },
    {
        "chunk_id": "a35510c8-d3fc-4d6c-8bad-f87369f26d21",
        "metadata": {
            "category": "Diagnosis and Treatment",
            "sub_category": "Removing a sample of tissue for testing, called biopsy",
            "disease": "ampullary cancer"
        },
        "content": "A biopsy is a procedure to remove a sample of tissue for testing in a lab. The sample is tested in a lab to see if it is cancer. Other special tests give more details about the cancer cells. Healthcare teams use this information to make a treatment plan."
    },
    {
        "chunk_id": "cbd44244-8ecb-432f-8a1d-5cfe915b460a",
        "metadata": {
            "category": "Diagnosis and Treatment",
            "sub_category": "Treatment",
            "disease": "ampullary cancer"
        },
        "content": "Ampullary cancer treatment often starts with surgery to remove the cancer. Other treatments may include chemotherapy and radiation. These other treatments can be done before or after surgery. The best treatment for your ampullary cancer depends on several factors. These include the size of the cancer, your overall health and your preferences."
    },
    {
        "chunk_id": "db3acc55-6c74-420a-bd4a-4650995d4045",
        "metadata": {
            "category": "Diagnosis and Treatment",
            "sub_category": "Surgery",
            "disease": "ampullary cancer"
        },
        "content": "Surgery options may include: Surgery to remove the cancer and nearby structures. The Whipple procedure, also known as a pancreaticoduodenectomy, involves removing the cancer by removing the head of the pancreas. The surgeon also removes a portion of the small intestine, gallbladder and part of the bile duct. The Whipple procedure can be done using a large incision in the abdomen. It also can be done using several small incisions. Surgery for very small cancers. For very small ampullary cancers and precancerous tumors, it may be possible to remove the cancer with tools passed through an endoscope. This is called an endoscopic surgery. Surgery to place a stent. Sometimes the goal of surgery is to make you more comfortable. If you have jaundice, surgery may be used to place a small wire mesh tube, called a stent, in your bile ducts. This tube helps drain the fluid that causes a yellowing of the skin and eyes."
    },
    {
        "chunk_id": "8ff0816a-df18-4864-a9c9-52005dc11ddb",
        "metadata": {
            "category": "Diagnosis and Treatment",
            "sub_category": "Other treatments",
            "disease": "ampullary cancer"
        },
        "content": "Other treatments may be used, including: Combined chemotherapy and radiation. Chemotherapy treats cancer with strong medicines. Radiation therapy treats cancer with powerful energy beams. The energy can come from X-rays, protons or other sources. Used together, these treatments may be more effective for ampullary cancers.\nCombined chemotherapy and radiation may be used before surgery, to make it more likely that a cancer can be removed completely during an operation. The combined treatment also can be used after surgery to kill any cancer cells that might remain. Chemotherapy alone. Chemotherapy is sometimes used after surgery to kill cancer cells that might remain. In people with advanced ampullary cancer, chemotherapy may be used alone to slow the growth of the cancer. Targeted therapy. Targeted therapy uses medicines that attack specific chemicals in the cancer cells. By blocking these chemicals, targeted treatments can cause cancer cells to die. Targeted therapy is used to treat ampullary cancer that spreads to other parts of the body or comes back after treatment. It's only used in certain situations. Immunotherapy. Immunotherapy is a treatment with medicine that helps the immune system kill cancer cells. The immune system fights off diseases by attacking germs and other cells that shouldn't be in the body. Cancer cells survive by hiding from the immune system. Immunotherapy helps the immune system cells find and kill the cancer cells. It may be an option for treating ampullary cancer that spreads to other parts of the body or comes back after treatment. Immunotherapy is only used in certain situations."
    },
    {
        "chunk_id": "94c4fdb9-8861-437f-83a5-930e3733a152",
        "metadata": {
            "category": "Diagnosis and Treatment",
            "sub_category": "Palliative care",
            "disease": "ampullary cancer"
        },
        "content": "Palliative care is a special type of healthcare that helps you feel better when you have a serious illness. If you have cancer, palliative care can help relieve pain and other symptoms. A healthcare team that may include doctors, nurses and other specially trained health professionals provides palliative care. The care team's goal is to improve quality of life for you and your family. Palliative care specialists work with you, your family and your care team. They provide an extra layer of support while you have cancer treatment. You can have palliative care at the same time you're getting strong cancer treatments, such as surgery, chemotherapy or radiation therapy. The use of palliative care with other treatments can help people with cancer feel better and live longer."
    },
    {
        "chunk_id": "43632a85-12db-4d47-8477-f449f49d3945",
        "metadata": {
            "category": "Diagnosis and Treatment",
            "sub_category": "Clinical trials",
            "disease": "ampullary cancer"
        },
        "content": "Explore Mayo Clinic studies testing new treatments, interventions and tests as a means to prevent, detect, treat or manage this condition."
    },
    {
        "chunk_id": "9cd86910-416e-48c0-80d6-a4875002a5e9",
        "metadata": {
            "category": "Diagnosis and Treatment",
            "sub_category": "Coping and support",
            "disease": "ampullary cancer"
        },
        "content": "With time, you'll find what helps you cope with the uncertainty and distress of a cancer diagnosis. Until then, you may find it helps to: Learn enough about ampullary cancer to make decisions about your care. Ask your healthcare team about your cancer, including your test results, treatment options and, if you like, your prognosis. As you learn more about ampullary cancer, you may become more confident in making treatment decisions. Keep friends and family close. Keeping your close relationships strong will help you deal with your ampullary cancer. Friends and family can provide the practical support you'll need, such as helping take care of your home if you're in the hospital. And they can serve as emotional support when you feel overwhelmed by having cancer. Find someone to talk with. Find someone who is willing to listen to you talk about your hopes and fears. This may be a friend or family member. The concern and understanding of a counselor, medical social worker, clergy member or cancer support group also may be helpful.\nAsk your healthcare team about support groups in your area. Other sources of information include the National Cancer Institute and the American Cancer Society."
    },
    {
        "chunk_id": "0dae88ff-ed74-4e55-9fa2-c9813aceb3ee",
        "metadata": {
            "category": "Diagnosis and Treatment",
            "sub_category": "Preparing for your appointment",
            "disease": "ampullary cancer"
        },
        "content": "Make an appointment with a doctor or other healthcare professional if you have any symptoms that worry you. If your healthcare professional thinks you might have ampullary cancer, you may be referred to a specialist. This might be a doctor who specializes in treating diseases and conditions of the digestive system, called a gastroenterologist. If a cancer diagnosis is made, you also may be referred to a doctor who specializes in treating cancer. This doctor is called an oncologist. Because appointments can be brief, it's a good idea to be prepared. Here's some information to help you get ready."
    },
    {
        "chunk_id": "86f3b14f-74d0-4b94-9ef5-8aa10e505c75",
        "metadata": {
            "category": "Diagnosis and Treatment",
            "sub_category": "What you can do",
            "disease": "ampullary cancer"
        },
        "content": "Be aware of any pre-appointment restrictions. At the time you make the appointment, be sure to ask if there's anything you need to do in advance, such as restrict your diet. Write down symptoms you're experiencing, including any that may not seem related to the reason for which you scheduled the appointment. Write down key personal information, including major stresses or recent life changes. Make a list of all medicines, vitamins or supplements you're taking and the doses. Take a family member or friend along. Sometimes it can be difficult to remember all the information provided during an appointment. Someone who accompanies you may remember something that you missed or forgot. Write down questions to ask your healthcare team. Your time with your healthcare team is limited, so preparing a list of questions can help you make the most of your time together. List your questions from most important to least important in case time runs out. For ampullary cancer, some basic questions to ask include: What's likely causing my symptoms? Other than the most likely cause, what are other possible causes for my symptoms? What tests do I need? What's the best course of action? What are the alternatives to the primary approach you're suggesting? I have other health conditions. How can I best manage them together? Are there restrictions I need to follow? Should I see a specialist? Are there brochures or other printed material I can have? What websites do you recommend? Don't hesitate to ask other questions."
    },
    {
        "chunk_id": "f346cbbd-7562-4218-81e7-766d036b4abe",
        "metadata": {
            "category": "Diagnosis and Treatment",
            "sub_category": "What to expect from your doctor",
            "disease": "ampullary cancer"
        },
        "content": "Be prepared to answer questions, such as: When did your symptoms begin? Have your symptoms been continuous or occasional? How severe are your symptoms? What, if anything, seems to improve your symptoms? What, if anything, appears to worsen your symptoms?"
    }
]