[
    {
        "chunk_id": "4a38900c-b47e-4e8b-8e89-bf99537af3ff",
        "metadata": {
            "category": "Overview",
            "sub_category": "Overview",
            "disease": "amyotrophic lateral sclerosis"
        },
        "content": "Amyotrophic lateral sclerosis (a-my-o-TROE-fik LAT-ur-ul skluh-ROE-sis), known as ALS, is a nervous system disease that affects nerve cells in the brain and spinal cord. ALS causes loss of muscle control. The disease gets worse over time. ALS is often called Lou Gehrig's disease after the baseball player who was diagnosed with it. The exact cause of the disease is still not known. A small number of cases are inherited. ALS often begins with muscle twitching and weakness in an arm or leg, trouble swallowing or slurred speech. Eventually ALS affects control of the muscles needed to move, speak, eat and breathe. There is no cure for this fatal disease."
    },
    {
        "chunk_id": "e4f7ea08-d196-4def-a915-fac4e0c07174",
        "metadata": {
            "category": "Overview",
            "sub_category": "Symptoms",
            "disease": "amyotrophic lateral sclerosis"
        },
        "content": "Symptoms of ALS vary from person to person. Symptoms depend on which nerve cells are affected. ALS generally begins with muscle weakness that spreads and gets worse over time. Symptoms might include: Trouble walking or doing usual daily activities. Tripping and falling. Weakness in the legs, feet or ankles. Hand weakness or clumsiness. Slurred speech or trouble swallowing. Weakness associated with muscle cramps and twitching in the arms, shoulders and tongue. Untimely crying, laughing or yawning. Thinking or behavioral changes. ALS often starts in the hands, feet, arms or legs. Then it spreads to other parts of the body. Muscles get weaker as more nerve cells die. This eventually affects chewing, swallowing, speaking and breathing. There's generally no pain in the early stages of ALS. Pain also is not common in the later stages. ALS doesn't usually affect bladder control. It also usually doesn't affect the senses, including the ability to taste, smell, touch and hear."
    },
    {
        "chunk_id": "49a940b3-89a4-428e-bb8f-9f66b1ce715d",
        "metadata": {
            "category": "Overview",
            "sub_category": "Causes",
            "disease": "amyotrophic lateral sclerosis"
        },
        "content": "ALS affects the nerve cells that control voluntary muscle movements such as walking and talking. These nerve cells are called motor neurons. There are two groups of motor neurons. The first group extends from the brain to the spinal cord to muscles throughout the body. They're referred to as upper motor neurons. The second group extends from the spinal cord to muscles throughout the body. They're referred to as lower motor neurons. ALS causes both groups of motor neurons to gradually deteriorate and then die. When motor neurons are damaged, they stop sending messages to the muscles. As a result, the muscles can't function. For about 10% of people with ALS, a genetic cause can be identified. For the rest, the cause is not known. Researchers continue to study possible causes of ALS. Most theories center on a complex interaction between genes and factors in the environment."
    },
    {
        "chunk_id": "e36eda3e-5ac8-4e2a-beac-0955f916eb07",
        "metadata": {
            "category": "Overview",
            "sub_category": "Risk factors",
            "disease": "amyotrophic lateral sclerosis"
        },
        "content": "Established risk factors for ALS include: Genetics. For about 10% of people with ALS, a risk gene was passed down from a family member. This is called hereditary ALS. In most people with hereditary ALS, their children have a 50% chance of inheriting the gene. Age. Risk increases with age up to age 75. ALS is most common between the ages of 60 and the mid-80s. Sex. Before the age of 65, slightly more men than women develop ALS. This sex difference disappears after age 70. Environmental factors, such as the following, have been associated with an increased risk of ALS. Smoking. Evidence supports that smoking is an environmental risk factor for ALS. Women who smoke seem to be at even higher risk, particularly after menopause. Environmental toxin exposure. Some evidence suggests that exposure to lead or other substances in the workplace or at home might be linked to ALS. Much study has been done, but no one agent or chemical has been consistently associated with ALS. Military service. Studies indicate that people who have served in the military are at higher risk of ALS. It's not clear what about military service might trigger ALS. It might include exposure to certain metals or chemicals, traumatic injuries, viral infections, or intense exertion."
    },
    {
        "chunk_id": "46c9c28a-35a8-4975-b14e-8d50e30bd3a2",
        "metadata": {
            "category": "Overview",
            "sub_category": "Complications",
            "disease": "amyotrophic lateral sclerosis"
        },
        "content": "As the disease progresses, ALS causes complications, such as:"
    },
    {
        "chunk_id": "93d8ca0d-f648-45f2-b6a0-78783df782c9",
        "metadata": {
            "category": "Overview",
            "sub_category": "Breathing problems",
            "disease": "amyotrophic lateral sclerosis"
        },
        "content": "Over time, ALS leads to weakness of the muscles used to breathe. People with ALS might need a device such as a mask ventilator to help them breathe at night. The device is similar to what someone with sleep apnea might wear. This type of device supports the person's breathing through a mask worn over the nose, the mouth or both. Some people with advanced ALS choose to have a tracheostomy. This is a surgically created hole at the front of the neck leading to the windpipe. A ventilator may work better on a tracheostomy than on a mask. The most common cause of death for people with ALS is breathing failure. Half of people with ALS die within 14 to 18 months of diagnosis. However, some people with ALS live 10 years or longer."
    },
    {
        "chunk_id": "8debf3ad-f83c-490f-abdd-0c8713cd25b0",
        "metadata": {
            "category": "Overview",
            "sub_category": "Speaking problems",
            "disease": "amyotrophic lateral sclerosis"
        },
        "content": "Most people with ALS develop weakness of the muscles used to form speech. This usually starts with slower speech and occasional slurring of words. It then becomes harder to speak clearly. This can progress to the point that others can't understand the person's speech. Other forms of communication and technology are used to communicate."
    },
    {
        "chunk_id": "d55b8b9f-e63f-4a02-882c-1cd2520b535c",
        "metadata": {
            "category": "Overview",
            "sub_category": "Eating problems",
            "disease": "amyotrophic lateral sclerosis"
        },
        "content": "People with ALS can develop weakness of the muscles involved with swallowing. This can lead to malnutrition and dehydration. They are also at higher risk of getting food, liquids or saliva into the lungs, which can cause pneumonia. A feeding tube can reduce these risks and ensure proper hydration and nutrition."
    },
    {
        "chunk_id": "a6d6ec80-ca5d-430d-8acf-13b1c6dc1eff",
        "metadata": {
            "category": "Overview",
            "sub_category": "Dementia",
            "disease": "amyotrophic lateral sclerosis"
        },
        "content": "Some people with ALS have problems with language and decision-making. Some are eventually diagnosed with a form of dementia called frontotemporal dementia."
    },
    {
        "chunk_id": "c9436fc1-886d-4694-9244-f5cc31e0e1f7",
        "metadata": {
            "category": "Diagnosis and Treatment",
            "sub_category": "Diagnosis",
            "disease": "amyotrophic lateral sclerosis"
        },
        "content": "Amyotrophic lateral sclerosis, known as ALS, can be hard to diagnose early because it can have symptoms similar to other diseases. Tests to rule out other conditions or help diagnose ALS might include: Electromyogram (EMG). A needle is inserted through the skin into various muscles. The test records the electrical activity of the muscles when they contract and when they're at rest. This can determine if there is a problem with the muscles or nerves. Nerve conduction study. This study measures your nerves' ability to send impulses to muscles in different areas of the body. This test can determine if you have nerve damage. EMG and nerve conduction studies are almost always done together. MRI. Using radio waves and a powerful magnetic field, an MRI produces detailed images of the brain and spinal cord. An MRI can reveal spinal cord tumors, herniated disks in the neck or other conditions that might be causing your symptoms. The highest resolution cameras may sometimes see ALS changes themselves. Blood and urine tests. Analyzing samples of your blood and urine in the laboratory might help eliminate other possible causes of your symptoms. Serum neurofilament light levels, which are measured from blood samples, are generally high in people with ALS. The test can help make a diagnosis early in the disease. Spinal tap, known as a lumbar puncture. This involves removing a sample of spinal fluid for laboratory testing. Spinal fluid is removed using a small needle inserted between two bones in the lower back. The spinal fluid appears typical in people with ALS but may uncover another cause of symptoms. Muscle biopsy. If your health care provider believes you may have a muscle disease rather than ALS, you might undergo a muscle biopsy. While you're under local anesthesia, a small piece of muscle is removed and sent to a lab for analysis. Nerve biopsy. If your health care provider believes you may have a nerve disease rather than ALS, you might undergo a nerve biopsy. While you're under local anesthesia, a small piece of nerve is removed and sent to a lab for analysis."
    },
    {
        "chunk_id": "e6415f30-902b-4a61-adb6-dec68816b1e3",
        "metadata": {
            "category": "Diagnosis and Treatment",
            "sub_category": "Treatment",
            "disease": "amyotrophic lateral sclerosis"
        },
        "content": "Treatments can't reverse the damage of ALS, but they can slow the progression of symptoms. They also can help prevent complications and make you more comfortable and independent. You might need a team of health care providers and doctors trained in many areas to provide your care. The team works together to prolong your survival and improve your quality of life. Your team works to select the right treatments for you. You have the right to choose or refuse any of the treatments suggested."
    },
    {
        "chunk_id": "6a844746-8338-446a-9c64-9bf9033f97cd",
        "metadata": {
            "category": "Diagnosis and Treatment",
            "sub_category": "Medications",
            "disease": "amyotrophic lateral sclerosis"
        },
        "content": "The Food and Drug Administration has approved two medicines for treating ALS: Riluzole (Rilutek, Exservan, Tiglutik). Taken by mouth, this medicine can increase life expectancy by about 25%. It can cause side effects such as dizziness, gastrointestinal conditions and liver problems. Your health care provider typically monitors your liver function with periodic blood draws while you're taking the medicine. Edaravone (Radicava). This medicine may reduce the speed of decline in daily functioning. It's given through a vein in your arm or by mouth as a liquid. The effect on life span isn't yet known. Side effects can include bruising, headache and trouble walking. This medicine is given daily for two weeks each month. Your health care provider also might prescribe treatments for relief of other symptoms, including: Muscle cramps and spasms. Constipation. Fatigue. Excessive saliva and phlegm. Pain. Depression. Sleep problems. Uncontrolled outbursts of laughing or crying. An urgent need to urinate. Leg swelling."
    },
    {
        "chunk_id": "9dc8d081-4e71-442b-9fff-96144d58b026",
        "metadata": {
            "category": "Diagnosis and Treatment",
            "sub_category": "Therapies",
            "disease": "amyotrophic lateral sclerosis"
        },
        "content": "When ALS affects your ability to breathe, speak and move, therapies and other forms of support can help. Breathing care. Most people with ALS eventually have more trouble breathing as muscles weaken. Your health care provider might test your breathing regularly and provide devices known as mechanical ventilation to assist your breathing at night.\nYou might choose to use a ventilator with a mask that can easily be applied and removed. This is known as noninvasive ventilation. Some people eventually have surgery that creates a hole at the front of the neck leading to their windpipe. This is called a tracheostomy. A tube inserted into the hole connects to a respirator to help them breathe. Sometimes people with ALS who have a tracheostomy also have a type of surgery called a laryngectomy. This surgery prevents food from entering the lungs. Physical therapy. A physical therapist can address pain, walking, mobility, bracing and equipment needs that help you stay independent. Practicing low-impact exercises can help maintain your cardiovascular fitness, muscle strength and range of motion for as long as possible.\nRegular exercise also can help improve your sense of well-being. Appropriate stretching can help prevent pain and help your muscles function at their best.\nA physical therapist also can help you overcome weakness by using a brace, walker or wheelchair. The therapist might suggest devices such as ramps that make it easier for you to get around. Occupational therapy. An occupational therapist can help you find ways to remain independent despite hand and arm weakness. Adaptive equipment can help you perform activities such as dressing, grooming, eating and bathing.\nAn occupational therapist also can help you modify your home to allow accessibility if you have trouble walking safely. Speech therapy. A speech therapist can teach you adaptive techniques to make your speech more understandable. Speech therapists also can help you find other ways to communicate. These may include using a smart phone app, alphabet board, or pen and paper.\nAsk your therapist about the possibility of recording your own voice to be used by a text-to-speech application. Nutritional support. Your team typically works with you and your family members to ensure you are eating foods that are easier to swallow and meet your nutritional needs. You might choose to have a feeding tube placed when it becomes too hard to swallow. Psychological and social support. Your team might include a social worker to help with financial issues, insurance, and getting equipment and paying for devices you need. Psychologists, social workers and others may provide emotional support for you and your family."
    },
    {
        "chunk_id": "43b6c9e2-a75f-449c-ba5b-8bf9cbaa011e",
        "metadata": {
            "category": "Diagnosis and Treatment",
            "sub_category": "Potential future treatments",
            "disease": "amyotrophic lateral sclerosis"
        },
        "content": "Based on the current understanding of ALS, researchers are conducting clinical studies on promising medicines and treatments."
    },
    {
        "chunk_id": "7a6ff774-57e9-4ca4-becd-76c460e963a8",
        "metadata": {
            "category": "Diagnosis and Treatment",
            "sub_category": "Clinical trials",
            "disease": "amyotrophic lateral sclerosis"
        },
        "content": "Explore Mayo Clinic studies testing new treatments, interventions and tests as a means to prevent, detect, treat or manage this condition."
    },
    {
        "chunk_id": "3401ecbf-b8bc-4d42-9aa3-ad5d752a1223",
        "metadata": {
            "category": "Diagnosis and Treatment",
            "sub_category": "Coping and support",
            "disease": "amyotrophic lateral sclerosis"
        },
        "content": "Learning you have ALS can be devastating. The following tips may help you and your family cope: Take time to grieve. The news that you have a fatal condition that reduces your mobility and independence is hard to hear. You and your family may go through a period of mourning and grief after diagnosis. Be hopeful. Your team can help you focus on your abilities and healthy living. Some people with ALS live much longer than the 3 to 5 years usually associated with this condition. Some live 10 years or more. Maintaining an optimistic outlook can help improve quality of life for people with ALS. Think beyond the physical changes. Many people with ALS lead rewarding lives despite physical limitations. Try to think of ALS as only one part of your life, not your entire identity. Join a support group. You might find comfort in a support group with others who have ALS. Loved ones helping with your care might benefit from a support group of other ALS caregivers. Find support groups in your area by talking to your doctor or by contacting the ALS Association. Make decisions now about your future medical care. Planning for the future allows you to be in control of decisions about your life and your care. It also lessens the burden for your loved ones. With the help of your health care provider, hospice nurse or social worker, you can decide whether you want certain life-extending procedures.\nYou also can decide where you want to spend your final days. You might consider hospice care options. Planning for the future can help you and your loved ones calm anxieties. Considering getting involved in ALS research. ALS research is working toward finding a cure for ALS. Consider joining a clinical trial, providing samples for research and joining the National ALS Registry. The registry is open to all people with ALS. Many institutions collect samples for research to better understand the disease."
    },
    {
        "chunk_id": "bd35d23b-dc69-4f2f-8ad6-de9175fe385e",
        "metadata": {
            "category": "Diagnosis and Treatment",
            "sub_category": "Preparing for your appointment",
            "disease": "amyotrophic lateral sclerosis"
        },
        "content": "Your primary care provider may be the first to recognize the symptoms of ALS. Your provider will likely refer you to a doctor trained in nervous system conditions, known as a neurologist, to establish a diagnosis."
    },
    {
        "chunk_id": "1c02706b-ff72-4578-ae58-256bf7890272",
        "metadata": {
            "category": "Diagnosis and Treatment",
            "sub_category": "What you can do",
            "disease": "amyotrophic lateral sclerosis"
        },
        "content": "You might need many tests to diagnose your condition. The diagnosis process can be stressful and frustrating. These strategies might give you a greater sense of control. Keep a symptom diary. Before you see a neurologist, start using a calendar or notebook to jot down when and how you notice symptoms. Record information about your problems with walking, hand coordination, speech, swallowing or involuntary muscle movements. Your notes might show a pattern that's helpful for your diagnosis. Find a neurologist and care team. An integrated care team led by your neurologist usually is most appropriate for ALS care. Your team typically communicates with each other and is familiar with your needs."
    },
    {
        "chunk_id": "ea04574a-0bb4-490c-a7dc-aa1da3dd8bf5",
        "metadata": {
            "category": "Diagnosis and Treatment",
            "sub_category": "What to expect from your doctor",
            "disease": "amyotrophic lateral sclerosis"
        },
        "content": "Your primary care provider will likely review your family's medical history and your symptoms. Your neurologist and your primary care provider might conduct a physical and neurological exam. This might include testing your: Reflexes. Muscle strength. Muscle tone. Senses of touch and sight. Coordination. Balance."
    }
]