[
    {
        "chunk_id": "8b4d03b7-ab8b-41b0-a4f4-ab028429b8e1",
        "metadata": {
            "category": "Overview",
            "sub_category": "Overview",
            "disease": "arteriosclerosis atherosclerosis"
        },
        "content": "Arteriosclerosis and atherosclerosis are sometimes used to mean the same thing. But there's a difference between the two terms. Arteriosclerosis happens when the blood vessels that carry oxygen and nutrients from the heart to the rest of the body become thick and stiff. These blood vessels are called arteries. Healthy arteries are flexible and elastic. But over time, the walls in the arteries can harden, a condition commonly called hardening of the arteries. Atherosclerosis is a specific type of arteriosclerosis. Atherosclerosis is the buildup of fats, cholesterol and other substances in and on the artery walls. This buildup is called plaque. The plaque can cause arteries to narrow, blocking blood flow. The plaque also can burst, leading to a blood clot. Although atherosclerosis is often considered a heart condition, it can affect arteries anywhere in the body. Atherosclerosis can be treated. Healthy lifestyle habits can help prevent atherosclerosis."
    },
    {
        "chunk_id": "53388c3c-54e3-4e43-866a-fd613df9556a",
        "metadata": {
            "category": "Overview",
            "sub_category": "Symptoms",
            "disease": "arteriosclerosis atherosclerosis"
        },
        "content": "Mild atherosclerosis usually doesn't cause symptoms. Atherosclerosis symptoms usually don't happen until an artery is so narrowed or clogged that it can't send enough blood to organs and tissues. Sometimes a blood clot completely blocks blood flow. The clot may break apart. If this happens, it may cause a heart attack or stroke. Symptoms of moderate to severe atherosclerosis depend on which arteries are affected. For example, if you have atherosclerosis: In your heart arteries, you may have chest pain or pressure, called angina. In the arteries leading to your brain, you may have sudden numbness or weakness in your arms or legs, trouble speaking, slurred speech, sudden or temporary loss of vision in one eye, or drooping muscles in your face. These are symptoms of a transient ischemic attack (TIA). Untreated, a TIA can lead to a stroke. In the arteries in your arms and legs, you may have leg pain when walking, called claudication. This is a symptom of peripheral artery disease (PAD). You also might have lower blood pressure in the affected arm or leg. In the arteries leading to your kidneys, you may get high blood pressure or kidney failure."
    },
    {
        "chunk_id": "48d7439d-de83-4641-8b30-7208d4c037ec",
        "metadata": {
            "category": "Overview",
            "sub_category": "When to see a doctor",
            "disease": "arteriosclerosis atherosclerosis"
        },
        "content": "If you think you have atherosclerosis, make an appointment for a health checkup. Early diagnosis and treatment can stop atherosclerosis from getting worse. Treatment may prevent a heart attack, stroke or another medical emergency. Get emergency medical help if you have chest pain or symptoms of transient ischemic attack or stroke such as: Sudden numbness or weakness in the arms or legs. Trouble speaking. Slurred speech. Sudden or temporary loss of vision in one eye. Drooping face muscles."
    },
    {
        "chunk_id": "4f2630c5-f688-43aa-b4dc-baf7ec558631",
        "metadata": {
            "category": "Overview",
            "sub_category": "Causes",
            "disease": "arteriosclerosis atherosclerosis"
        },
        "content": "Atherosclerosis is a disease that slowly gets worse. It may begin as early as childhood. The exact cause is not known. It may start with damage or injury to the inner layer of an artery. Artery damage may be caused by: High blood pressure. High cholesterol. High triglycerides, a type of fat in the blood. Smoking or other tobacco use. Diabetes. Insulin resistance. Obesity. Inflammation from an unknown cause or from diseases such as arthritis, lupus, psoriasis or inflammatory bowel disease. Once the inner wall of an artery is damaged, blood cells and other substances may collect at the injury site. These substances build up in the inner lining of the artery. Over time, fats, cholesterol and other substances also collect on and in the walls of the heart arteries. This buildup is called plaque. Plaque can cause the arteries to narrow. Narrowed arteries can block blood flow. The plaque also can burst, leading to a blood clot."
    },
    {
        "chunk_id": "7e0d19cd-93cb-43ff-a144-9de2a755b75a",
        "metadata": {
            "category": "Overview",
            "sub_category": "Risk factors",
            "disease": "arteriosclerosis atherosclerosis"
        },
        "content": "Risk factors for atherosclerosis that you can't control include: Aging. A family history of early heart disease or stroke. Changes in genes that make atherosclerosis more likely. Having inflammatory conditions such as lupus, inflammatory bowel disease or psoriasis. Risk factors for atherosclerosis that you may be able to control include: An unhealthy diet. Diabetes. High blood pressure. High cholesterol. Lack of exercise. Obesity. Sleep apnea. Smoking and other tobacco use."
    },
    {
        "chunk_id": "95372493-0e8a-498b-8665-38fa01086ae7",
        "metadata": {
            "category": "Overview",
            "sub_category": "Complications",
            "disease": "arteriosclerosis atherosclerosis"
        },
        "content": "The complications of atherosclerosis depend on which arteries are narrowed or blocked. For example: Coronary artery disease. Atherosclerosis in the arteries close to the heart can lead to coronary artery disease. This may cause chest pain, a heart attack or heart failure. Carotid artery disease. This is atherosclerosis in the arteries close to the brain. Complications include a transient ischemic attack (TIA) or stroke. Peripheral artery disease. This is atherosclerosis in the arteries in the arms or legs. Complications include blocked or changed blood flow in the affected areas. Rarely, the lack of blood flow may cause tissue death, called gangrene. Aneurysms. Sometimes atherosclerosis can form a bulge in the wall of an artery. This is called an aneurysm. An aneurysm can occur anywhere in the body. Most people with aneurysms have no symptoms. If an aneurysm bursts, it can cause life-threatening bleeding inside the body. Chronic kidney disease. Atherosclerosis can cause the arteries leading to the kidneys to narrow. This prevents the kidneys from getting enough oxygen-rich blood. The kidneys need the blood flow to help remove fluids and waste products from the body."
    },
    {
        "chunk_id": "a01ea486-ab34-474b-9144-4a4f6f835534",
        "metadata": {
            "category": "Overview",
            "sub_category": "Prevention",
            "disease": "arteriosclerosis atherosclerosis"
        },
        "content": "The same healthy lifestyle changes recommended to treat atherosclerosis also help prevent it. These lifestyle changes can help keep the arteries healthy: Do not smoke or use tobacco. Eat nutritious foods. Get regular exercise and keep an active lifestyle. Keep a healthy weight. Control blood pressure, blood sugar and cholesterol."
    },
    {
        "chunk_id": "0f1b42ec-8525-498b-9e8f-8137d2fe5dca",
        "metadata": {
            "category": "Diagnosis and Treatment",
            "sub_category": "Diagnosis",
            "disease": "arteriosclerosis atherosclerosis"
        },
        "content": "To diagnose atherosclerosis, your healthcare professional examines you and listens to your heart. You usually are asked questions about your symptoms and your family health history. You may be sent to a doctor trained in heart diseases, called a cardiologist. Your healthcare professional may hear a whooshing sound when listening to your heart with a stethoscope."
    },
    {
        "chunk_id": "310fd044-364e-4672-b328-2c067d4fcb72",
        "metadata": {
            "category": "Diagnosis and Treatment",
            "sub_category": "Tests",
            "disease": "arteriosclerosis atherosclerosis"
        },
        "content": "Tests may be done to check the health of your heart and arteries. Tests can help diagnose atherosclerosis and find the cause. Blood tests. Blood tests can check blood sugar and cholesterol levels. High levels of blood sugar and cholesterol raise the risk of atherosclerosis. A C-reactive protein (CRP) test also may be done to check for a protein linked to inflammation of the arteries. Electrocardiogram (ECG or EKG). This quick and painless test measures the electrical activity of the heart. During an ECG, sticky patches with sensors on them attach to the chest and sometimes to the arms or legs. Wires connect the sensors to a machine, which displays or prints the results. An ECG can show if there's reduced blood flow to the heart. Exercise stress tests. These tests often involve walking on a treadmill or riding a stationary bike while the heart's activity is watched. Because exercise makes the heart pump harder and faster than it does during most daily activities, an exercise stress test can show heart conditions that might otherwise be missed. If you can't exercise, you may get medicine that affects the heart like exercise does. Echocardiogram. This test uses sound waves to show blood flow through the heart. It also shows the size and shape of the structures of the heart. Sometimes an echocardiogram is done during an exercise stress test. Doppler ultrasound. A healthcare professional may use a special ultrasound device to check blood flow at different points in your body. The test results show the speed of blood flow in the arteries. This can reveal any narrowed areas. Ankle-brachial index (ABI). This test compares the blood pressure in the ankle with that in the arm. It's done to check for atherosclerosis in the arteries in the legs and feet. A difference between the ankle and arm measurements may be due to peripheral artery disease. Cardiac catheterization and angiogram. This test can show if the coronary arteries are narrowed or blocked. A doctor places a long, thin flexible tube in a blood vessel, usually in the groin or wrist, and guides it to the heart. Dye flows through the catheter to arteries in the heart. The dye helps the arteries show up more clearly on images taken during the test. Coronary calcium scan, also called a heart scan. This test uses computerized tomography (CT) imaging to look for calcium deposits in the artery walls. A coronary calcium scan may show coronary artery disease before you have symptoms. Results of the test are given as a score. The higher the calcium score, the higher the risk of heart attacks. Other imaging tests. Magnetic resonance angiography (MRA) or positron emission tomography (PET) also may be used to study the arteries. These tests can show hardening and narrowing of large arteries, as well as aneurysms."
    },
    {
        "chunk_id": "40aeecef-1703-452e-a8ae-4e4eb7592f6e",
        "metadata": {
            "category": "Diagnosis and Treatment",
            "sub_category": "Treatment",
            "disease": "arteriosclerosis atherosclerosis"
        },
        "content": "Treatment of atherosclerosis may include: Lifestyle changes, such as eating a healthy diet and getting more exercise. Medicines. Heart procedure. Heart surgery. For some people, lifestyle changes may be the only treatment needed for atherosclerosis."
    },
    {
        "chunk_id": "0643dbd1-9744-4fe2-aa82-cb0b25f5b83d",
        "metadata": {
            "category": "Diagnosis and Treatment",
            "sub_category": "Medications",
            "disease": "arteriosclerosis atherosclerosis"
        },
        "content": "Many different medicines can slow — or even reverse — the effects of atherosclerosis. Medicines to treat atherosclerosis may include: Statins and other cholesterol medicines. These medicines can help lower low-density lipoprotein (LDL) cholesterol, also called the \"bad\" cholesterol. The medicines also can reduce plaque buildup. Some cholesterol medicines even can reverse the buildup of fatty deposits in the arteries.\nStatins are a common type of cholesterol medicine. Other types include niacin, fibrates and bile acid sequestrants. You may need more than one type of cholesterol medicine. Aspirin. Aspirin helps thin the blood and prevent blood clots. Daily low-dose aspirin therapy may be recommended for the primary prevention of heart attack or stroke in certain people. Primary prevention means you've never had a heart attack or stroke. You've never had coronary bypass surgery or coronary angioplasty with stent placement. You've never had blocked arteries in your neck, legs or other parts of the body. But you take a daily aspirin to prevent such heart events. The benefit of aspirin for this use has been debated. Don't start taking a daily aspirin without talking to a healthcare professional. Blood pressure medicine. Medicines to lower blood pressure don't help reverse atherosclerosis. Instead they prevent or treat complications related to the disease. For example, some blood pressure medicines can help reduce the risk of a heart attack. Other medicines. Medicines may be used to control other conditions that raise the risk of atherosclerosis. Diabetes is one example. Medicines also may be given to treat specific symptoms of atherosclerosis, such as leg pain during exercise. Fibrinolytic therapy. If a clot in an artery is blocking blood flow, your healthcare professional may use a clot-dissolving medicine to break it apart. This therapy is generally used in emergency situations."
    },
    {
        "chunk_id": "ba3192df-3c27-4fc2-a9ff-1e1b73e5373c",
        "metadata": {
            "category": "Diagnosis and Treatment",
            "sub_category": "Surgery or other procedures",
            "disease": "arteriosclerosis atherosclerosis"
        },
        "content": "If atherosclerosis causes a severe blockage in an artery, you may need a procedure or surgery to treat it. Surgery or procedures for atherosclerosis may include: Angioplasty and stent placement, also called percutaneous coronary intervention. This treatment helps open a clogged or blocked artery. A doctor guides a thin, flexible tube called a catheter to the narrowed part of the artery. A tiny balloon is inflated to help widen the blocked artery and improve blood flow. A small wire mesh tube called a stent may be used to keep the artery open. Some stents slowly release medicine to help keep the arteries open. Endarterectomy. This is surgery to remove fatty buildup from the walls of a narrowed artery. When the treatment is done on arteries in the neck, it's called a carotid endarterectomy. Coronary artery bypass graft (CABG) surgery. A surgeon takes a healthy blood vessel from another part of the body to create a new path for blood in the heart. The blood then goes around the blocked or narrowed coronary artery. CABG is an open-heart surgery. It's usually done only in people who have many narrowed heart arteries."
    },
    {
        "chunk_id": "54b56c78-d9f0-4932-9ed5-309d3f6f1cfb",
        "metadata": {
            "category": "Diagnosis and Treatment",
            "sub_category": "Clinical trials",
            "disease": "arteriosclerosis atherosclerosis"
        },
        "content": "Explore Mayo Clinic studies testing new treatments, interventions and tests as a means to prevent, detect, treat or manage this condition."
    },
    {
        "chunk_id": "cbaba5e8-4d46-4705-9fb3-27fdc06e8a4a",
        "metadata": {
            "category": "Diagnosis and Treatment",
            "sub_category": "Lifestyle and home remedies",
            "disease": "arteriosclerosis atherosclerosis"
        },
        "content": "Lifestyle changes can help keep the arteries healthy. They also can prevent or slow atherosclerosis. The American Heart Association recommends these eight heart-healthy tips: Don't smoke, vape or use tobacco. Also stay away from cigarette smoke. Smoking damages the arteries. Smoking is a major risk factor for coronary artery disease. Nicotine tightens blood vessels and forces the heart to work harder. Not smoking is one of the best ways to lower the risk of atherosclerosis complications, such as a heart attack. Get regular exercise. Staying active keeps the body healthy. Exercise at least 30 minutes a day on most days of the week. Talk with your healthcare team about the amount and type of exercise that's best for you. Keep a healthy weight. Being overweight increases the risk of coronary artery disease, which is caused by atherosclerosis. Losing even a small amount of weight can help reduce the risk. Ask your healthcare professional what weight is best for you. Eat healthy foods. Choose fruits, vegetables and whole grains. Limit salt and saturated fats. Read nutrition labels to check the amount of salt and fat. Manage stress. Find ways to help reduce stress. Some ideas are to get more exercise, practice mindfulness and connect with others in support groups. Or try yoga or deep breathing. These relaxation practices can temporarily lower blood pressure, reducing the risk of developing atherosclerosis. Control blood pressure, blood sugar and cholesterol. Make lifestyle changes and take medicines as directed. Get regular health checkups. Limit alcohol. If you choose to drink alcohol, do so in moderation. For healthy adults, that means up to one drink a day for women and up to two drinks a day for men. Get good sleep. Poor sleep may increase the risk of heart disease and other health conditions. Adults should aim for 7 to 9 hours daily."
    },
    {
        "chunk_id": "984ae30f-0500-409e-8379-c39a4a9bbcfe",
        "metadata": {
            "category": "Diagnosis and Treatment",
            "sub_category": "Alternative medicine",
            "disease": "arteriosclerosis atherosclerosis"
        },
        "content": "Some foods and herbal supplements may help lower cholesterol and blood pressure. Those two conditions are major risk factors for developing atherosclerosis. Possible alternative medicine products for atherosclerosis include: Alpha-linolenic acid. Barley. Beta-sitosterol, found in supplements and added to some margarines. Blond psyllium, found in seed husk and some fiber supplements. Cocoa. Fish oil. Garlic. Green tea. Oat bran, found in oatmeal and whole oats. Sitostanol, found in supplements and added to some margarines. Talk to your healthcare professional before adding supplements to your atherosclerosis treatment. Some supplements change the way medicines for atherosclerosis work. This could cause harmful side effects."
    },
    {
        "chunk_id": "5589a931-a0d8-4275-8f0d-6b35c9536863",
        "metadata": {
            "category": "Diagnosis and Treatment",
            "sub_category": "Preparing for your appointment",
            "disease": "arteriosclerosis atherosclerosis"
        },
        "content": "If you think you may have atherosclerosis or if you have a family history of heart disease, make an appointment for a health checkup. Ask if you need a cholesterol test. Here's some information to help you get ready for your appointment."
    },
    {
        "chunk_id": "26b0ca81-6b9f-40c4-95cd-4abe94d1a0e9",
        "metadata": {
            "category": "Diagnosis and Treatment",
            "sub_category": "What you can do",
            "disease": "arteriosclerosis atherosclerosis"
        },
        "content": "Be aware of any pre-appointment restrictions. When you make the appointment, ask whether there's anything you need to do before your visit. For example, you may be told not to eat or drink for a few hours before a cholesterol test. Write down any symptoms. Include those that may not seem related to atherosclerosis. Always tell your healthcare team if you have symptoms such as chest pains or shortness of breath. Such information helps guide treatment. Write down important personal information. Include if you have a family history of high cholesterol, heart disease, stroke, high blood pressure or diabetes. Also note if you have had any major stresses or recent life changes. Make a list of all medicines, vitamins or supplements that you take. Include dosages. Take someone along, if possible. Someone who goes with you may remember something that you missed or forgot. Be prepared to talk about your food and exercise habits. If you don't already eat healthy or exercise, your healthcare team can give you tips on how to get started. Write down questions to ask your healthcare professional. For atherosclerosis, some basic questions to ask your healthcare professional are: What tests will I need? What's the best treatment? What foods should I eat or not eat? What's an appropriate level of exercise? How often do I need a cholesterol test? What are the options to the primary treatment you're suggesting? Is there a generic option to the medicine you're prescribing? I have other health conditions. How can I best manage them together? Should I see a specialist? Are there brochures or other printed material that I can take with me? What websites do you recommend? Don't hesitate to ask any other questions."
    },
    {
        "chunk_id": "c7dc4065-61a3-4200-97c2-20cc573471f7",
        "metadata": {
            "category": "Diagnosis and Treatment",
            "sub_category": "What to expect from your doctor",
            "disease": "arteriosclerosis atherosclerosis"
        },
        "content": "Your healthcare team is likely to ask many questions, including: Do you have a family history of high cholesterol, high blood pressure or heart disease? What are your diet and exercise habits like? Do you or did you smoke or use tobacco in any form? Do you have chest pain or discomfort or pain in your legs with walking or at rest? Have you had a stroke or unexplained numbness, tingling or weakness of one side of your body, or difficulty speaking?"
    },
    {
        "chunk_id": "6117525e-b003-49e0-bcd1-50dfca1536a7",
        "metadata": {
            "category": "Diagnosis and Treatment",
            "sub_category": "What you can do in the meantime",
            "disease": "arteriosclerosis atherosclerosis"
        },
        "content": "It's never too early to make healthy lifestyle changes. Eat healthy, be active, get more exercise and don't smoke or vape. These are simple ways to protect yourself against atherosclerosis and its complications, including heart attack and stroke."
    }
]