[
    {
        "chunk_id": "04db0c77-973e-43c9-8316-9dc3250d8e22",
        "metadata": {
            "category": "Overview",
            "sub_category": "Overview",
            "disease": "castleman disease"
        },
        "content": "Castleman disease is a group of rare disorders that involves lymph nodes that get bigger, called enlarged lymph nodes, and a wide range of symptoms. The most common form of the disorder involves a single enlarged lymph node. This lymph node is usually in the chest or neck, but it can occur in other areas of the body as well. This form of the disorder is called unicentric Castleman disease (UCD). Multicentric Castleman disease (MCD) involves multiple regions of enlarged lymph nodes, inflammatory symptoms and problems with organ function. There are three types of MCD: HHV-8-associated MCD. This type is linked to human herpes virus type 8, called HHV-8, and human immunodeficiency virus (HIV). Idiopathic MCD. The cause of this type is unknown. This also is called HHV-8-negative MCD.\nThe most serious form of this type of MCD is known as iMCD-TAFRO. This condition gets its name from the symptoms it causes. POEMS-associated MCD. This type is linked to another condition called POEMS syndrome. POEMS syndrome is a rare blood disorder that damages nerves and affects other parts of the body. Sometimes, people may have 2-3 enlarged lymph nodes and mild symptoms that do not meet the diagnostic criteria for MCD. These people may have another disease, or they may have the recently described subtype of Castleman disease called oligocentric Castleman disease. This subtype is rare. Treatment and outlook vary depending on the type of Castleman disease you have. Unicentric Castleman disease, which is the type that involves only one enlarged lymph node, can usually be successfully treated with surgery. The best treatment for oligocentric Castleman disease, which involves a few enlarged lymph nodes and has limited symptoms, is not known but is thought to be similar to the treatment for unicentric Castleman disease. While not all people with MCD respond to the first treatment, there are medicines that work to treat HHV-8-associated MCD and idiopathic MCD."
    },
    {
        "chunk_id": "6d0d51e6-9ea0-4cec-a3f2-1fc6bb9537ed",
        "metadata": {
            "category": "Overview",
            "sub_category": "Symptoms",
            "disease": "castleman disease"
        },
        "content": "Many people with unicentric Castleman disease don't notice any signs or symptoms. The enlarged lymph node may be found during a physical exam or an imaging test for a different problem. Some people with unicentric Castleman disease might have signs and symptoms that are more often seen in multicentric Castleman disease. These may include:"
    },
    {
        "chunk_id": "1a7ff9b0-0a22-4c9d-b89b-83d0a3ab28fe",
        "metadata": {
            "category": "Overview",
            "sub_category": "Body symptoms",
            "disease": "castleman disease"
        },
        "content": "Fever. Weight loss that happens without trying. Fatigue. Night sweats. Swelling. Enlarged liver or spleen."
    },
    {
        "chunk_id": "8d372850-ce93-4160-b714-9ed56857e3b1",
        "metadata": {
            "category": "Overview",
            "sub_category": "Blood symptoms",
            "disease": "castleman disease"
        },
        "content": "Low red blood cell count, also called anemia. High or low platelet counts. Higher creatinine levels that happen because the kidneys don't work properly. Higher levels of antibodies known as immunoglobulins. Low levels of a blood protein called albumin. Symptoms of the more serious form of idiopathic MCD called iMCD-TAFRO are: Low platelet count, also called thrombocytopenia. Swelling and fluid in the body, known as anasarca. Fever or a higher level of C-reactive protein, a marker of inflammation. Reticulin fibrosis, which is checked by taking a sample of bone marrow. Organ swelling, also called organomegaly."
    },
    {
        "chunk_id": "3cb7cb8c-b40b-43d7-bd53-a62b41b71a7e",
        "metadata": {
            "category": "Overview",
            "sub_category": "When to see a doctor",
            "disease": "castleman disease"
        },
        "content": "If you notice an enlarged lymph node on the side of your neck or in your underarm, collarbone or groin area, talk with your healthcare professional. Also call your care team if you have a lasting feeling of fullness in your chest or abdomen, fever, fatigue, or weight loss that you can't explain."
    },
    {
        "chunk_id": "88fe7975-3d92-42bd-939e-f3fdb7b0a938",
        "metadata": {
            "category": "Overview",
            "sub_category": "Causes",
            "disease": "castleman disease"
        },
        "content": "It's not clear what causes unicentric Castleman disease or idiopathic multicentric Castleman disease (MCD). However, HHV-8-positive MCD is known to occur in people who don't have typical function in their immune systems because of HIV or other causes."
    },
    {
        "chunk_id": "8d7b54bf-033b-4c35-8f8b-51de2d7064a0",
        "metadata": {
            "category": "Overview",
            "sub_category": "Risk factors",
            "disease": "castleman disease"
        },
        "content": "Castleman disease can affect people of any age or gender. People usually are diagnosed with Castleman disease during midlife, but it can happen at any age, including during childhood. There are no known risk factors for unicentric Castleman disease or idiopathic multicentric Castleman disease. Infection with HIV or having a condition that decreases how well the immune system works raises the risk of having HHV-8-positive multicentric Castleman disease."
    },
    {
        "chunk_id": "33e3f973-abed-4dd9-a912-3cbf3bb509f6",
        "metadata": {
            "category": "Overview",
            "sub_category": "Complications",
            "disease": "castleman disease"
        },
        "content": "People with unicentric Castleman disease (UCD) usually do well once the affected lymph node is removed, and life expectancy is usually not changed. But they are at increased risk of developing a rare autoimmune condition called paraneoplastic pemphigus. This condition can be life-threatening. Paraneoplastic pemphigus causes blisters in the mouth and on the skin that are often misdiagnosed. Though the risk of developing paraneoplastic pemphigus is low, being checked for this condition is important if you have UCD. Idiopathic multicentric Castleman disease can rapidly get worse to involve life-threatening problems with organ function. This requires critical care with a machine that helps with breathing, called a ventilator, and treatments that help with organs function, such as dialysis and transfusions. HHV-8-positive multicentric Castleman disease may involve life-threatening infections and organ failure. People who also have HIV/AIDS generally have worse outcomes."
    },
    {
        "chunk_id": "ad9005bc-1004-44ae-9789-ca3ea57d50bd",
        "metadata": {
            "category": "Diagnosis and Treatment",
            "sub_category": "Diagnosis",
            "disease": "castleman disease"
        },
        "content": "After reviewing your medical history and doing a detailed physical exam, your healthcare professional may recommend: Blood and urine tests. These help rule out other infections or diseases. These tests also can find anemia and changes in blood proteins that can be typical of Castleman disease. Imaging tests. These tests can find enlarged lymph nodes or an enlarged liver or spleen. A CT scan of the neck, chest, abdomen and pelvis may be used. A positron emission tomography scan, also known as a PET scan, may be used to diagnose Castleman disease. PET scans also can show whether a treatment is working. Lymph node biopsy. This test is essential to diagnose Castleman disease and rule out related disorders, such as lymphoma. In a biopsy, a tissue sample from an enlarged lymph node is removed and looked at in a laboratory."
    },
    {
        "chunk_id": "ce1ffe57-5828-474e-ac6c-4170f47cf29b",
        "metadata": {
            "category": "Diagnosis and Treatment",
            "sub_category": "Treatment",
            "disease": "castleman disease"
        },
        "content": "Treatment depends on the type of Castleman disease you have."
    },
    {
        "chunk_id": "95a6136b-47ad-41b6-97b7-9607c9594f12",
        "metadata": {
            "category": "Diagnosis and Treatment",
            "sub_category": "Unicentric Castleman disease",
            "disease": "castleman disease"
        },
        "content": "Surgery to remove the affected lymph node is the usual treatment for unicentric Castleman disease (UCD). If the lymph node is in the chest or abdomen, major surgery may be needed. Surgery to remove the enlarged lymph node usually cures UCD. However, UCD sometimes comes back. If surgery is not possible, you may need medicines typically used for multicentric Castleman disease. If medicines don't work, radiation therapy may be an option. More research into the treatment of oligocentric Castleman disease is needed, but treatment is usually similar to that of UCD. You'll likely need follow-up exams, including imaging and laboratory tests, to check that the disease hasn't come back."
    },
    {
        "chunk_id": "efba75ff-5e1c-4cec-8242-0fc10e52cb91",
        "metadata": {
            "category": "Diagnosis and Treatment",
            "sub_category": "HHV-8-positive multicentric Castleman disease",
            "disease": "castleman disease"
        },
        "content": "Rituximab (Rituxan) is usually the first treatment for HHV-8-positive MCD. Rituximab is highly effective, but sometimes medicines called antivirals and chemotherapies are needed. Antiviral medicines can block the activity of HHV-8 or HIV, and chemotherapies can get rid of extra immune cells."
    },
    {
        "chunk_id": "3be5a930-b8cd-45b9-9397-dc2fc7c97d2f",
        "metadata": {
            "category": "Diagnosis and Treatment",
            "sub_category": "Idiopathic multicentric Castleman disease",
            "disease": "castleman disease"
        },
        "content": "Siltuximab (Sylvant) is usually the first treatment for idiopathic MCD. In the U.S., siltuximab is the only medicine approved by the Food and Drug Administration (FDA) for the treatment of idiopathic MCD. People who get better after taking siltuximab tend to have successful long-term treatment. This drug blocks the action of a protein called interleukin-6. The bodies of people who have idiopathic MCD produce too much of this protein. People who are critically ill with idiopathic MCD often receive treatment with medicines called corticosteroids. They also may need chemotherapy. Corticosteroids such as prednisone can help control inflammation. Chemotherapy can get rid of immune cells that are causing problems. When siltuximab doesn't work, other treatments such as rituximab (Rituxan) and sirolimus (Rapamune) may be used."
    },
    {
        "chunk_id": "431fb9a5-f494-48f5-911a-37c891234b2c",
        "metadata": {
            "category": "Diagnosis and Treatment",
            "sub_category": "Preparing for your appointment",
            "disease": "castleman disease"
        },
        "content": "You may be referred to a doctor trained in treating blood disorders. This type of doctor is called a hematologist."
    },
    {
        "chunk_id": "f88c4825-3a0d-4690-b6a6-f9d55a14c855",
        "metadata": {
            "category": "Diagnosis and Treatment",
            "sub_category": "What you can do",
            "disease": "castleman disease"
        },
        "content": "Write down the symptoms you have been experiencing and for how long. Write down key medical information, including other health conditions. Make a list of all medicines, vitamins and supplements that you're taking, including the doses."
    },
    {
        "chunk_id": "4b1ee1a2-499b-40dd-a28a-d9eed8916822",
        "metadata": {
            "category": "Diagnosis and Treatment",
            "sub_category": "Questions to ask your doctor",
            "disease": "castleman disease"
        },
        "content": "What's the most likely cause of my symptoms? What kinds of tests do I need? Do they require any special preparation? What treatment do you recommend? Do I need surgery? In addition to the questions that you've prepared to ask your healthcare professional, don't hesitate to ask other questions during your appointment."
    },
    {
        "chunk_id": "cd35e27a-8e18-488e-83e0-12dbae3bb846",
        "metadata": {
            "category": "Diagnosis and Treatment",
            "sub_category": "What to expect from your doctor",
            "disease": "castleman disease"
        },
        "content": "Your healthcare team is likely to ask you a number of questions. Being ready to answer them may leave time to go over points you want to spend more time on. You may be asked: When did you first have symptoms? Have your symptoms been continuous or occasional? How bad are your symptoms? Does anything seem to improve your symptoms? What, if anything, appears to worsen your symptoms? Do you have any other health conditions, such as lymphoma, HIV/AIDS or Kaposi sarcoma?"
    }
]