[
    {
        "chunk_id": "6f8f6827-1bff-45a7-b23d-818bddb586af",
        "metadata": {
            "category": "Overview",
            "sub_category": "Overview",
            "disease": "chronic myelogenous leukemia"
        },
        "content": "Chronic myelogenous leukemia, also called CML, is an uncommon type of cancer of the bone marrow. Bone marrow is the spongy tissue inside bones where blood cells are made. CML causes an increased number of white blood cells in the blood. The term \"chronic\" in chronic myelogenous leukemia means this cancer tends to progress more slowly than severe forms of leukemia. The term \"myelogenous\" (my-uh-LOHJ-uh-nus) refers to the type of cells affected by this cancer. Chronic myelogenous leukemia also can be called chronic myeloid leukemia and chronic granulocytic leukemia. It typically affects older adults and rarely occurs in children, though it can occur at any age. Advances in treatment have improved the prognosis of people with chronic myelogenous leukemia. Most people can achieve remission and live for many years after diagnosis."
    },
    {
        "chunk_id": "00ffd062-cb21-4ef8-acba-a98d0d0f69b8",
        "metadata": {
            "category": "Overview",
            "sub_category": "Symptoms",
            "disease": "chronic myelogenous leukemia"
        },
        "content": "Chronic myelogenous leukemia often doesn't cause symptoms. It might be detected during a blood test. When they occur, symptoms may include: Bone pain. Bleeding easily. Feeling full after eating a small amount of food. Fatigue. Fever. Weight loss without trying. Loss of appetite. Pain or fullness below the ribs on the left side. Excessive sweating during sleep. Blurry vision caused by bleeding in the back of the eye."
    },
    {
        "chunk_id": "d4c3f174-ca64-442a-934f-d6693845a857",
        "metadata": {
            "category": "Overview",
            "sub_category": "When to see a doctor",
            "disease": "chronic myelogenous leukemia"
        },
        "content": "Make an appointment with your health care provider if you have any persistent symptoms that worry you."
    },
    {
        "chunk_id": "b1637405-75e4-4745-9da0-1a62f55e2aa4",
        "metadata": {
            "category": "Overview",
            "sub_category": "Causes",
            "disease": "chronic myelogenous leukemia"
        },
        "content": "Chronic myelogenous leukemia happens when something causes changes to the bone marrow cells. It's not clear what starts this process. However, doctors have discovered how it progresses into chronic myelogenous leukemia."
    },
    {
        "chunk_id": "b3b3928d-fb45-464a-b8ef-0b655374384a",
        "metadata": {
            "category": "Overview",
            "sub_category": "A new chromosome develops",
            "disease": "chronic myelogenous leukemia"
        },
        "content": "Human cells typically have 23 pairs of chromosomes. These chromosomes hold the DNA that contains the instructions that tell the cells what to do. In people with chronic myelogenous leukemia, the chromosomes in the blood cells swap sections with each other. A section of chromosome 9 switches places with a section of chromosome 22. This creates an extra-short chromosome 22 and an extra-long chromosome 9. The extra-short chromosome 22 is called the Philadelphia chromosome. It is named for the city where it was discovered. The Philadelphia chromosome is present in the blood cells of 90% of people with chronic myelogenous leukemia."
    },
    {
        "chunk_id": "4be63944-390f-476e-8f74-c851b1a557f2",
        "metadata": {
            "category": "Overview",
            "sub_category": "The Philadelphia chromosome creates a new gene",
            "disease": "chronic myelogenous leukemia"
        },
        "content": "Genes from chromosome 9 combine with genes from chromosome 22 to create a new gene called BCR-ABL. The BCR-ABL gene tells the blood cells to produce too much of a protein called tyrosine kinase. Tyrosine kinase promotes cancer by allowing certain blood cells to grow out of control."
    },
    {
        "chunk_id": "8d2453a5-7a67-42c9-a4cc-993d0256e75e",
        "metadata": {
            "category": "Overview",
            "sub_category": "The new gene allows too many diseased blood cells",
            "disease": "chronic myelogenous leukemia"
        },
        "content": "Blood cells begin growing in the bone marrow. When the bone marrow functions correctly, it produces immature cells, called blood stem cells, in a controlled way. These cells then mature and specialize into the red cells, white cells and platelets that circulate in the blood. In chronic myelogenous leukemia, this process doesn't work properly. The tyrosine kinase allows too many white blood cells to grow. Most or all of these cells contain the Philadelphia chromosome. The diseased white blood cells don't grow and die like they should. The diseased white blood cells build up in huge numbers. They crowd out healthy blood cells and damage the bone marrow."
    },
    {
        "chunk_id": "b1293772-bb63-40a5-80af-a2e39ac957c5",
        "metadata": {
            "category": "Overview",
            "sub_category": "Risk factors",
            "disease": "chronic myelogenous leukemia"
        },
        "content": "Factors that increase the risk of chronic myelogenous leukemia include: Older age. CML is more common in older people than in children and teens. Being male. Men are slightly more at risk of developing CML than are women. Radiation exposure. Radiation therapy for certain types of cancer has been linked to CML. There's no way to prevent chronic myelogenous leukemia. If you get it, there's nothing you could have done to prevent it."
    },
    {
        "chunk_id": "c4d96f3a-1577-4950-9d4c-02bf202cf2d0",
        "metadata": {
            "category": "Overview",
            "sub_category": "Family history is not a risk factor",
            "disease": "chronic myelogenous leukemia"
        },
        "content": "The gene change that leads to chronic myelogenous leukemia isn't passed from parents to children. This change is believed to develop after birth."
    },
    {
        "chunk_id": "280a5ac8-2761-4508-8916-89134e46f0e9",
        "metadata": {
            "category": "Diagnosis and Treatment",
            "sub_category": "Diagnosis",
            "disease": "chronic myelogenous leukemia"
        },
        "content": "Tests and procedures used to diagnose chronic myelogenous leukemia include: Physical exam. Your health care provider examines you and checks vital signs such as pulse and blood pressure. Your provider also feels your lymph nodes, spleen and abdomen for swelling. Blood tests. A sample of blood is drawn using a needle. The sample is sent to a lab for a complete blood count, also called a CBC. A CBC checks the number of different types of cells in the blood. Chronic myelogenous leukemia often causes a very high number of white blood cells. Blood tests also can measure organ function to show if anything isn't working properly. Bone marrow tests. Bone marrow biopsy and bone marrow aspiration are used to collect bone marrow samples for testing. Bone marrow has a solid and a liquid part. In a bone marrow biopsy, a needle is used to collect a small amount of the solid tissue. In a bone marrow aspiration, a needle is used to draw a sample of the fluid. The samples are typically taken from the hip bone. The samples go to a lab for testing. Tests to look for the Philadelphia chromosome. Specialized tests are used to analyze blood or bone marrow samples for the presence of the Philadelphia chromosome or the BCR-ABL gene. These tests may include fluorescence in situ hybridization analysis, also called FISH, and polymerase chain reaction test, also called PCR."
    },
    {
        "chunk_id": "447da3ae-d601-4fe0-a02e-6fc97b9a736f",
        "metadata": {
            "category": "Diagnosis and Treatment",
            "sub_category": "Phases of chronic myelogenous leukemia",
            "disease": "chronic myelogenous leukemia"
        },
        "content": "The phase of chronic myelogenous leukemia refers to the aggressiveness of the disease. Your health care provider determines the phase by measuring the ratio of diseased cells to healthy cells in your blood or bone marrow. A higher ratio of diseased cells means chronic myelogenous leukemia is at a more advanced stage. Phases of chronic myelogenous leukemia include: Chronic. The chronic phase is the earliest phase and generally has the best response to treatment. Accelerated. The accelerated phase is a transitional phase when the disease becomes more aggressive. Blast. The blast phase is a severe, aggressive phase that becomes life-threatening."
    },
    {
        "chunk_id": "cf27cfc9-d6b1-4e89-bc57-3852f05ef0d7",
        "metadata": {
            "category": "Diagnosis and Treatment",
            "sub_category": "Treatment",
            "disease": "chronic myelogenous leukemia"
        },
        "content": "The goal of chronic myelogenous leukemia treatment is to eliminate the blood cells that contain the BCR-ABL gene. For most people, treatment begins with targeted therapy that may help achieve a long-term remission of the disease."
    },
    {
        "chunk_id": "10b1150c-5f8c-4e0a-b5d5-29830fdea0b2",
        "metadata": {
            "category": "Diagnosis and Treatment",
            "sub_category": "Targeted therapy",
            "disease": "chronic myelogenous leukemia"
        },
        "content": "Targeted therapy uses medicines that attack specific chemicals in the cancer cells. By blocking these chemicals, targeted therapy can cause cancer cells to die. In chronic myelogenous leukemia, the target of these medicines is the tyrosine kinase protein produced by the BCR-ABL gene. The medicines are called tyrosine kinase inhibitors, also known as TKIs. TKIs are the initial treatment for people diagnosed with chronic myelogenous leukemia. Side effects of these targeted medicines include swelling or puffiness of the skin, nausea, muscle cramps, fatigue, diarrhea, and skin rashes. Blood tests to detect the presence of the BCR-ABL gene are used to monitor the effectiveness of targeted therapy. If the disease doesn't respond or becomes resistant to targeted therapy, health care providers may consider other targeted therapy medicines or other treatments. Health care providers haven't determined a safe point at which people with chronic myelogenous leukemia can stop taking targeted medicines. For this reason, most people continue to take targeted medicines even when blood tests show remission of the disease. In certain situations, you and your provider might consider stopping treatment with targeted medicines after discussing the benefits and risks."
    },
    {
        "chunk_id": "ecd104ae-e282-4c6b-b407-bca4a07dddd9",
        "metadata": {
            "category": "Diagnosis and Treatment",
            "sub_category": "Bone marrow transplant",
            "disease": "chronic myelogenous leukemia"
        },
        "content": "A bone marrow transplant, also called a stem cell transplant, is the only treatment that can cure chronic myelogenous leukemia. However, it's usually reserved for people who haven't been helped by other treatments. That's because bone marrow transplants have risks and carry a high rate of serious complications. During a bone marrow transplant, high doses of chemotherapy medicines are used to kill the blood-forming cells in your bone marrow. Then blood stem cells from a donor are infused into your bloodstream. The new cells form healthy blood cells to replace the diseased cells."
    },
    {
        "chunk_id": "4880dda9-1f55-49c2-a9fe-b87d35232b3a",
        "metadata": {
            "category": "Diagnosis and Treatment",
            "sub_category": "Chemotherapy",
            "disease": "chronic myelogenous leukemia"
        },
        "content": "Chemotherapy uses strong medicines to kill cancer cells. Chemotherapy medicines are sometimes combined with targeted therapy to treat aggressive chronic myelogenous leukemia. Side effects of chemotherapy medicines depend on which medicines you take."
    },
    {
        "chunk_id": "0ca3dd30-e599-4701-a17d-169d9c3e29b6",
        "metadata": {
            "category": "Diagnosis and Treatment",
            "sub_category": "Clinical trials",
            "disease": "chronic myelogenous leukemia"
        },
        "content": "Explore Mayo Clinic studies testing new treatments, interventions and tests as a means to prevent, detect, treat or manage this condition."
    },
    {
        "chunk_id": "07c0e684-2402-44eb-b62b-c7fa22dc64c4",
        "metadata": {
            "category": "Diagnosis and Treatment",
            "sub_category": "Alternative medicine",
            "disease": "chronic myelogenous leukemia"
        },
        "content": "No alternative medicines have been found to treat chronic myelogenous leukemia. But alternative medicine may help you cope with fatigue, which is common in people with chronic myelogenous leukemia. You might experience fatigue as a symptom of your disease, a side effect of treatment or as part of the stress that comes with living with a chronic condition. Your health care provider can treat fatigue by controlling the underlying causes, but sometimes medicines alone aren't enough. You may find relief through alternative therapies, such as: Exercise. Journal writing. Massage. Relaxation techniques. Yoga. Talk to your provider about your options. Together you can devise a plan to help you cope with fatigue."
    },
    {
        "chunk_id": "ac2b5c8d-8c52-4cc2-bb57-c9523e8c2d89",
        "metadata": {
            "category": "Diagnosis and Treatment",
            "sub_category": "Lifestyle and home remedies",
            "disease": "chronic myelogenous leukemia"
        },
        "content": "For many people, chronic myelogenous leukemia is a disease they will live with for years. Many will continue treatment with targeted therapy indefinitely. Some days, you may feel sick even if you don't look sick. And some days, you may just be sick of having cancer. Try these self-care measures to help you adjust and cope with a chronic illness: Talk to your health care provider about your side effects. Powerful cancer medicines can cause many side effects. Those side effects often can be managed with other medicines or treatments. You don't have to handle them without help. Don't stop treatment on your own. If you develop side effects, such as skin rashes or fatigue, don't quit your medicines without talking to your health care provider. Likewise, don't stop taking your medicines if you feel better and think your disease may be gone. If you stop taking medicines, your disease can quickly return, even if you've been in remission. Ask for help if you're having trouble coping. Having a chronic condition can be emotionally overwhelming. Tell your provider about your feelings. Ask for a referral to a counselor or another specialist with whom you can talk."
    },
    {
        "chunk_id": "3db7c424-d977-4c10-83a8-66611bc54f4f",
        "metadata": {
            "category": "Diagnosis and Treatment",
            "sub_category": "Coping and support",
            "disease": "chronic myelogenous leukemia"
        },
        "content": "Facing a serious illness might make you feel worried. With time, you'll find ways to cope with your feelings, but you may find comfort in these strategies: Learn enough about chronic myelogenous leukemia to make decisions about your care. The term \"leukemia\" can be confusing, because it refers to a group of cancers that affect the bone marrow and blood. Don't waste time gathering information that doesn't apply to your kind of leukemia.\nAsk your health care team to write down information about your specific disease. Then narrow your search and seek out only trusted, reputable sources, such as the Leukemia & Lymphoma Society. Stay connected to friends and family. Your cancer diagnosis can be stressful for friends and family, too. Try to keep them involved in your life.\nYour friends and family will likely ask if there's anything they can do to help you. Think of tasks you might like help with, such as caring for your home if you have to stay in the hospital or just listening when you want to talk.\nYou may find comfort in the support of a caring group of your friends and family. Find someone to talk with. Find someone you can talk to who has experience helping people facing a life-threatening illness. Ask your provider to suggest a counselor or medical social worker you can talk with. For support groups, contact the American Cancer Society or ask your health care team about local groups."
    },
    {
        "chunk_id": "bdf6da4f-d676-4db3-b2ab-19a8f7c5e84b",
        "metadata": {
            "category": "Diagnosis and Treatment",
            "sub_category": "Preparing for your appointment",
            "disease": "chronic myelogenous leukemia"
        },
        "content": "Start by making an appointment with your primary care provider if you have any symptoms that worry you. If blood tests or other tests and procedures suggest leukemia, your provider may refer you to a specialist in the treatment of blood and bone marrow diseases and conditions, called a hematologist. Because appointments can be brief, and because there's often a lot to discuss, it's a good idea to be prepared. Here's some information to help you get ready, and what to expect from your provider."
    },
    {
        "chunk_id": "6da962d7-c8b9-4ee3-a249-b9a6b12bd133",
        "metadata": {
            "category": "Diagnosis and Treatment",
            "sub_category": "What you can do",
            "disease": "chronic myelogenous leukemia"
        },
        "content": "Be aware of any pre-appointment restrictions. At the time you make the appointment, be sure to ask if there's anything you need to do in advance, such as restrict your diet. Write down any symptoms you're experiencing, including any that may seem unrelated to the reason for which you scheduled the appointment. Write down key personal information, including any major stresses or recent life changes. Make a list of all medicines, vitamins or supplements that you're taking. Consider taking a family member or friend along. Sometimes it can be difficult to remember all the information provided during an appointment. Someone who accompanies you may remember something that you missed or forgot. Write down questions to ask your health care provider. Your time with your health care provider is limited, so prepare a list of questions to help make the most of your time together. List questions from most important to least important in case time runs out. For chronic myelogenous leukemia, some basic questions to ask your provider include: Can you explain what my test results mean? Do you recommend any other tests or procedures? What is the phase of my CML? What are my treatment options? What side effects are likely with each treatment? How will treatment affect my daily life? Which treatment options do you think are best for me? How likely is it that I'll achieve remission with the treatments you recommend? How quickly must I make a decision on my treatment? Should I get a second opinion from a CML specialist? What will that cost, and will my insurance cover it? Are there brochures or other printed material that I can take with me? What websites do you recommend? In addition to the questions that you've prepared to ask, don't hesitate to ask other questions that occur to you."
    },
    {
        "chunk_id": "ab12159c-8003-45c0-8b9b-7a8a6c2f91f8",
        "metadata": {
            "category": "Diagnosis and Treatment",
            "sub_category": "What to expect from your doctor",
            "disease": "chronic myelogenous leukemia"
        },
        "content": "Your health care provider is likely to ask you a number of questions. Being ready to answer them may allow time later to cover other points you want to address. Your provider may ask: When did you first begin experiencing symptoms? Have your symptoms been continuous or occasional? How severe are your symptoms? What, if anything, seems to improve your symptoms? What, if anything, appears to worsen your symptoms?"
    }
]