[
    {
        "chunk_id": "b3505559-14bc-40af-bce1-5f08a6bd8513",
        "metadata": {
            "category": "Overview",
            "sub_category": "Overview",
            "disease": "chronic daily headaches"
        },
        "content": "Most people have headaches from time to time. But if you have a headache more days than not, you might have chronic daily headaches. Rather than a specific headache type, chronic daily headaches include a variety of headache subtypes. Chronic refers to how often the headaches occur and how long the condition lasts. The constant nature of chronic daily headaches makes them one of the most disabling headache conditions. Aggressive initial treatment and steady, long-term management might reduce pain and lead to fewer headaches."
    },
    {
        "chunk_id": "60427a33-779e-4a11-8f36-de3c3a197196",
        "metadata": {
            "category": "Overview",
            "sub_category": "Symptoms",
            "disease": "chronic daily headaches"
        },
        "content": "By definition, chronic daily headaches occur 15 days or more a month, for longer than three months. True (primary) chronic daily headaches aren't caused by another condition. There are short-lasting and long-lasting chronic daily headaches. Long-lasting headaches last more than four hours. They include: Chronic migraine Chronic tension-type headache New daily persistent headache Hemicrania continua"
    },
    {
        "chunk_id": "2577228a-50de-45b3-bf48-aefbee3defff",
        "metadata": {
            "category": "Overview",
            "sub_category": "Chronic migraine",
            "disease": "chronic daily headaches"
        },
        "content": "This type typically occurs in people with a history of episodic migraines. Chronic migraines tend to: Affect one side or both sides of your head Have a pulsating, throbbing sensation Cause moderate to severe pain And they cause at least one of the following: Nausea, vomiting or both Sensitivity to light and sound"
    },
    {
        "chunk_id": "308de1b3-1320-4ca6-90af-187c3fed70da",
        "metadata": {
            "category": "Overview",
            "sub_category": "Chronic tension-type headache",
            "disease": "chronic daily headaches"
        },
        "content": "These headaches tend to: Affect both sides of your head Cause mild to moderate pain Cause pain that feels pressing or tightening, but not pulsating"
    },
    {
        "chunk_id": "12e8ed9c-5cbd-4498-b333-5c94d56e19e3",
        "metadata": {
            "category": "Overview",
            "sub_category": "New daily persistent headache",
            "disease": "chronic daily headaches"
        },
        "content": "These headaches come on suddenly, usually in people without a headache history. They become constant within three days of your first headache. They: Often affect both sides of your head Cause pain that feels like pressing or tightening, but not pulsating Cause mild to moderate pain Might have features of chronic migraine or chronic tension-type headache"
    },
    {
        "chunk_id": "ba185016-c0b8-4f6f-9d77-7e8c60542d46",
        "metadata": {
            "category": "Overview",
            "sub_category": "Hemicrania continua",
            "disease": "chronic daily headaches"
        },
        "content": "These headaches: Affect only one side of your head Are daily and continuous with no pain-free periods Cause moderate pain with spikes of severe pain Respond to the prescription pain reliever indomethacin (Indocin) Can become severe with development of migraine-like symptoms In addition, hemicrania continua headaches are associated with at least one of the following: Tearing or redness of the eye on the affected side Nasal congestion or runny nose Drooping eyelid or pupil narrowing Sensation of restlessness"
    },
    {
        "chunk_id": "8813bd20-5a7f-4b51-a378-c410ad251e36",
        "metadata": {
            "category": "Overview",
            "sub_category": "When to see a doctor",
            "disease": "chronic daily headaches"
        },
        "content": "Occasional headaches are common, and usually require no medical attention. However, consult your doctor if: You usually have two or more headaches a week You take a pain reliever for your headaches most days You need more than the recommended dose of over-the-counter pain remedies to relieve your headaches Your headache pattern changes or your headaches worsen Your headaches are disabling Seek prompt medical care if your headache: Is sudden and severe Accompanies a fever, stiff neck, confusion, seizure, double vision, weakness, numbness or difficulty speaking Follows a head injury Gets worse despite rest and pain medication"
    },
    {
        "chunk_id": "193b85aa-e5cb-4189-963e-07432e90da5b",
        "metadata": {
            "category": "Overview",
            "sub_category": "Causes",
            "disease": "chronic daily headaches"
        },
        "content": "The causes of many chronic daily headaches aren't well-understood. True (primary) chronic daily headaches don't have an identifiable underlying cause. Conditions that might cause nonprimary chronic daily headaches include: Inflammation or other problems with the blood vessels in and around the brain, including stroke Infections, such as meningitis Intracranial pressure that's either too high or too low Brain tumor Traumatic brain injury"
    },
    {
        "chunk_id": "86d011ce-5e66-4f3b-82da-c44203695d39",
        "metadata": {
            "category": "Overview",
            "sub_category": "Medication overuse headache",
            "disease": "chronic daily headaches"
        },
        "content": "This type of headache usually develops in people who have an episodic headache disorder, usually migraine or tension type, and take too much pain medication. If you're taking pain medications — even over-the-counter — more than two days a week (or nine days a month), you're at risk of developing rebound headaches."
    },
    {
        "chunk_id": "0ecc2051-47fa-48c4-b1d5-a1928ed27ea5",
        "metadata": {
            "category": "Overview",
            "sub_category": "Risk factors",
            "disease": "chronic daily headaches"
        },
        "content": "Factors associated with developing frequent headaches include: Female sex Anxiety Depression Sleep disturbances Obesity Snoring Overuse of caffeine Overuse of headache medication Other chronic pain conditions"
    },
    {
        "chunk_id": "d9ac2813-152b-496e-890e-fdf5ea683b95",
        "metadata": {
            "category": "Overview",
            "sub_category": "Complications",
            "disease": "chronic daily headaches"
        },
        "content": "If you have chronic daily headaches, you're also more likely to have depression, anxiety, sleep disturbances, and other psychological and physical problems."
    },
    {
        "chunk_id": "7f0b8d53-ef9d-4d19-8ffb-8ec720d9c6ea",
        "metadata": {
            "category": "Overview",
            "sub_category": "Prevention",
            "disease": "chronic daily headaches"
        },
        "content": "Taking care of yourself might help ease chronic daily headaches. Avoid headache triggers. Keeping a headache diary can help you determine what triggers your headaches so that you can avoid the triggers. Include details about every headache, such as when it started, what you were doing at the time and how long it lasted. Avoid medication overuse. Taking headache medications, including over-the-counter medications, more than twice a week can increase the severity and frequency of your headaches. Consult your doctor about how to wean yourself off the medication because there can be serious side effects if done improperly. Get enough sleep. The average adult needs seven to eight hours of sleep a night. It's best to go to bed and wake up at the same time every day. Talk to your doctor if you have sleep disturbances, such as snoring. Don't skip meals. Eat healthy meals at about the same times daily. Avoid food or drinks, such as those containing caffeine, that seem to trigger headaches. Lose weight if you're obese. Exercise regularly. Regular aerobic physical activity can improve your physical and mental well-being and reduce stress. With your doctor's OK, choose activities you enjoy — such as walking, swimming or cycling. To avoid injury, start slowly. Reduce stress. Stress is a common trigger of chronic headaches. Get organized. Simplify your schedule. Plan ahead. Stay positive. Try stress-reduction techniques, such as yoga, tai chi or meditation. Reduce caffeine. While some headache medications include caffeine because it can be beneficial in reducing headache pain, it can also aggravate headaches. Try to minimize or eliminate caffeine from your diet."
    },
    {
        "chunk_id": "27c762d9-14f9-41c0-959f-00a8eac9528a",
        "metadata": {
            "category": "Diagnosis and Treatment",
            "sub_category": "Diagnosis",
            "disease": "chronic daily headaches"
        },
        "content": "Your doctor will likely examine you for signs of illness, infection or neurological problems and ask about your headache history. If the cause of your headaches remains uncertain, your doctor might order imaging tests, such as a CT scan or MRI, to look for an underlying medical condition."
    },
    {
        "chunk_id": "d10055fb-3569-42e4-9bbd-a58652a1e7a5",
        "metadata": {
            "category": "Diagnosis and Treatment",
            "sub_category": "Treatment",
            "disease": "chronic daily headaches"
        },
        "content": "Treatment for an underlying condition often stops frequent headaches. If no such condition is found, treatment focuses on preventing pain. Prevention strategies vary, depending on the type of headache you have and whether medication overuse is contributing to your headaches. If you're taking pain relievers more than three days a week, the first step might be to wean yourself off these drugs with your doctor's guidance. When you're ready to begin preventive therapy, your doctor may recommend: Antidepressants. Tricyclic antidepressants — such as nortriptyline (Pamelor) — can be used to treat chronic headaches. These medications can also help treat the depression, anxiety and sleep disturbances that often accompany chronic daily headaches.\nOther antidepressants, such as the selective serotonin reuptake inhibitor (SSRI) fluoxetine (Prozac, Sarafem, others), might help in treating depression and anxiety, but have not been shown to be more effective than placebo for headaches. Beta blockers. These drugs, commonly used to treat high blood pressure, are also a mainstay for preventing episodic migraines. These include atenolol (Tenormin), metoprolol (Lopressor, Toprol-XL) and propranolol (Inderal, Innopran XL). Anti-seizure medications. Some anti-seizure drugs seem to prevent migraines and might be used to prevent chronic daily headaches, as well. Options include topiramate (Topamax, Qudexy XR, others), divalproex sodium (Depakote) and gabapentin (Neurontin, Gralise). NSAIDs. Prescription nonsteroidal anti-inflammatory drugs — such as naproxen sodium (Anaprox, Naprelan) — might be helpful, especially if you're withdrawing from other pain relievers. They can also be used periodically when the headache is more severe. Botulinum toxin. OnabotulinumtoxinA (Botox) injections provide relief for some people and might be a viable option for people who don't tolerate daily medication well. Botox would most likely be considered if the headaches have features of chronic migraines. The use of one drug is preferred, but if one drug doesn't work well enough, your doctor might consider combining drugs."
    },
    {
        "chunk_id": "74646ba6-ae2e-40a1-a611-0cfa5195afb9",
        "metadata": {
            "category": "Diagnosis and Treatment",
            "sub_category": "Clinical trials",
            "disease": "chronic daily headaches"
        },
        "content": "Explore Mayo Clinic studies testing new treatments, interventions and tests as a means to prevent, detect, treat or manage this condition."
    },
    {
        "chunk_id": "6650dac5-84f2-4893-b468-e3b1d88b79a6",
        "metadata": {
            "category": "Diagnosis and Treatment",
            "sub_category": "Alternative medicine",
            "disease": "chronic daily headaches"
        },
        "content": "For many people, complementary or alternative therapies offer relief from headache pain. It's important to be cautious, however. Not all complementary or alternative therapies have been studied as headache treatments, and others need further research. Acupuncture. This ancient technique uses hair-thin needles inserted into several areas of your skin at defined points. While the results are mixed, some studies have shown that acupuncture helps reduce the frequency and intensity of chronic headaches. Biofeedback. You might be able to control headaches by becoming more aware of and then changing certain bodily responses, such as muscle tension, heart rate and skin temperature. Massage. Massage can reduce stress, relieve pain and promote relaxation. Although its value as a headache treatment hasn't been determined, massage might be particularly helpful if you have tight muscles in the back of your head, neck and shoulders. Herbs, vitamins and minerals. Some evidence exists that the herbs feverfew and butterbur help prevent migraines or reduce their severity. A high dose of vitamin B-2 (riboflavin) also might reduce migraines.\nCoenzyme Q10 supplements might be helpful in some individuals. And oral magnesium sulfate supplements might reduce the frequency of headaches in some people, although studies don't all agree.\nAsk your doctor if these treatments are right for you. Don't use riboflavin, feverfew or butterbur if you're pregnant. Electrical stimulation of the occipital nerve. A small battery-powered electrode is surgically implanted near the occipital nerve at the base of your neck. The electrode sends continuous energy pulses to the nerve to ease pain. This approach is considered investigational. Before trying complementary or alternative therapy, discuss the risks and benefits with your doctor."
    },
    {
        "chunk_id": "1e156240-ca07-41a0-b0a4-c529270fc52c",
        "metadata": {
            "category": "Diagnosis and Treatment",
            "sub_category": "Coping and support",
            "disease": "chronic daily headaches"
        },
        "content": "Chronic daily headaches can interfere with your job, your relationships and your quality of life. Here are suggestions to help you cope with the challenges. Take control. Commit yourself to living a full, satisfying life. Work with your doctor to develop a treatment plan that works for you. Take good care of yourself. Do things that lift your spirits. Seek understanding. Don't expect friends and loved ones to instinctively know what's best for you. Ask for what you need, whether it's time alone or less attention paid to your headaches. Check out support groups. You might find it useful to talk to other people who have painful headaches. Consider counseling. A counselor or therapist offers support and can help you manage stress. Your therapist can also help you understand the psychological effects of your headache pain. In addition, there's evidence that cognitive behavioral therapy can reduce headache frequency and severity."
    },
    {
        "chunk_id": "cb068a83-607e-4dde-80f8-458cd3df5650",
        "metadata": {
            "category": "Diagnosis and Treatment",
            "sub_category": "Preparing for your appointment",
            "disease": "chronic daily headaches"
        },
        "content": "You're likely to start by seeing your family doctor or a general practitioner. However, you may be referred to a headache specialist. Here's some information to help you get ready for your appointment."
    },
    {
        "chunk_id": "9d9b7d29-4b6f-4dd1-95ee-0f0a408f559f",
        "metadata": {
            "category": "Diagnosis and Treatment",
            "sub_category": "What you can do",
            "disease": "chronic daily headaches"
        },
        "content": "Be aware of pre-appointment restrictions. When you make the appointment, ask if there's anything you need to do in advance, such as restrict your diet. Keep a headache journal, including when each headache occurred, how long it lasted, how intense it was, what you were doing immediately before the headache started, and anything else notable about the headache. Write down your symptoms and when they began. Write down key personal information, including major stresses or recent life changes and family history of headaches. List all medications, vitamins or supplements you're taking, including doses and frequency of use. Include medications used previously. Write down questions to ask your doctor. Take a family member or friend along, if possible, to help you remember information. For chronic headaches, some questions to ask your doctor include: What's the likely cause of my headaches? What are other possible causes? What tests do I need? Is my condition likely temporary or chronic? What's the best course of action? I have other health conditions. How can I best manage them together? Should I see a specialist? Are there printed materials I can have? What websites do you recommend? Don't hesitate to ask other questions."
    },
    {
        "chunk_id": "a752a960-3b3e-4ec0-8a92-d6da34a48c6d",
        "metadata": {
            "category": "Diagnosis and Treatment",
            "sub_category": "What to expect from your doctor",
            "disease": "chronic daily headaches"
        },
        "content": "Your doctor is likely to ask you questions, such as: Have your headaches been continuous or occasional? How severe are your headaches? What, if anything, seems to improve your headaches? What, if anything, appears to worsen your headaches?"
    },
    {
        "chunk_id": "e3b547a8-5ea9-495c-bccf-fd4f494f6a76",
        "metadata": {
            "category": "Diagnosis and Treatment",
            "sub_category": "What you can do in the meantime",
            "disease": "chronic daily headaches"
        },
        "content": "To ease your headache pain until you see your doctor, you might: Avoid activities that worsen your headaches. Try over-the-counter pain relief medications — such as naproxen sodium (Aleve) and ibuprofen (Advil, Motrin IB, others). To avoid rebound headaches, don't take these more than three times a week."
    }
]