[
    {
        "chunk_id": "4d24ddc2-3029-492b-affa-87fdfb67f366",
        "metadata": {
            "category": "Overview",
            "sub_category": "Overview",
            "disease": "cystitis"
        },
        "content": "Cystitis (sis-TIE-tis) is the medical term for inflammation of the bladder. Inflammation is when a part of your body is swollen and hot. It can also be painful. Most of the time, cystitis happens when there's an infection caused by bacteria. This is called a urinary tract infection (UTI). Having a bladder infection can be painful and annoying. It can become a serious health problem if the infection spreads to your kidneys. Cystitis also may occur as a reaction to certain drugs or radiation therapy. Things that sometimes irritate the bladder, such as hygiene products, spermicide jelly or long-term catheter use, can also lead to cystitis. Cystitis can also happen as a complication of another illness. The usual treatment for cystitis caused by bacteria is to take antibiotic medication. Treatment for other types of cystitis depends on the cause."
    },
    {
        "chunk_id": "c8cde845-927d-48da-a634-73ae5a336b31",
        "metadata": {
            "category": "Overview",
            "sub_category": "Symptoms",
            "disease": "cystitis"
        },
        "content": "Cystitis signs and symptoms may include: A strong, persistent urge to urinate Pain or a burning feeling when urinating Passing frequent, small amounts of urine Blood in the urine (hematuria) Passing cloudy or strong-smelling urine Pelvic discomfort A feeling of pressure in the area below your belly button (abdomen) Low-grade fever In young children, new episodes of accidental daytime wetting also may be a sign of a urinary tract infection (UTI). Nighttime bed-wetting on its own isn't likely to happen because of a UTI."
    },
    {
        "chunk_id": "160da898-de67-44c3-b792-3cd247e4b93e",
        "metadata": {
            "category": "Overview",
            "sub_category": "When to see a doctor",
            "disease": "cystitis"
        },
        "content": "Get medical help right away if you have signs and symptoms common to a kidney infection. These include: Back or side pain Fever and chills Nausea and vomiting If you develop urgent, frequent or painful urination that lasts for several hours or longer or if you notice blood in your urine, call your health care provider. If you've been diagnosed with a UTI in the past and you develop symptoms that mimic a previous UTI, call your provider. Also call your provider if cystitis symptoms come back after you're done with antibiotic treatment. You may need to try a different type of medicine. If your child starts having daytime wetting accidents, call your child's health care provider. In otherwise healthy men, cystitis is rare. Any symptoms should be checked by a health care provider."
    },
    {
        "chunk_id": "03627925-dfb9-4315-b956-d530ea93cbc5",
        "metadata": {
            "category": "Overview",
            "sub_category": "Causes",
            "disease": "cystitis"
        },
        "content": "Your urinary system includes the kidneys, ureters, bladder and urethra. All play a role in removing waste from your body. Your kidneys are a pair of bean-shaped organs located toward the back of your upper abdomen. They filter waste from your blood and regulate the concentrations of many substances. Tubes called ureters carry urine from the kidneys to the bladder. The bladder stores the urine until you feel the need to urinate. Urine then leaves your body through the urethra."
    },
    {
        "chunk_id": "0cdb0153-42aa-438f-b274-cc2290ffc478",
        "metadata": {
            "category": "Overview",
            "sub_category": "Bacterial cystitis",
            "disease": "cystitis"
        },
        "content": "UTIs typically occur when bacteria outside the body enter the urinary tract through the urethra and begin to multiply. Most cases of cystitis are caused by a type of Escherichia coli (E. coli) bacteria. But other types of bacteria can cause infections, too. Bacterial bladder infections may happen in women after sex. Even in those who aren't sexually active, UTIs can happen because the female genital area often harbors bacteria that can cause cystitis."
    },
    {
        "chunk_id": "326cf440-4233-478e-a9e9-2a51c125cb3a",
        "metadata": {
            "category": "Overview",
            "sub_category": "Noninfectious cystitis",
            "disease": "cystitis"
        },
        "content": "Although bacterial infections are the most common cause of cystitis, a number of noninfectious factors also may cause the bladder to become inflamed. Some examples include: Interstitial cystitis. The cause of this chronic bladder inflammation, also called painful bladder syndrome, is not clear. Most cases happen in women. The condition can be difficult to diagnose and treat. Drug-related cystitis. Some medicines, such as certain drugs used to treat cancer (chemotherapy), can cause inflammation of the bladder as the broken-down components of the drugs exit the body. Radiation cystitis. Radiation treatment of the pelvic area can cause inflammatory changes in bladder tissue. Foreign-body cystitis. Long-term use of a catheter can make bacterial infections and tissue damage more likely. Both of these can cause bladder inflammation. Chemical cystitis. Some people may be extra sensitive to chemicals found in certain products. These might include bubble bath, personal hygiene spray or spermicidal jelly. An allergic-type reaction can happen within the bladder, causing inflammation. Cystitis associated with other conditions. Cystitis may sometimes occur as a complication of other conditions, such as diabetes, kidney stones, an enlarged prostate or spinal cord injury."
    },
    {
        "chunk_id": "92d6f115-7fc7-4494-a01f-d1d540cb5513",
        "metadata": {
            "category": "Overview",
            "sub_category": "Risk factors",
            "disease": "cystitis"
        },
        "content": "Some people are more likely than others to develop bladder infections or repeated urinary tract infections. Women can have this problem. A key reason is physical anatomy. Women have a short urethra. This means bacteria that can cause an infection don't have as far to travel to reach the bladder. You may be at greater risk of bladder infections or repeated UTIs if you: Are sexually active. During sex, bacteria can be pushed into the urethra. Use certain types of birth control. Using a diaphragm increases the risk of a UTI. Diaphragms that contain spermicide may increase risk even more. Are pregnant. Hormone changes during pregnancy may increase the risk of a bladder infection. Have gone through menopause. Changes to hormones that happen after menopause often can lead to UTIs. Other risk factors include: Interference with the flow of urine. This can occur in conditions such as a stone in the bladder or an enlarged prostate. Changes in the immune system. This can happen with certain conditions, such as diabetes, HIV infection and cancer treatment. Long-term use of urinary catheters. These tubes may be needed in people with chronic illnesses or in older adults. Prolonged use can put you at greater risk of bacterial infections as well as bladder tissue damage. In generally healthy men, cystitis is rare."
    },
    {
        "chunk_id": "a593e05a-d456-4a42-9354-37f7ba4922c0",
        "metadata": {
            "category": "Overview",
            "sub_category": "Complications",
            "disease": "cystitis"
        },
        "content": "When treated right away with the proper medicine, bladder infections rarely lead to complications. But if they aren't treated, they can become something more serious. Complications may include: Kidney infection. An untreated bladder infection can lead to a kidney infection. This is also called pyelonephritis (pie-uh-low-nuh-FRY-tis). Kidney infections may permanently damage the kidneys. Blood in the urine. With cystitis, you may have blood cells in the urine. Often, they can be seen only with a microscope. This condition is called microscopic hematuria. It usually goes away after treatment. If blood cells still appear in the urine after treatment, you may need to see a specialist to find out the cause.\nBlood in the urine that you can see is called gross hematuria. This happens rarely with typical, bacterial cystitis. But this sign may be more common if you have cystitis that happens after chemotherapy or radiation therapy for cancer."
    },
    {
        "chunk_id": "d2255a23-cced-4a73-8bf6-c279a2ce3037",
        "metadata": {
            "category": "Overview",
            "sub_category": "Prevention",
            "disease": "cystitis"
        },
        "content": "Self-care measures to prevent repeated bladder infections aren't well studied. But some providers recommend these tips for prevention: Drink plenty of liquids, especially water. Drinking lots of fluids is especially important after chemotherapy or radiation therapy, particularly on treatment days. Urinate frequently. If you feel the urge to urinate, don't delay using the toilet. Wipe from front to back after a bowel movement. This prevents bacteria in the anal region from spreading to the vagina and urethra. Take showers rather than tub baths. If you're prone to infections, showering rather than taking a bath may help prevent them. Gently wash the skin around the genitals. Do this daily, but don't use harsh soaps or wash too vigorously. The delicate skin in this area can become irritated. Empty your bladder as soon as possible after sex. Drink a full glass of water to help flush bacteria. Avoid using deodorant sprays or hygiene products in the genital area. These products can irritate the urethra and bladder."
    },
    {
        "chunk_id": "543a8007-d3dd-4237-a1f4-5120fd3c3bc7",
        "metadata": {
            "category": "Overview",
            "sub_category": "Cranberry",
            "disease": "cystitis"
        },
        "content": "Cranberry juice or tablets containing proanthocyanidin are often recommended to help reduce the risk of recurrent bladder infections. Although research in this area is inconsistent, there is some evidence that cranberry may work to prevent recurrent infections for some people. Cranberry products are generally considered to be safe in healthy people without any medical conditions. But as a home remedy, be careful with cranberry juice or cranberry products if you're taking the blood-thinning medication warfarin (Coumadin). It's possible that there could be an interaction between cranberry and warfarin that could lead to bleeding. But the evidence is mixed. Cranberry has not been shown to be an effective treatment if you already have a bladder infection."
    },
    {
        "chunk_id": "39eb077b-b6a4-452f-a992-84c46e31bb18",
        "metadata": {
            "category": "Diagnosis and Treatment",
            "sub_category": "Diagnosis",
            "disease": "cystitis"
        },
        "content": "If you have symptoms of cystitis, talk to your health care provider as soon as possible. Your provider can diagnose cystitis based on your symptoms and medical history. When more information is needed for a diagnosis or treatment plan, your provider may recommend: Urine analysis. For this test, you collect a small amount of urine in a container. Your provider checks the urine for signs of infection, such as bacteria, blood or pus. If bacteria are found, you may also have a test called a urine culture to check what type of bacteria is causing the infection. Imaging. An imaging test usually isn't needed for cystitis. But in some cases, imaging may be helpful. For example, an X-ray or ultrasound may help your provider find other potential causes of bladder inflammation, such as a tumor or anatomy problem."
    },
    {
        "chunk_id": "955af0b7-66b8-44f2-af95-82bb7e076db8",
        "metadata": {
            "category": "Diagnosis and Treatment",
            "sub_category": "Treatment",
            "disease": "cystitis"
        },
        "content": "Cystitis caused by bacterial infection is generally treated with antibiotics. Treatment for other types of cystitis depends on what's causing it."
    },
    {
        "chunk_id": "60e0e684-09ca-4ff6-a7ea-2b536f9d5720",
        "metadata": {
            "category": "Diagnosis and Treatment",
            "sub_category": "Treating bacterial cystitis",
            "disease": "cystitis"
        },
        "content": "Antibiotics are the first line of treatment for cystitis caused by bacteria. Which drugs are used and for how long depends on your overall health and the bacteria found in the urine. First-time infection. Symptoms often improve a lot within the first few days of taking antibiotics. But you'll likely need to take antibiotics for three days to a week, depending on how severe your infection is.\nTake the pills exactly as directed by your provider. Don't stop the pills early, even if you're feeling better. This helps make sure that the infection is completely gone. Repeat infection. If you have recurrent UTIs, your provider may have you take antibiotics for a longer period of time. You may also be referred to a doctor who specializes in urinary tract disorders (urologist or nephrologist). A specialist can check for any urologic problems that may be causing the infections. In some cases, taking a single dose of an antibiotic after sex may be helpful for repeat infections. Hospital-acquired infection. Hospital-acquired bladder infections can be a challenge to treat. That's because bacteria found in hospitals are often resistant to the common types of antibiotics used to treat community-acquired bladder infections. Different types of antibiotics and different treatment approaches may be needed. Women who have gone through menopause may be particularly at risk of cystitis. As a part of treatment, your provider may give you a vaginal estrogen cream. But vaginal estrogen is recommended only if you're able to use this medicine without increasing your risk of other health problems."
    },
    {
        "chunk_id": "86af7270-17d6-417a-980f-ac24c9fd7df2",
        "metadata": {
            "category": "Diagnosis and Treatment",
            "sub_category": "Treating interstitial cystitis",
            "disease": "cystitis"
        },
        "content": "There's no single treatment that works best for someone with interstitial cystitis. The cause of inflammation is uncertain. To relieve symptoms, you might need medication given as a pill you take by mouth. Medicine can also be placed directly into the bladder through a tube. Or you might have a procedure called nerve stimulation. This uses mild electrical pulses to relieve pelvic pain and urinary frequency. Surgery is a last resort option, to be considered only when other treatments fail. Surgery might not work to relieve pain and other symptoms."
    },
    {
        "chunk_id": "f2eba5c7-9891-402c-8b3f-e5d01fa32ce6",
        "metadata": {
            "category": "Diagnosis and Treatment",
            "sub_category": "Treating other forms of noninfectious cystitis",
            "disease": "cystitis"
        },
        "content": "Some people are sensitive to chemicals in products such as bubble bath or spermicide. Avoiding these products may help ease symptoms and prevent more episodes of cystitis. Drinking plenty of fluids also helps to flush out substances that may be irritating the bladder. For cystitis that develops as a complication of chemotherapy or radiation therapy, treatment focuses on managing pain by taking medicine."
    },
    {
        "chunk_id": "3f833cea-6cbd-46f6-87bf-7dbfa5e9015f",
        "metadata": {
            "category": "Diagnosis and Treatment",
            "sub_category": "Lifestyle and home remedies",
            "disease": "cystitis"
        },
        "content": "Cystitis can be painful. To ease discomfort: Use a heating pad. A heating pad placed on your lower abdomen may soothe bladder pressure or pain. Stay hydrated. Drink plenty of fluids to keep yourself hydrated. Avoid coffee, alcohol, soft drinks with caffeine and citrus juices. Also avoid spicy foods until your infection clears. These items can irritate the bladder and make a frequent or urgent need to urinate worse. For recurrent bladder infections, ask your provider about ways you can reduce the chance that you'll have another infection."
    },
    {
        "chunk_id": "1f93458a-c8e0-4d1a-b9e4-7b5cb8c14325",
        "metadata": {
            "category": "Diagnosis and Treatment",
            "sub_category": "Preparing for your appointment",
            "disease": "cystitis"
        },
        "content": "If you have symptoms common to cystitis, make an appointment with your primary care provider. After an initial visit, you may then see a doctor who specializes in urinary tract disorders (urologist or nephrologist)."
    },
    {
        "chunk_id": "558f3daa-a707-4b80-bcc6-087b881dc8eb",
        "metadata": {
            "category": "Diagnosis and Treatment",
            "sub_category": "What you can do",
            "disease": "cystitis"
        },
        "content": "To prepare for your appointment: Ask if there's anything you need to do in advance, such as collect a urine sample. Write down your symptoms, including any that seem unrelated to cystitis. Make a list of all the medicines, vitamins or other supplements that you take. Take a family member or friend along, if possible. Sometimes it can be hard to remember all the information you're told during an appointment. Write down questions to ask your provider. For cystitis, basic questions to ask include: What's likely causing my symptoms? Are there any other possible causes? What tests do I need? What treatment approach do you recommend? If the first treatment doesn't work, what will we do next? Am I at risk of complications from this condition? Could this problem happen again? What can I do to prevent this from happening again? Should I see a specialist? Be sure to ask other questions during your appointment as they occur to you."
    },
    {
        "chunk_id": "9a0ee77e-30d2-47e9-96de-58467a5fefcb",
        "metadata": {
            "category": "Diagnosis and Treatment",
            "sub_category": "What to expect from your doctor",
            "disease": "cystitis"
        },
        "content": "Your provider is likely to ask you a number of questions, such as: When did you first notice symptoms? Have you been treated for a bladder or kidney infection in the past? How much pain are you in? How often do you use the bathroom? Do you feel better after urinating? Do you have low back pain? Have you had a fever? Have you noticed vaginal discharge or blood in your urine? Are you sexually active? Do you use birth control? What kind? Could you be pregnant? Are you being treated for any other medical conditions? Have you ever used a catheter? What medicines, vitamins or supplements do you take?"
    }
]