[
    {
        "chunk_id": "ad924846-a7e3-4346-a5fa-8e256c31420b",
        "metadata": {
            "category": "Overview",
            "sub_category": "Overview",
            "disease": "delayed sleep phase"
        },
        "content": "Delayed sleep phase is a sleep disorder that affects the internal clock, known as circadian rhythm. People with this sleep disorder have sleep patterns that are delayed two hours or more from usual sleep patterns. They go to sleep later and wake later. This makes it hard to wake in time for work or school. Delayed sleep phase also is known as delayed sleep-wake phase disorder. A treatment plan might include making changes to sleep habits, taking melatonin supplements and using light therapy."
    },
    {
        "chunk_id": "35465565-2ea2-47dc-a3ae-6efa5e2840e8",
        "metadata": {
            "category": "Overview",
            "sub_category": "Symptoms",
            "disease": "delayed sleep phase"
        },
        "content": "People with delayed sleep phase fall asleep and wake later than they want and later than usual sleep and wake times. Sleep and wake times are delayed at least two hours and may be delayed up to 3 to 6 hours. People with delayed sleep phase may regularly go to sleep at 3 a.m. and wake at 10 a.m., for example. Symptoms are persistent. They last at least three months and often for years. Symptoms may include: Not being able to fall asleep at a typical bedtime, known as insomnia. Trouble waking up in the morning in time to go to work or school. Extreme daytime drowsiness. Trouble staying alert during the day."
    },
    {
        "chunk_id": "a4fc09bd-43e8-4374-a21d-aeb1413bc7f1",
        "metadata": {
            "category": "Overview",
            "sub_category": "When to see a doctor",
            "disease": "delayed sleep phase"
        },
        "content": "See a health care professional if you have persistent symptoms of delayed sleep-wake phase disorder. Or make an appointment for your child if you think your child has symptoms of delayed sleep-wake phase disorder that don't go away. Also make an appointment if you or your child regularly has trouble waking in the morning or has excessive daytime drowsiness."
    },
    {
        "chunk_id": "b1d5899c-ff20-432e-8d8a-9be33f7625ff",
        "metadata": {
            "category": "Overview",
            "sub_category": "Causes",
            "disease": "delayed sleep phase"
        },
        "content": "Delayed sleep phase is caused by a person's internal clock being out of sync with the environment. Your internal clock lets you know when it's time to sleep and when it's time to wake. Known as circadian rhythm, your internal clock is on a 24-hour cycle. Cues in the environment influence the sleep-wake cycle. These cues include light, darkness, eating and physical activity. The exact cause of delayed sleep phase isn't known. But circadian rhythms can be delayed in teenagers for biological reasons. Staying up late to do homework, watch TV or use the internet can make the sleep delay worse."
    },
    {
        "chunk_id": "afb8299a-c009-4cd7-be01-edd504bd697a",
        "metadata": {
            "category": "Overview",
            "sub_category": "Risk factors",
            "disease": "delayed sleep phase"
        },
        "content": "Delayed sleep phase can affect children and adults of any age. However, delayed sleep phase is more common among teenagers and young adults."
    },
    {
        "chunk_id": "c85cf87d-a3a6-4811-ae0d-573baefd49de",
        "metadata": {
            "category": "Diagnosis and Treatment",
            "sub_category": "Diagnosis",
            "disease": "delayed sleep phase"
        },
        "content": "To diagnose delayed sleep phase, also known as delayed sleep-wake phase disorder, a health care professional reviews your family and medical history. You also may have a physical exam. You may need several tests to diagnose delayed sleep phase or any related conditions, such as: Actigraphy. This test tracks your sleep and wake times over several days. During the test, you wear a small device on your wrist that detects your motions. The device also may monitor light exposure. Sleep diary. You may need to keep a sleep diary for a week or longer. Log your daily sleep and wake times to understand your sleep pattern. Sleep study, also known as polysomnography. If it's suspected that you might have an additional sleep disorder, you may need a sleep study. In this test, you stay in a sleep center overnight. Polysomnography monitors your brain activity, heart rate, oxygen levels, eye movements and breathing function as you sleep."
    },
    {
        "chunk_id": "a12eb79b-8fbd-42bb-b7f0-a23c347eafb0",
        "metadata": {
            "category": "Diagnosis and Treatment",
            "sub_category": "Treatment",
            "disease": "delayed sleep phase"
        },
        "content": "A health care professional works with you to create a treatment plan that can help adjust your sleep and wake times. Your plan may include: Improving sleep habits. Making lifestyle changes can improve your sleep habits. This is known as sleep hygiene. To practice good sleep hygiene, go to bed and wake on a regular schedule, including on the weekends. It's best not to take naps during the day. Don't drink caffeine or alcohol near bedtime. And don't use tobacco products.\nExercising during the day also helps improve sleep, but schedule exercise to finish at least two hours before bedtime. It's also helpful not to engage in stimulating activities near bedtime. Use your bedroom only for sleeping and sex. Melatonin supplements. Melatonin is a hormone that plays a role in the sleep-wake cycle. You may be prescribed a melatonin supplement to take in the early evening. This can help adjust your circadian rhythm to go to sleep earlier. Light therapy. Light exposure using a light box in the morning may adjust your circadian rhythm. Chronotherapy. For some people, health care professionals prescribe a sleep schedule that delays bedtime by 1 to 2.5 hours every six days. This is done until the desired bedtime is reached. You need to maintain your sleep schedule once it is established."
    }
]