[
    {
        "chunk_id": "83e9853c-e29d-4296-8c0c-11abf1367308",
        "metadata": {
            "category": "Overview",
            "sub_category": "Overview",
            "disease": "dengue fever"
        },
        "content": "Dengue (DENG-gey) fever is a mosquito-borne illness that occurs in tropical and subtropical areas of the world. Mild dengue fever causes a high fever and flu-like symptoms. The severe form of dengue fever, also called dengue hemorrhagic fever, can cause serious bleeding, a sudden drop in blood pressure (shock) and death. Millions of cases of dengue infection occur worldwide each year. Dengue fever is most common in Southeast Asia, the western Pacific islands, Latin America and Africa. But the disease has been spreading to new areas, including local outbreaks in Europe and southern parts of the United States. Researchers are working on dengue fever vaccines. For now, in areas where dengue fever is common, the best ways to prevent infection are to avoid being bitten by mosquitoes and to take steps to reduce the mosquito population."
    },
    {
        "chunk_id": "26f81ebc-6337-4ec0-b3f3-a2674d52c1e3",
        "metadata": {
            "category": "Overview",
            "sub_category": "Symptoms",
            "disease": "dengue fever"
        },
        "content": "Many people experience no signs or symptoms of a dengue infection. When symptoms do occur, they may be mistaken for other illnesses — such as the flu — and usually begin four to 10 days after you are bitten by an infected mosquito. Dengue fever causes a high fever — 104 F (40 C) — and any of the following signs and symptoms: Headache Muscle, bone or joint pain Nausea Vomiting Pain behind the eyes Swollen glands Rash Most people recover within a week or so. In some cases, symptoms worsen and can become life-threatening. This is called severe dengue, dengue hemorrhagic fever or dengue shock syndrome. Severe dengue happens when your blood vessels become damaged and leaky. And the number of clot-forming cells (platelets) in your bloodstream drops. This can lead to shock, internal bleeding, organ failure and even death. Warning signs of severe dengue fever — which is a life-threatening emergency — can develop quickly. The warning signs usually begin the first day or two after your fever goes away, and may include: Severe stomach pain Persistent vomiting Bleeding from your gums or nose Blood in your urine, stools or vomit Bleeding under the skin, which might look like bruising Difficult or rapid breathing Fatigue Irritability or restlessness"
    },
    {
        "chunk_id": "7b66e90e-d366-4807-ad0e-2794436b8696",
        "metadata": {
            "category": "Overview",
            "sub_category": "When to see a doctor",
            "disease": "dengue fever"
        },
        "content": "Severe dengue fever is a life-threatening medical emergency. Seek immediate medical attention if you've recently visited an area in which dengue fever is known to occur, you have had a fever and you develop any of the warning signs. Warning signs include severe stomach pain, vomiting, difficulty breathing, or blood in your nose, gums, vomit or stools. If you've been traveling recently and develop a fever and mild symptoms of dengue fever, call your doctor."
    },
    {
        "chunk_id": "f667d4e9-8109-4240-b5f2-1b1e54e8dfd3",
        "metadata": {
            "category": "Overview",
            "sub_category": "Causes",
            "disease": "dengue fever"
        },
        "content": "Dengue fever is caused by any one of four types of dengue viruses. You can't get dengue fever from being around an infected person. Instead, dengue fever is spread through mosquito bites. The two types of mosquitoes that most often spread the dengue viruses are common both in and around human lodgings. When a mosquito bites a person infected with a dengue virus, the virus enters the mosquito. Then, when the infected mosquito bites another person, the virus enters that person's bloodstream and causes an infection. After you've recovered from dengue fever, you have long-term immunity to the type of virus that infected you — but not to the other three dengue fever virus types. This means you can be infected again in the future by one of the other three virus types. Your risk of developing severe dengue fever increases if you get dengue fever a second, third or fourth time."
    },
    {
        "chunk_id": "0234c3d8-d815-498a-898d-8a2f4bb07959",
        "metadata": {
            "category": "Overview",
            "sub_category": "Risk factors",
            "disease": "dengue fever"
        },
        "content": "You have a greater risk of developing dengue fever or a more severe form of the disease if: You live or travel in tropical areas. Being in tropical and subtropical areas increases your risk of exposure to the virus that causes dengue fever. Especially high-risk areas include Southeast Asia, the western Pacific islands, Latin America and Africa. You have had dengue fever in the past. Previous infection with a dengue fever virus increases your risk of severe symptoms if you get dengue fever again."
    },
    {
        "chunk_id": "83fab52a-f671-4c92-a9a1-2ff7d9a6ace8",
        "metadata": {
            "category": "Overview",
            "sub_category": "Complications",
            "disease": "dengue fever"
        },
        "content": "Severe dengue fever can cause internal bleeding and organ damage. Blood pressure can drop to dangerous levels, causing shock. In some cases, severe dengue fever can lead to death. Women who get dengue fever during pregnancy may be able to spread the virus to the baby during childbirth. Additionally, babies of women who get dengue fever during pregnancy have a higher risk of pre-term birth, low birth weight or fetal distress."
    },
    {
        "chunk_id": "6f3ce129-9d07-4671-8687-12c03cc59dc1",
        "metadata": {
            "category": "Overview",
            "sub_category": "Vaccine",
            "disease": "dengue fever"
        },
        "content": "Dengue fever vaccines may be available for people ages 6 to 60. Dengue vaccination is a series of two or three doses, depending on the vaccine you get, over the course of months. These vaccines are for use by people who live where the viruses that cause dengue are common, and who have already had dengue fever at least once. The vaccines are not available in the continental United States. But in 2019, the U.S. Food and Drug Administration approved a dengue vaccine called Dengvaxia for people ages 9 to 16 who have had dengue fever in the past and who live in U.S. territories and freely associated states where dengue fever is common."
    },
    {
        "chunk_id": "c51139b4-1866-4882-837c-deb8023c4a6d",
        "metadata": {
            "category": "Overview",
            "sub_category": "Prevent mosquito bites",
            "disease": "dengue fever"
        },
        "content": "The World Health Organization stresses that the vaccine is not an effective tool on its own to reduce dengue fever in areas where the illness is common. Preventing mosquito bites and controlling the mosquito population are still the main methods for preventing the spread of dengue fever. If you live in or travel to an area where dengue fever is common, these tips may help reduce your risk of mosquito bites: Stay in air-conditioned or well-screened housing. The mosquitoes that carry the dengue viruses are most active from dawn to dusk, but they can also bite at night. Wear protective clothing. When you go into mosquito-infested areas, wear a long-sleeved shirt, long pants, socks and shoes. Use mosquito repellent. Permethrin can be applied to your clothing, shoes, camping gear and bed netting. You can also buy clothing made with permethrin already in it. For your skin, use a repellent containing at least a 10% concentration of DEET. Reduce mosquito habitat. The mosquitoes that carry the dengue virus typically live in and around houses, breeding in standing water that can collect in such things as used automobile tires. You can help lower mosquito populations by eliminating habitats where they lay their eggs. At least once a week, empty and clean containers that hold standing water, such as planting containers, animal dishes and flower vases. Keep standing water containers covered between cleanings."
    },
    {
        "chunk_id": "35445fd6-1bfb-4e92-901d-7fe902efcac7",
        "metadata": {
            "category": "Diagnosis and Treatment",
            "sub_category": "Diagnosis",
            "disease": "dengue fever"
        },
        "content": "Diagnosing dengue fever can be difficult because its signs and symptoms can be easily confused with those of other diseases — such as chikungunya, Zika virus, malaria and typhoid fever. Your doctor will likely ask about your medical and travel history. Be sure to describe international trips in detail, including the countries you visited and the dates, as well as any contact you may have had with mosquitoes. Your doctor may also draw a sample of blood to be tested in a lab for evidence of infection with one of the dengue viruses."
    },
    {
        "chunk_id": "d6475da9-13a1-4221-a796-323f0d85df51",
        "metadata": {
            "category": "Diagnosis and Treatment",
            "sub_category": "Treatment",
            "disease": "dengue fever"
        },
        "content": "No specific treatment for dengue fever exists. While recovering from dengue fever, drink plenty of fluids. Call your doctor right away if you have any of the following signs and symptoms of dehydration: Decreased urination Few or no tears Dry mouth or lips Lethargy or confusion Cold or clammy extremities The over-the-counter (OTC) drug acetaminophen (Tylenol, others) can help reduce muscle pain and fever. But if you have dengue fever, you should avoid other OTC pain relievers, including aspirin, ibuprofen (Advil, Motrin IB, others) and naproxen sodium (Aleve). These pain relievers can increase the risk of dengue fever bleeding complications. If you have severe dengue fever, you may need: Supportive care in a hospital Intravenous (IV) fluid and electrolyte replacement Blood pressure monitoring Transfusion to replace blood loss"
    },
    {
        "chunk_id": "984e3351-9e23-48ad-b152-64b3ee4c1d49",
        "metadata": {
            "category": "Diagnosis and Treatment",
            "sub_category": "Preparing for your appointment",
            "disease": "dengue fever"
        },
        "content": "You'll likely start by seeing your primary care provider. But you might also be referred to a doctor who specializes in infectious diseases. Because appointments can be brief, and because there's often a lot of ground to cover, it's a good idea to be well prepared for your appointment. Here's some information to help you get ready, and what to expect from your doctor."
    },
    {
        "chunk_id": "d7b7fd50-f6c3-41de-8fb8-0b11b795d641",
        "metadata": {
            "category": "Diagnosis and Treatment",
            "sub_category": "What you can do",
            "disease": "dengue fever"
        },
        "content": "Write down any symptoms you're experiencing, including any that may seem unrelated to the reason for which you scheduled the appointment. Write down key personal information. List your international travel history, with dates and countries visited and medications taken while traveling. Bring a record of your immunizations, including pre-travel vaccinations. Make a list of all your medications. Include any vitamins or supplements you take regularly. Write down questions to ask your doctor. Preparing a list of questions can help you make the most of your time with your doctor. List your questions from most important to least important in case time runs out. For dengue fever, some basic questions to ask your doctor include: What's the most likely cause of my symptoms? What kinds of tests do I need? What treatments are available? How long will it be before I'm feeling better? Are there any long-term effects of this illness? Do you have any brochures or other printed material that I can take home with me? What websites do you recommend?"
    },
    {
        "chunk_id": "142e93f4-27a7-4b46-8427-56736be63ef9",
        "metadata": {
            "category": "Diagnosis and Treatment",
            "sub_category": "What to expect from your doctor",
            "disease": "dengue fever"
        },
        "content": "Be prepared to answer questions from your doctor, such as: When did your symptoms begin? Have your symptoms been continuous or occasional? How severe are your symptoms? Does anything seem to make your symptoms better or worse? Where have you traveled in the past month? Were you bitten by mosquitoes while traveling? Have you been in contact recently with anyone who was ill?"
    }
]