[
    {
        "chunk_id": "31b0a7ba-92bc-42f7-9001-960f33bf247b",
        "metadata": {
            "category": "Overview",
            "sub_category": "Overview",
            "disease": "endometrial cancer"
        },
        "content": "Endometrial cancer is a type of cancer that begins as a growth of cells in the uterus. The uterus is the hollow, pear-shaped pelvic organ where fetal development happens. Endometrial cancer begins in the layer of cells that form the lining of the uterus, called the endometrium. Endometrial cancer is sometimes called uterine cancer. Other types of cancer can form in the uterus, including uterine sarcoma, but they are much less common than endometrial cancer. Endometrial cancer is often found at an early stage because it causes symptoms. Often the first symptom is irregular vaginal bleeding. If endometrial cancer is found early, surgically removing the uterus often cures it."
    },
    {
        "chunk_id": "f41f9b35-2915-42d4-939f-c904e676964d",
        "metadata": {
            "category": "Overview",
            "sub_category": "Symptoms",
            "disease": "endometrial cancer"
        },
        "content": "Symptoms of endometrial cancer may include: Vaginal bleeding after menopause. Bleeding between periods. Pelvic pain."
    },
    {
        "chunk_id": "6b558e0f-7d27-4c8d-9030-12236be25906",
        "metadata": {
            "category": "Overview",
            "sub_category": "When to see a doctor",
            "disease": "endometrial cancer"
        },
        "content": "Make an appointment with a health care professional if you experience any symptoms that worry you."
    },
    {
        "chunk_id": "d836e297-0c9e-47bb-896c-6c5afccc748e",
        "metadata": {
            "category": "Overview",
            "sub_category": "Causes",
            "disease": "endometrial cancer"
        },
        "content": "The cause of endometrial cancer isn't known. What's known is that something happens to cells in the lining of the uterus that changes them into cancer cells. Endometrial cancer starts when cells in the lining of the uterus, called the endometrium, get changes in their DNA. A cell's DNA holds the instructions that tell the cell what to do. The changes tell the cells to multiply quickly. The changes also tell the cells to continue living when healthy cells would die as part of their natural life cycle. This causes a lot of extra cells. The cells might form a mass called a tumor. The cells can invade and destroy healthy body tissue. In time, the cells can break away and spread to other parts of the body."
    },
    {
        "chunk_id": "3cd92375-34ba-4f9f-abf3-063713daf147",
        "metadata": {
            "category": "Overview",
            "sub_category": "Risk factors",
            "disease": "endometrial cancer"
        },
        "content": "Factors that increase the risk of endometrial cancer include: Changes in the balance of hormones in the body. The two main hormones the ovaries make are estrogen and progesterone. Changes in the balance of these hormones cause changes in the endometrium.\nA disease or condition that increases the amount of estrogen, but not the level of progesterone, in the body can increase the risk of endometrial cancer. Examples include obesity, diabetes and irregular ovulation patterns, which might happen in polycystic ovary syndrome. Taking hormone therapy medicine that contains estrogen but not progestin after menopause increases the risk of endometrial cancer.\nA rare type of ovarian tumor that gives off estrogen also can increase the risk of endometrial cancer. More years of menstruation. Starting menstruation before age 12 or beginning menopause later increases the risk of endometrial cancer. The more periods you've had, the more exposure your endometrium has had to estrogen. Never having been pregnant. If you've never been pregnant, you have a higher risk of endometrial cancer than someone who has had at least one pregnancy. Older age. As you get older, your risk of endometrial cancer increases. Endometrial cancer occurs most often after menopause. Obesity. Being obese increases your risk of endometrial cancer. This may happen because extra body fat can alter your body's balance of hormones. Hormone therapy for breast cancer. Taking the hormone therapy medicine tamoxifen for breast cancer can increase the risk of developing endometrial cancer. If you're taking tamoxifen, talk about the risk with your health care team. For most, the benefits of tamoxifen outweigh the small risk of endometrial cancer. An inherited syndrome that increases the risk of cancer. Lynch syndrome increases the risk of colon cancer and other cancers, including endometrial cancer. Lynch syndrome is caused by a DNA change that's passed from parents to children. If a family member has been diagnosed with Lynch syndrome, ask your health care team about your risk of this genetic syndrome. If you've been diagnosed with Lynch syndrome, ask what cancer screenings you need."
    },
    {
        "chunk_id": "7a0cc2b9-cfc9-458c-a242-551c8b05216a",
        "metadata": {
            "category": "Overview",
            "sub_category": "Prevention",
            "disease": "endometrial cancer"
        },
        "content": "To reduce your risk of endometrial cancer, you may wish to: Talk to your health care team about the risks of hormone therapy after menopause. If you're considering hormone replacement therapy to help control menopause symptoms, ask about the risks and benefits. Unless you've had your uterus removed, replacing estrogen alone after menopause may increase your risk of endometrial cancer. A hormone therapy medicine that combines estrogen and progestin can reduce this risk. Hormone therapy carries other risks, so weigh the benefits and risks with your health care team. Consider taking birth control pills. Using oral contraceptives for at least one year may reduce endometrial cancer risk. Oral contraceptives are contraceptives that are taken in pill form. They also are called birth control pills. The risk reduction is thought to last for several years after you stop taking oral contraceptives. Oral contraceptives have side effects, though, so discuss the benefits and risks with your health care team. Maintain a healthy weight. Obesity increases the risk of endometrial cancer, so work to achieve and maintain a healthy weight. If you need to lose weight, increase your physical activity and reduce the number of calories you eat each day."
    },
    {
        "chunk_id": "e4908f28-bf0c-477e-b69f-5e41417d0215",
        "metadata": {
            "category": "Diagnosis and Treatment",
            "sub_category": "Diagnosing endometrial cancer",
            "disease": "endometrial cancer"
        },
        "content": "Tests and procedures used to diagnose endometrial cancer include: Examining the pelvis. A pelvic exam checks the reproductive organs. It's often done during a regular checkup, but it might be needed if you have symptoms of endometrial cancer.\nAdvertisement\nMayo Clinic does not endorse companies or products. Advertising revenue supports our not-for-profit mission.\nAdvertising & Sponsorship\nPolicy\nOpportunities\nAd Choices\nDuring the exam, a health care professional carefully inspects the outer genitals. Two fingers of one hand are inserted into the vagina and the other hand presses on the abdomen to feel the uterus and ovaries. A device called a speculum is inserted into the vagina. The device opens the vaginal canal so the health professional can look for signs of cancer or other problems. Policy Opportunities Ad Choices Imaging tests. Imaging tests make pictures of the inside of the body. They can tell your health care team about your cancer's location and size. One imaging test might be a transvaginal ultrasound. In this procedure, a wandlike device called a transducer is inserted into the vagina. The transducer uses sound waves to create a video image of the uterus. The image shows the thickness and texture of the endometrium. Ultrasound can help your health care team look for signs of cancer and rule out other causes for your symptoms. Other imaging tests such as MRI and CT scans also may be suggested. Using a scope to examine your endometrium, called a hysteroscopy. During a hysteroscopy, a health care professional inserts a thin, flexible, lighted tube through the vagina and cervix into the uterus. This tube is called a hysteroscope. A lens on the hysteroscope allows the health professional to examine the inside of the uterus and the endometrium. Removing a sample of tissue for testing, called a biopsy. In an endometrial biopsy, a sample of tissue is removed from the lining of the uterus. Endometrial biopsy often is done in a health care professional's office. The sample is sent to a lab for testing to see if it is cancer. Other special tests give more details about the cancer cells. Your health care team uses this information to make a treatment plan. Performing surgery to remove tissue for testing. If enough tissue can't be obtained during a biopsy or if the biopsy results are unclear, you'll likely need to undergo a procedure called dilation and curettage, also called D&C. During D&C, tissue is scraped from the lining of the uterus and examined under a microscope for cancer cells. If endometrial cancer is found, you'll likely be referred to a doctor who specializes in treating cancers involving the reproductive system, called a gynecologic oncologist."
    },
    {
        "chunk_id": "f5f4b64e-0a49-4db1-99e7-ea9fb1700ec6",
        "metadata": {
            "category": "Diagnosis and Treatment",
            "sub_category": "Staging endometrial cancer",
            "disease": "endometrial cancer"
        },
        "content": "Once your cancer has been diagnosed, your health care team works to determine the extent of your cancer, called the stage. Tests used to determine your cancer's stage may include a chest X-ray, a CT scan, blood tests and positron emission tomography, also called a PET scan. Your cancer's stage may not be known until after you have surgery to treat your cancer. Your health care team uses information from these tests and procedures to assign your cancer a stage. The stages of endometrial cancer are indicated using numbers ranging from 1 to 4. The lowest stage means that the cancer hasn't grown beyond the uterus. By stage 4, the cancer has grown to involve nearby organs, such as the bladder, or has spread to distant areas of the body."
    },
    {
        "chunk_id": "c5f7351b-3ea4-4052-8519-ddc6536be82d",
        "metadata": {
            "category": "Diagnosis and Treatment",
            "sub_category": "Treatment",
            "disease": "endometrial cancer"
        },
        "content": "Endometrial cancer is usually first treated with surgery to remove the cancer. This may include removing the uterus, fallopian tubes and ovaries. Other treatment options may include radiation therapy or treatments using medicines to kill the cancer cells. Options for treating your endometrial cancer will depend on the characteristics of your cancer, such as the stage, your general health and your preferences."
    },
    {
        "chunk_id": "c5616e4a-b03f-4e22-9ce1-72833e5fac45",
        "metadata": {
            "category": "Diagnosis and Treatment",
            "sub_category": "Surgery",
            "disease": "endometrial cancer"
        },
        "content": "Treatment for endometrial cancer usually involves an operation to remove the uterus, called a hysterectomy. Treatment also usually includes the removal of the fallopian tubes and ovaries, called a salpingo-oophorectomy. A hysterectomy makes it impossible for you to become pregnant in the future. Also, once your ovaries are removed, you'll experience menopause if you haven't already. During surgery, your surgeon also will inspect the areas around your uterus to look for signs that cancer has spread. Your surgeon also may remove lymph nodes for testing. This helps determine your cancer's stage."
    },
    {
        "chunk_id": "a5687e00-ae41-4bf8-99fb-c2bb72d31e20",
        "metadata": {
            "category": "Diagnosis and Treatment",
            "sub_category": "Radiation therapy",
            "disease": "endometrial cancer"
        },
        "content": "Radiation therapy uses powerful energy to kill cancer cells. The energy can come from X-rays, protons or other sources. In certain situations, radiation therapy may be recommended before surgery. Radiation therapy can shrink a tumor and make it easier to remove. If you aren't healthy enough to undergo surgery, you may opt for radiation therapy only. Radiation therapy can involve: Radiation from a machine outside your body. During external beam radiation, you lie on a table while a machine directs radiation to specific points on your body. Radiation placed inside your body. Internal radiation, called brachytherapy, involves a radiation-filled device, such as small seeds, wires or a cylinder. This device is placed inside your vagina for a short period of time."
    },
    {
        "chunk_id": "fd8aa453-82b8-4863-a7bb-c65b8aa45ae2",
        "metadata": {
            "category": "Diagnosis and Treatment",
            "sub_category": "Chemotherapy",
            "disease": "endometrial cancer"
        },
        "content": "Chemotherapy uses strong medicines to kill cancer cells. Some people receive one chemotherapy medicine. Others receive two or more medicines together. Most chemotherapy medicines are given through a vein, but some are taken in pill form. These medicines enter the bloodstream and then travel through the body, killing cancer cells. Chemotherapy is sometimes used after surgery to lower the risk that the cancer might return. Chemotherapy also can be used before surgery to shrink the cancer. This makes it more likely that the cancer is removed completely during surgery. Chemotherapy may be recommended for treating advanced endometrial cancer that has spread beyond the uterus or to treat cancer that has come back."
    },
    {
        "chunk_id": "e028a433-9b09-41f7-adcb-14a4231d141c",
        "metadata": {
            "category": "Diagnosis and Treatment",
            "sub_category": "Hormone therapy",
            "disease": "endometrial cancer"
        },
        "content": "Hormone therapy involves taking medicines to lower the hormone levels in the body. In response, cancer cells that rely on hormones to help them grow might die. Hormone therapy may be an option if you have advanced endometrial cancer that has spread beyond the uterus."
    },
    {
        "chunk_id": "c37d0d75-8766-4587-818a-cad01030ea8f",
        "metadata": {
            "category": "Diagnosis and Treatment",
            "sub_category": "Targeted therapy",
            "disease": "endometrial cancer"
        },
        "content": "Targeted therapy uses medicines that attack specific chemicals in cancer cells. By blocking these chemicals, targeted treatments can cause cancer cells to die. Targeted therapy is usually combined with chemotherapy for treating advanced endometrial cancer."
    },
    {
        "chunk_id": "01f25f3d-f9c3-454f-b837-603b1ae6bca0",
        "metadata": {
            "category": "Diagnosis and Treatment",
            "sub_category": "Immunotherapy",
            "disease": "endometrial cancer"
        },
        "content": "Immunotherapy uses medicine that helps the body's immune system kill cancer cells. The immune system fights off diseases by attacking germs and other cells that shouldn't be in the body. Cancer cells survive by hiding from the immune system. Immunotherapy helps the immune system cells find and kill the cancer cells. For endometrial cancer, immunotherapy might be considered if the cancer is advanced and other treatments haven't helped."
    },
    {
        "chunk_id": "2183f282-196b-4f90-b5a5-fed67c94fef0",
        "metadata": {
            "category": "Diagnosis and Treatment",
            "sub_category": "Palliative care",
            "disease": "endometrial cancer"
        },
        "content": "Palliative care is a special type of health care that helps you feel better when you have a serious illness. If you have cancer, palliative care can help relieve pain and other symptoms. Palliative care is done by a team of health care professionals. This can include doctors, nurses and other specially trained professionals. Their goal is to improve the quality of life for you and your family. Palliative care specialists work with you, your family and your care team to help you feel better. They provide an extra layer of support while you have cancer treatment. You can have palliative care at the same time as strong cancer treatments, such as surgery, chemotherapy or radiation therapy. When palliative care is used along with all of the other appropriate treatments, people with cancer may feel better and live longer."
    },
    {
        "chunk_id": "41f4d663-81cc-46a1-8d35-985000ffc407",
        "metadata": {
            "category": "Diagnosis and Treatment",
            "sub_category": "Clinical trials",
            "disease": "endometrial cancer"
        },
        "content": "Explore Mayo Clinic studies testing new treatments, interventions and tests as a means to prevent, detect, treat or manage this condition."
    },
    {
        "chunk_id": "aab5713d-53d2-4f01-9170-2bc034200c84",
        "metadata": {
            "category": "Diagnosis and Treatment",
            "sub_category": "Coping and support",
            "disease": "endometrial cancer"
        },
        "content": "After you receive a diagnosis of endometrial cancer, you may have many questions, fears and concerns. Every person eventually finds a way to cope with an endometrial cancer diagnosis. In time, you'll find what works for you. Until then, you might try to: Find out enough about endometrial cancer to make decisions about your care. Find out enough about your cancer so that you feel comfortable about making treatment choices. Ask your health care team about the stage and your treatment options and their side effects. Ask your care team to recommend places you can go to get more information about cancer. Good sources of information include the National Cancer Institute and the American Cancer Society. Maintain a strong support system. Strong relationships may help you cope with treatment. Talk with close friends and family members about how you're feeling. Connect with other cancer survivors through support groups in your community or online. Ask your health care team about support groups in your area. Stay involved in your usual activities when you can. When you're feeling up to it, try to stay involved in your usual activities."
    },
    {
        "chunk_id": "ec9a165d-e5e1-48ed-8bf6-88e83e0105a2",
        "metadata": {
            "category": "Diagnosis and Treatment",
            "sub_category": "Preparing for your appointment",
            "disease": "endometrial cancer"
        },
        "content": "Make an appointment with a member of your care team or a gynecologist if you have symptoms that worry you. If you're diagnosed with endometrial cancer, you're likely to be referred to a doctor who specializes in cancers of the reproductive system, called a gynecologic oncologist. Because appointments can be brief and there's often a lot to discuss, it's a good idea to be prepared. Here's some information to help you get ready, and what you can expect from your health care team."
    },
    {
        "chunk_id": "20d2c348-4a02-4564-9c2a-27e3d64d1b73",
        "metadata": {
            "category": "Diagnosis and Treatment",
            "sub_category": "What you can do",
            "disease": "endometrial cancer"
        },
        "content": "Write down any symptoms you're experiencing, including any that might not seem related to the reason for your appointment. Make a list of all medicines, vitamins and supplements that you're taking. Also note if you've used any type of hormonal therapy in the past, including birth control pills, tamoxifen or other hormonal treatments. Ask a family member or friend to accompany you. Sometimes it can be difficult to remember all the information provided during an appointment. Someone who accompanies you may remember something that you missed or forgot. Write down questions to ask your health care team. Your time with your health care professional is limited, so preparing a list of questions ahead of time can help you make the most of your time together. List your questions from most important to least important in case time runs out. For endometrial cancer, some basic questions to ask include: What's the most likely cause of my symptoms? Are there any other possible causes for my symptoms? What tests do I need to diagnose endometrial cancer? Are there other tests for staging the cancer? What treatments are available? What side effects can I expect from each treatment? How will these treatments affect my sexuality? What do you think is the best course of action for me? What are the alternatives to the primary approach that you're suggesting? I have other health conditions. How can I best manage them together? Are there any restrictions that I need to follow? Has my cancer spread? What stage is it? What's my prognosis? Should I see a specialist? What will that cost, and will my insurance cover it? Are there any brochures or other printed material that I can take with me? What websites do you recommend? In addition to the questions that you've prepared, don't hesitate to ask additional questions during your appointment."
    },
    {
        "chunk_id": "c5834c01-374f-4f69-873c-cd5ebadd1168",
        "metadata": {
            "category": "Diagnosis and Treatment",
            "sub_category": "What to expect from your doctor",
            "disease": "endometrial cancer"
        },
        "content": "Be prepared to answer some questions about your symptoms. Questions may include: Have you experienced any unusual vaginal bleeding or discharge? How often does that occur? Do you have any pelvic pain? Have you had any other symptoms? Have your symptoms been continuous or occasional? What, if anything, seems to improve your symptoms? What, if anything, appears to worsen your symptoms? Have you taken estrogen-only hormone therapy for menopausal symptoms? Do you have any personal history of cancer? Have other members of your family been diagnosed with cancer? How old were your relatives when they were diagnosed? What types of cancer?"
    }
]