[
    {
        "chunk_id": "4f6e1445-7230-4d91-87d7-4d314a38c924",
        "metadata": {
            "category": "Overview",
            "sub_category": "Overview",
            "disease": "frontotemporal dementia"
        },
        "content": "Frontotemporal dementia (FTD) is an umbrella term for a group of brain diseases that mainly affect the frontal and temporal lobes of the brain. These areas of the brain are associated with personality, behavior and language. In frontotemporal dementia, parts of these lobes shrink, known as atrophy. Symptoms depend on which part of the brain is affected. Some people with frontotemporal dementia have changes in their personalities. They become socially inappropriate and may be impulsive or emotionally indifferent. Others lose the ability to properly use language. Frontotemporal dementia can be misdiagnosed as a mental health condition or as Alzheimer's disease. But FTD tends to occur at a younger age than does Alzheimer's disease. It often begins between the ages of 40 and 65, although it can occur later in life as well. FTD is the cause of dementia about 10% to 20% of the time."
    },
    {
        "chunk_id": "9717d09d-85d6-4cd6-b631-7bbd4055336d",
        "metadata": {
            "category": "Overview",
            "sub_category": "Symptoms",
            "disease": "frontotemporal dementia"
        },
        "content": "Symptoms of frontotemporal dementia differ from one person to the next. Symptoms get worse over time, usually over years. People with frontotemporal dementia tend to have clusters of symptom types that occur together. They also may have more than one cluster of symptom types."
    },
    {
        "chunk_id": "0fbb938f-fa9a-4d2a-9df4-8d694bb6e4c1",
        "metadata": {
            "category": "Overview",
            "sub_category": "Behavioral changes",
            "disease": "frontotemporal dementia"
        },
        "content": "The most common symptoms of frontotemporal dementia involve extreme changes in behavior and personality. These include: Increasingly inappropriate social behavior. Loss of empathy and other interpersonal skills. For example, not being sensitive to another person's feelings. Lack of judgment. Loss of inhibition. Lack of interest, also known as apathy. Apathy can be mistaken for depression. Compulsive behaviors such as tapping, clapping, or smacking lips over and over. A decline in personal hygiene. Changes in eating habits. People with FTD typically overeat or prefer to eat sweets and carbohydrates. Eating objects. Compulsively wanting to put things in the mouth."
    },
    {
        "chunk_id": "34ed1c4e-7cf5-4932-aaa8-72f34dbf6774",
        "metadata": {
            "category": "Overview",
            "sub_category": "Speech and language symptoms",
            "disease": "frontotemporal dementia"
        },
        "content": "Some subtypes of frontotemporal dementia lead to changes in language ability or loss of speech. Subtypes include primary progressive aphasia, semantic dementia and progressive agrammatic aphasia, also known as progressive nonfluent aphasia. These conditions can cause: Increasing trouble using and understanding written and spoken language. People with FTD may not be able to find the right word to use in speech. Trouble naming things. People with FTD may replace a specific word with a more general word, such as using \"it\" for pen. No longer knowing word meanings. Having hesitant speech that may sound telegraphic by using simple, two-word sentences. Making mistakes in sentence building."
    },
    {
        "chunk_id": "62ed7b2c-a802-429c-9f1a-9ec0497d2e28",
        "metadata": {
            "category": "Overview",
            "sub_category": "Movement conditions",
            "disease": "frontotemporal dementia"
        },
        "content": "Rare subtypes of frontotemporal dementia cause movements similar to those seen in Parkinson's disease or amyotrophic lateral sclerosis (ALS). Movement symptoms may include: Tremor. Rigidity. Muscle spasms or twitches. Poor coordination. Trouble swallowing. Muscle weakness. Inappropriate laughing or crying. Falls or trouble walking."
    },
    {
        "chunk_id": "7fc9dcf6-55fc-408a-8627-75359b3b4047",
        "metadata": {
            "category": "Overview",
            "sub_category": "Causes",
            "disease": "frontotemporal dementia"
        },
        "content": "In frontotemporal dementia, the frontal and temporal lobes of the brain shrink and certain substances build up in the brain. What causes these changes is usually not known. Some genetic changes have been linked to frontotemporal dementia. But more than half of the people with FTD have no family history of dementia. Researchers have confirmed that some frontotemporal dementia gene changes also are seen in amyotrophic lateral sclerosis (ALS). More research is being done to understand the connection between the conditions."
    },
    {
        "chunk_id": "b4ce4291-d8ab-489b-b8aa-8223988525f7",
        "metadata": {
            "category": "Overview",
            "sub_category": "Risk factors",
            "disease": "frontotemporal dementia"
        },
        "content": "Your risk of getting frontotemporal dementia is higher if you have a family history of dementia. There are no other known risk factors."
    },
    {
        "chunk_id": "d447ed5f-9afc-4f88-af9c-41bb1ba27919",
        "metadata": {
            "category": "Diagnosis and Treatment",
            "sub_category": "Diagnosis",
            "disease": "frontotemporal dementia"
        },
        "content": "There's no single test for frontotemporal dementia. Healthcare professionals consider your symptoms and exclude other possible causes of your symptoms. FTD can be hard to diagnose early because symptoms of frontotemporal dementia often overlap with those of other conditions. Healthcare professionals may order the following tests."
    },
    {
        "chunk_id": "90cbc02a-7cb1-4b07-aadf-705f6f719071",
        "metadata": {
            "category": "Diagnosis and Treatment",
            "sub_category": "Blood tests",
            "disease": "frontotemporal dementia"
        },
        "content": "To help rule out other conditions, such as liver or kidney disease, you may need blood tests."
    },
    {
        "chunk_id": "76e80f75-40a4-4cc1-8cf7-f7d22ddef0de",
        "metadata": {
            "category": "Diagnosis and Treatment",
            "sub_category": "Sleep study",
            "disease": "frontotemporal dementia"
        },
        "content": "Some symptoms of obstructive sleep apnea can be similar to those of frontotemporal dementia. These symptoms can include changes in memory, thinking and behavior. You may need a sleep study if you experience loud snoring and pauses in breathing while you sleep. A sleep study can help rule out obstructive sleep apnea as a cause of your symptoms."
    },
    {
        "chunk_id": "9def906c-cbf2-43f2-895b-df1016ae068f",
        "metadata": {
            "category": "Diagnosis and Treatment",
            "sub_category": "Neuropsychological testing",
            "disease": "frontotemporal dementia"
        },
        "content": "Healthcare professionals may test your reasoning and memory skills. This type of testing is especially helpful to learn which type of dementia you may have at an early stage. It also can help distinguish FTD from other causes of dementia."
    },
    {
        "chunk_id": "40103211-03a1-4a5f-9fd7-d8a89236045b",
        "metadata": {
            "category": "Diagnosis and Treatment",
            "sub_category": "Brain scans",
            "disease": "frontotemporal dementia"
        },
        "content": "Images of the brain can reveal visible conditions that may be causing symptoms. These may include clots, bleeding or tumors. Magnetic resonance imaging (MRI). An MRI machine uses radio waves and a strong magnetic field to produce detailed images of the brain. An MRI can show changes in the shape or size of the frontal or temporal lobes. Fluorodeoxyglucose positron emission tracer (FDG-PET) scan. This test uses a low-level radioactive tracer that's injected into the blood. The tracer can help show areas of the brain where nutrients are poorly metabolized. Areas of low metabolism can show where changes have occurred in the brain and can help doctors diagnose the type of dementia. There's hope that diagnosing frontotemporal dementia may become easier in the future. Researchers are studying potential biomarkers of FTD. Biomarkers are substances that can be measured to help diagnose a disease."
    },
    {
        "chunk_id": "248f07ec-9dcb-4f9b-93dc-93aa17edb254",
        "metadata": {
            "category": "Diagnosis and Treatment",
            "sub_category": "Treatment",
            "disease": "frontotemporal dementia"
        },
        "content": "There's currently no cure or treatment for frontotemporal dementia, although research into treatments is ongoing. Medicines used to treat or slow Alzheimer's disease don't seem to be helpful for people with frontotemporal dementia. Some Alzheimer's medicines may worsen the FTD symptoms. But certain medicines and speech therapy can help manage your symptoms."
    },
    {
        "chunk_id": "9f9d2845-b1d6-49bb-a314-30b417468f3d",
        "metadata": {
            "category": "Diagnosis and Treatment",
            "sub_category": "Medications",
            "disease": "frontotemporal dementia"
        },
        "content": "These medicines may help manage behavioral symptoms of frontotemporal dementia. Antidepressants. Some types of antidepressants, such as trazodone, may reduce behavioral symptoms. Selective serotonin reuptake inhibitors (SSRIs) also are effective for some people. They include citalopram (Celexa), escitalopram (Lexapro), paroxetine (Paxil, Brisdelle) or sertraline (Zoloft). Antipsychotics. Antipsychotic medicines, such as olanzapine (Zyprexa) or quetiapine (Seroquel), are sometimes used to treat behavioral symptoms of FTD. But these medicines must be used with caution in people with dementia. They can have serious side effects, including an increased risk of death."
    },
    {
        "chunk_id": "33136677-d019-49aa-8fbe-0dc70903454e",
        "metadata": {
            "category": "Diagnosis and Treatment",
            "sub_category": "Therapy",
            "disease": "frontotemporal dementia"
        },
        "content": "People with frontotemporal dementia who have trouble with language may benefit from speech therapy. Speech therapy teaches people to use communication aids."
    },
    {
        "chunk_id": "b26d4fe3-7803-4b8f-abf6-12c3f2a3e132",
        "metadata": {
            "category": "Diagnosis and Treatment",
            "sub_category": "Clinical trials",
            "disease": "frontotemporal dementia"
        },
        "content": "Explore Mayo Clinic studies testing new treatments, interventions and tests as a means to prevent, detect, treat or manage this condition."
    },
    {
        "chunk_id": "42f0b103-9f4c-414c-a2fd-ebdc3ef47510",
        "metadata": {
            "category": "Diagnosis and Treatment",
            "sub_category": "Lifestyle and home remedies",
            "disease": "frontotemporal dementia"
        },
        "content": "As frontotemporal dementia symptoms get worse, you'll need the help of caregivers. Caregivers can help you with daily activities, help maintain your safety, provide transportation and help with finances. Your healthcare professional can tell you when you may need to stop driving or let someone you trust take over your finances. It's also important to get regular cardiovascular exercise. It may help improve your mood and thinking skills. At home, it may be helpful to make adjustments so that daily living tasks are easier and you reduce the chance of injuries. For example, remove rugs to reduce falls. Or raise toilets to make it easier to use the bathroom. Caregivers may be able to address behavioral symptoms by changing the way they interact with people with dementia. Ask your loved one's healthcare professional about resources that provide training in caring for someone with dementia. Keeping a log of behavioral symptoms may help you pinpoint things in the environment that trigger symptoms. Taking these steps also may help: Skip events or activities that trigger behavior that's not desired. Remove negative environmental cues, such as car keys. Maintain a calm environment. Provide structured routines. Simplify daily tasks. Distract and redirect attention from harmful or inappropriate behaviors."
    },
    {
        "chunk_id": "ef2b05e4-5eff-4f48-b6ed-623dcf4d69e1",
        "metadata": {
            "category": "Diagnosis and Treatment",
            "sub_category": "Coping and support",
            "disease": "frontotemporal dementia"
        },
        "content": "If you've been diagnosed with frontotemporal dementia, receiving support, care and compassion from people you trust can be invaluable. Through your healthcare professional or the internet, find a support group for people with frontotemporal dementia. A support group can provide information tailored for your needs. It also allows you to share your experiences and feelings."
    },
    {
        "chunk_id": "32dfc85d-87e6-48dd-aef3-8dfa2fabd371",
        "metadata": {
            "category": "Diagnosis and Treatment",
            "sub_category": "For caregivers and care partners",
            "disease": "frontotemporal dementia"
        },
        "content": "Caring for someone with frontotemporal dementia can be challenging because FTD can cause extreme personality changes and behavioral symptoms. It may be helpful to educate others about behavioral symptoms and what they can expect when spending time with your loved one. Caregivers and the spouses, partners or other relatives who care for people with dementia, known as care partners, need assistance. They might find help from family members, friends and support groups. Or they may use respite care provided by adult care centers or home health care agencies. It's important for caregivers and care partners to take care of their health, exercise, eat a healthy diet and manage their stress. Participating in hobbies outside the home may help ease some stress. When a person with frontotemporal dementia requires 24-hour care, most families turn to nursing homes. Plans made ahead of time will make this transition easier and may allow the person to be involved in the decision-making process."
    },
    {
        "chunk_id": "20b7a95f-7cae-4c3b-b771-7f17da49a4c3",
        "metadata": {
            "category": "Diagnosis and Treatment",
            "sub_category": "Preparing for your appointment",
            "disease": "frontotemporal dementia"
        },
        "content": "People with frontotemporal dementia often don't recognize that they have symptoms. Family members usually notice changes and arrange for an appointment with a healthcare professional. Your healthcare professional may refer you to a doctor trained in nervous system conditions, known as a neurologist. Or you may be referred to a doctor trained in mental health conditions, known as a psychologist."
    },
    {
        "chunk_id": "1535d6ae-3332-41b3-a296-206c21cd6146",
        "metadata": {
            "category": "Diagnosis and Treatment",
            "sub_category": "What you can do",
            "disease": "frontotemporal dementia"
        },
        "content": "You may not be aware of all your symptoms, so it's a good idea to take a family member or close friend along with you to your appointment. You also may want to take a written list that includes: Detailed descriptions of your symptoms. Medical conditions you've had in the past. The medical conditions of your parents or siblings. All the medicines and dietary supplements you take. Questions you want to ask your healthcare professional."
    },
    {
        "chunk_id": "59bc0b6e-70df-4b6e-83f9-313a325c6474",
        "metadata": {
            "category": "Diagnosis and Treatment",
            "sub_category": "What to expect from your doctor",
            "disease": "frontotemporal dementia"
        },
        "content": "In addition to a physical exam, your healthcare professional checks your neurological health. This is done by testing things such as your balance, muscle tone and strength. You also may have a brief mental status evaluation to check your memory and thinking skills."
    }
]