[
    {
        "chunk_id": "d751ba42-482d-426b-aea4-c8dff2d2c97b",
        "metadata": {
            "category": "Overview",
            "sub_category": "Overview",
            "disease": "gerd"
        },
        "content": "Gastroesophageal reflux disease is a condition in which stomach acid repeatedly flows back up into the tube connecting the mouth and stomach, called the esophagus. It's often called GERD for short. This backwash is known as acid reflux, and it can irritate the lining of the esophagus. Many people experience acid reflux now and then. However, when acid reflux happens repeatedly over time, it can cause GERD. Most people can manage the discomfort of GERD with lifestyle changes and medicines. And though it's uncommon, some may need surgery to help with symptoms."
    },
    {
        "chunk_id": "4cb13c04-a838-447d-aeea-da8853279d15",
        "metadata": {
            "category": "Overview",
            "sub_category": "Symptoms",
            "disease": "gerd"
        },
        "content": "Common symptoms of GERD include: A burning sensation in the chest, often called heartburn. Heartburn usually happens after eating and might be worse at night or while lying down. Backwash of food or sour liquid in the throat. Upper belly or chest pain. Trouble swallowing, called dysphagia. Sensation of a lump in the throat. If you have nighttime acid reflux, you also might experience: An ongoing cough. Inflammation of the vocal cords, known as laryngitis. New or worsening asthma."
    },
    {
        "chunk_id": "71d79a7e-5737-492f-a3f5-af051241e1f3",
        "metadata": {
            "category": "Overview",
            "sub_category": "When to see a doctor",
            "disease": "gerd"
        },
        "content": "Seek medical help right away if you have chest pain, especially if you also have shortness of breath, or jaw or arm pain. These may be symptoms of a heart attack. Make an appointment with a healthcare professional if you: Have severe or frequent GERD symptoms. Take nonprescription medicines for heartburn more than twice a week."
    },
    {
        "chunk_id": "972f7d01-7b0c-46b8-9437-f98b027f1852",
        "metadata": {
            "category": "Overview",
            "sub_category": "Causes",
            "disease": "gerd"
        },
        "content": "GERD is caused by frequent acid reflux or reflux of nonacidic content from the stomach. When you swallow, a circular band of muscle around the bottom of the esophagus, called the lower esophageal sphincter, relaxes to allow food and liquid to flow into the stomach. Then the sphincter closes again. If the sphincter does not relax as is typical or it weakens, stomach acid can flow back into the esophagus. This constant backwash of acid irritates the lining of the esophagus, often causing it to become inflamed."
    },
    {
        "chunk_id": "85284071-ebd2-4d88-ac97-5349717d49b5",
        "metadata": {
            "category": "Overview",
            "sub_category": "Risk factors",
            "disease": "gerd"
        },
        "content": "Conditions that can increase the risk of GERD include: Obesity. Bulging of the top of the stomach up above the diaphragm, known as a hiatal hernia. Pregnancy. Connective tissue disorders, such as scleroderma. Delayed stomach emptying. Factors that can aggravate acid reflux include: Smoking. Eating large meals or eating late at night. Eating certain foods, such as fatty or fried foods. Drinking certain beverages, such as alcohol or coffee. Taking certain medicines, such as aspirin."
    },
    {
        "chunk_id": "27a83f80-694a-45f5-b1e1-a283a99c646d",
        "metadata": {
            "category": "Overview",
            "sub_category": "Complications",
            "disease": "gerd"
        },
        "content": "Over time, long-lasting inflammation in the esophagus can cause: Inflammation of the tissue in the esophagus, known as esophagitis. Stomach acid can break down tissue in the esophagus. This can cause inflammation, bleeding and sometimes an open sore, called an ulcer. Esophagitis can cause pain and make swallowing difficult. Narrowing of the esophagus, called an esophageal stricture. Damage to the lower esophagus from stomach acid causes scar tissue to form. The scar tissue narrows the food pathway, leading to problems with swallowing. Precancerous changes to the esophagus, known as Barrett esophagus. Damage from acid can cause changes in the tissue lining the lower esophagus. These changes are associated with an increased risk of esophageal cancer."
    },
    {
        "chunk_id": "f514689b-d26d-446b-91dd-da788ab222aa",
        "metadata": {
            "category": "Diagnosis and Treatment",
            "sub_category": "Diagnosis",
            "disease": "gerd"
        },
        "content": "A healthcare professional might be able to diagnose GERD based on a history of symptoms and a physical examination. To confirm a diagnosis of GERD, or to check for complications, a care professional might recommend: Upper endoscopy. An upper endoscopy uses a tiny camera on the end of a flexible tube to visually examine the upper digestive system. The camera helps provide a view of the inside of the esophagus and stomach. Test results may not show when reflux is present, but an endoscopy may find inflammation of the esophagus or other complications.\nAdvertisement\nMayo Clinic does not endorse companies or products. Advertising revenue supports our not-for-profit mission.\nAdvertising & Sponsorship\nPolicy\nOpportunities\nAd Choices Policy Opportunities Ad Choices Ambulatory acid (pH) probe test. A monitor is placed in the esophagus to identify when, and for how long, stomach acid regurgitates there. The monitor connects to a small computer that's worn around the waist or with a strap over the shoulder.\nThe monitor might be a thin, flexible tube, called a catheter, that's threaded through the nose into the esophagus. Or it might be a capsule that's placed in the esophagus during an endoscopy. The capsule passes into the stool after about two days. X-ray of the upper digestive system. X-rays are taken after drinking a chalky liquid that coats and fills the inside lining of the digestive tract. The coating allows a healthcare professional to see a silhouette of the esophagus and stomach. This is particularly useful for people who are having trouble swallowing.\nSometimes, an X-ray is done after swallowing a barium pill. This can help diagnose a narrowing of the esophagus that's interfering with swallowing. Esophageal manometry. This test measures the rhythmic muscle contractions in the esophagus while swallowing. Esophageal manometry also measures the coordination and force exerted by the muscles of the esophagus. This is typically done in people who have trouble swallowing. Transnasal esophagoscopy. This test is done to look for any damage in the esophagus. A thin, flexible tube with a video camera is put through the nose and moved down the throat into the esophagus. The camera sends pictures to a video screen."
    },
    {
        "chunk_id": "11bbfeeb-65b1-44f4-84b8-b8de9f8d20b7",
        "metadata": {
            "category": "Diagnosis and Treatment",
            "sub_category": "Treatment",
            "disease": "gerd"
        },
        "content": "A healthcare professional is likely to recommend trying lifestyle changes and nonprescription medicines as a first line of treatment. If you don't experience relief within a few weeks, prescription medicine and additional testing may be recommended."
    },
    {
        "chunk_id": "14cf956b-c62e-438a-9c3b-094e50f58a6a",
        "metadata": {
            "category": "Diagnosis and Treatment",
            "sub_category": "Nonprescription medicines",
            "disease": "gerd"
        },
        "content": "Options include: Antacids that neutralize stomach acid. Antacids containing calcium carbonate, such as Mylanta, Rolaids and Tums, may provide quick relief. But antacids alone won't heal an inflamed esophagus damaged by stomach acid. Overuse of some antacids can cause side effects, such as diarrhea or sometimes kidney complications. Medicines to reduce acid production. These medicines — known as histamine (H-2) blockers — include cimetidine (Tagamet HB), famotidine (Pepcid AC) and nizatidine (Axid). H-2 blockers don't act as quickly as antacids, but they provide longer relief and may decrease acid production from the stomach for up to 12 hours. Stronger versions are available by prescription. Medicines that block acid production and heal the esophagus. These medicines — known as proton pump inhibitors — are stronger acid blockers than H-2 blockers and allow time for damaged esophageal tissue to heal. Nonprescription proton pump inhibitors include lansoprazole (Prevacid), omeprazole (Prilosec OTC) and esomeprazole (Nexium). If you start taking a nonprescription medicine for GERD, be sure to inform your care provider."
    },
    {
        "chunk_id": "d2ec16b8-b2fe-42f6-b4e6-2a39b2637bd5",
        "metadata": {
            "category": "Diagnosis and Treatment",
            "sub_category": "Prescription medicines",
            "disease": "gerd"
        },
        "content": "Prescription-strength treatments for GERD include: Prescription-strength proton pump inhibitors. These include esomeprazole (Nexium), lansoprazole (Prevacid), omeprazole (Prilosec), pantoprazole (Protonix), rabeprazole (Aciphex) and dexlansoprazole (Dexilant).\nAlthough generally well tolerated, these medicines might cause diarrhea, headaches, nausea or, in rare instances, low vitamin B-12 or magnesium levels. Prescription-strength H-2 blockers. These include prescription-strength famotidine and nizatidine. Side effects from these medicines are generally mild and well tolerated."
    },
    {
        "chunk_id": "31a8118f-3ae7-4fee-a157-225dfd8f415b",
        "metadata": {
            "category": "Diagnosis and Treatment",
            "sub_category": "Surgery and other procedures",
            "disease": "gerd"
        },
        "content": "GERD can usually be controlled with medicine. But if medicines don't help or you wish to avoid long-term medicine use, a healthcare professional might recommend: Fundoplication. The surgeon wraps the top of the stomach around the lower esophageal sphincter, to tighten the muscle and prevent reflux. Fundoplication is usually done with a minimally invasive, called laparoscopic, procedure. The wrapping of the top part of the stomach can be partial or complete, known as Nissen fundoplication. The most common partial procedure is the Toupet fundoplication. Your surgeon typically recommends the type that is best for you. LINX device. A ring of tiny magnetic beads is wrapped around the junction of the stomach and esophagus. The magnetic attraction between the beads is strong enough to keep the junction closed to refluxing acid, but weak enough to allow food to pass through. The LINX device can be implanted using minimally invasive surgery. The magnetic beads do not affect airport security or magnetic resonance imaging. Transoral incisionless fundoplication (TIF). This new procedure involves tightening the lower esophageal sphincter by creating a partial wrap around the lower esophagus using polypropylene fasteners. TIF is performed through the mouth by using an endoscope and requires no surgical incision. Its advantages include quick recovery time and high tolerance.\nIf you have a large hiatal hernia, TIF alone is not an option. However, TIF may be possible if it is combined with laparoscopic hiatal hernia repair. Because obesity can be a risk factor for GERD, a healthcare professional could suggest weight-loss surgery as an option for treatment. Talk with your healthcare team to find out if you're a candidate for this type of surgery."
    },
    {
        "chunk_id": "73136560-5ab6-4806-b7bb-d9274e3ca753",
        "metadata": {
            "category": "Diagnosis and Treatment",
            "sub_category": "Clinical trials",
            "disease": "gerd"
        },
        "content": "Explore Mayo Clinic studies testing new treatments, interventions and tests as a means to prevent, detect, treat or manage this condition."
    },
    {
        "chunk_id": "936e5687-16e0-4d69-8b70-204233160fdb",
        "metadata": {
            "category": "Diagnosis and Treatment",
            "sub_category": "Lifestyle and home remedies",
            "disease": "gerd"
        },
        "content": "Lifestyle changes may help reduce the frequency of acid reflux. Try to: Maintain a healthy weight. Excess pounds put pressure on the abdomen, pushing up the stomach and causing acid to reflux into the esophagus. Stop smoking. Smoking decreases the lower esophageal sphincter's ability to function properly. Elevate the head of your bed. If you regularly experience heartburn while trying to sleep, place wood or cement blocks under the feet at the head end of your bed. Raise the head end by 6 to 9 inches. If you can't elevate your bed, you can insert a wedge between your mattress and box spring to elevate your body from the waist up. Raising your head with additional pillows isn't effective. Start on your left side. When you go to bed, start by lying on your left side to help make it less likely to have reflux. Don't lie down after a meal. Wait at least three hours after eating before lying down or going to bed. Eat food slowly and chew thoroughly. Put down your fork after every bite and pick it up again once you have chewed and swallowed that bite. Don't consume foods and drinks that trigger reflux. Common triggers include alcohol, chocolate, caffeine, fatty foods or peppermint. Don't wear tight-fitting clothing. Clothes that fit tightly around the waist put pressure on the abdomen and the lower esophageal sphincter."
    },
    {
        "chunk_id": "0e9c0c94-aab8-4c17-8d2f-43c6410d8e55",
        "metadata": {
            "category": "Diagnosis and Treatment",
            "sub_category": "Alternative medicine",
            "disease": "gerd"
        },
        "content": "Some complementary and alternative therapies, such as ginger, chamomile and slippery elm, may be recommended to treat GERD. However, none have been proved to treat GERD or reverse damage to the esophagus. Talk to a healthcare professional if you're considering taking alternative therapies to treat GERD."
    },
    {
        "chunk_id": "a3ba34ef-de15-4d21-a36e-c89a83cbb709",
        "metadata": {
            "category": "Diagnosis and Treatment",
            "sub_category": "Preparing for your appointment",
            "disease": "gerd"
        },
        "content": "You may be referred to a doctor who specializes in the digestive system, called a gastroenterologist."
    },
    {
        "chunk_id": "8e54ac7b-7d2c-48f7-972c-68b26c1247eb",
        "metadata": {
            "category": "Diagnosis and Treatment",
            "sub_category": "What you can do",
            "disease": "gerd"
        },
        "content": "Be aware of any pre-appointment restrictions, such as restricting your diet before your appointment. Write down your symptoms, including any that may seem unrelated to the reason why you scheduled the appointment. Write down any triggers to your symptoms, such as specific foods. Make a list of all your medicines, vitamins and supplements. Write down your key medical information, including other conditions. Write down key personal information, along with any recent changes or stressors in your life. Write down questions to ask your doctor. Ask a relative or friend to go with you, to help you remember what was talked about."
    },
    {
        "chunk_id": "40094e56-c6d3-4d0f-8454-5a8f37359349",
        "metadata": {
            "category": "Diagnosis and Treatment",
            "sub_category": "Questions to ask your doctor",
            "disease": "gerd"
        },
        "content": "What's the most likely cause of my symptoms? What tests do I need? Is there any special preparation for them? Is my condition likely temporary or chronic? What treatments are available? Are there any restrictions I need to follow? I have other health concerns. How can I best manage these conditions together? In addition to the questions that you've prepared, don't hesitate to ask questions during your appointment anytime you don't understand something."
    },
    {
        "chunk_id": "0cad83de-079c-4904-a6ef-e27fbf3a5db5",
        "metadata": {
            "category": "Diagnosis and Treatment",
            "sub_category": "What to expect from your doctor",
            "disease": "gerd"
        },
        "content": "You're likely to be asked a few questions. Being ready to answer them may leave time to go over points you want to spend more time on. You may be asked: When did you begin experiencing symptoms? How severe are they? Have your symptoms been continuous or occasional? What, if anything, seems to improve or worsen your symptoms? Do your symptoms wake you up at night? Are your symptoms worse after meals or lying down? Does food or sour material ever come up in the back of your throat? Do you have trouble swallowing food, or have you had to change your diet to avoid difficulty swallowing? Have you gained or lost weight?"
    }
]