[
    {
        "chunk_id": "253e496c-0120-4fe5-b83c-545fcbb66864",
        "metadata": {
            "category": "Overview",
            "sub_category": "Overview",
            "disease": "hyperhidrosis"
        },
        "content": "Hyperhidrosis (hi-pur-hi-DROE-sis) is excessive sweating that's not always related to heat or exercise. You may sweat so much that it soaks through your clothes or drips off your hands. Heavy sweating can disrupt your day and cause social anxiety and embarrassment. Hyperhidrosis treatment usually helps. It often begins with antiperspirants. If these don't help, you may need to try different medications and therapies. In severe cases, your health care provider may suggest surgery to remove the sweat glands or to disconnect the nerves related to producing too much sweat. Sometimes an underlying condition may be found and treated."
    },
    {
        "chunk_id": "03abfbf9-37ba-4560-9826-f450b8d84ef3",
        "metadata": {
            "category": "Overview",
            "sub_category": "Symptoms",
            "disease": "hyperhidrosis"
        },
        "content": "The main symptom of hyperhidrosis is heavy sweating. This goes beyond the sweating from being in a hot environment, exercising, or feeling anxious or stressed. The type of hyperhidrosis that usually affects the hands, feet, underarms or face causes at least one episode a week when you're awake. And the sweating usually happens on both sides of the body."
    },
    {
        "chunk_id": "48e42bba-56f8-4716-81bc-081d3502cf68",
        "metadata": {
            "category": "Overview",
            "sub_category": "When to see a doctor",
            "disease": "hyperhidrosis"
        },
        "content": "Sometimes excessive sweating is a sign of a serious condition. Seek immediate medical attention if you have heavy sweating with dizziness, pain in the chest, throat, jaw, arms, shoulders or throat, or cold skin and a rapid pulse. See your health care provider if: Sweating disrupts your daily routine Sweating causes emotional distress or social withdrawal You suddenly begin to sweat more than usual You experience night sweats for no apparent reason"
    },
    {
        "chunk_id": "cc384534-0d7a-4057-b2bf-e9f76fc6e5c9",
        "metadata": {
            "category": "Overview",
            "sub_category": "Causes",
            "disease": "hyperhidrosis"
        },
        "content": "Sweating is the body's mechanism to cool itself. The nervous system automatically triggers sweat glands when your body temperature rises. Sweating also occurs, especially on your palms, when you're nervous. Primary hyperhidrosis is caused by faulty nerve signals that trigger eccrine sweat glands to become overactive. It usually affects the palms, soles, underarms and sometimes the face. There is no medical cause for this type of hyperhidrosis. It can run in families. Secondary hyperhidrosis is caused by an underlying medical condition or by taking certain medications, such as pain relievers, antidepressants, and some diabetes and hormonal medications. This type of hyperhidrosis may cause sweating all over the body. Conditions that might cause it include: Diabetes Menopause hot flashes Thyroid problems Some types of cancer Nervous system disorders Infections"
    },
    {
        "chunk_id": "507e7040-1fd3-485f-81be-e7d4ca78e67c",
        "metadata": {
            "category": "Overview",
            "sub_category": "Risk factors",
            "disease": "hyperhidrosis"
        },
        "content": "Risk factors for hyperhidrosis include: Having a blood relative, such as a parent, sibling or grandparent, who sweats heavily Taking medicines or supplements that cause sweating Having a medical condition that causes sweating"
    },
    {
        "chunk_id": "2a7f3ab5-b1c1-4bc4-b750-9f95ce37dd31",
        "metadata": {
            "category": "Overview",
            "sub_category": "Complications",
            "disease": "hyperhidrosis"
        },
        "content": "Complications of hyperhidrosis include: Infections. People who sweat a lot are more prone to skin infections. Social and emotional effects. Having clammy or dripping hands and sweat-soaked clothes can be embarrassing. Your condition may affect your pursuit of work and educational goals."
    },
    {
        "chunk_id": "f0544098-da9a-4aa8-87c4-140baae3b2c5",
        "metadata": {
            "category": "Diagnosis and Treatment",
            "sub_category": "Diagnosis",
            "disease": "hyperhidrosis"
        },
        "content": "Diagnosing hyperhidrosis may start with your health care provider asking about your medical history and symptoms. You may also need a physical exam or tests to further evaluate the cause of your symptoms."
    },
    {
        "chunk_id": "b1ac3a42-27a4-47d7-b135-a8d92e4686c2",
        "metadata": {
            "category": "Diagnosis and Treatment",
            "sub_category": "Lab tests",
            "disease": "hyperhidrosis"
        },
        "content": "Your health care provider may recommend blood, urine or other lab tests to see if your sweating is caused by another medical condition, such as an overactive thyroid (hyperthyroidism) or low blood sugar (hypoglycemia)."
    },
    {
        "chunk_id": "4d9cb439-89ef-475f-bf72-fda0c39342e6",
        "metadata": {
            "category": "Diagnosis and Treatment",
            "sub_category": "Sweat tests",
            "disease": "hyperhidrosis"
        },
        "content": "Or you may need a test that pinpoints the areas of sweating and evaluates how severe your condition is. Two such tests are an iodine-starch test and a sweat test."
    },
    {
        "chunk_id": "29e821d5-551d-4899-90d5-6c21a9d204e1",
        "metadata": {
            "category": "Diagnosis and Treatment",
            "sub_category": "Treatment",
            "disease": "hyperhidrosis"
        },
        "content": "Treating hyperhidrosis may start with treating the condition causing it. If a cause isn't found, treatment focuses on controlling heavy sweating. If new self-care habits don't improve your symptoms, your health care provider may suggest one or more of the following treatments. Even if your sweating improves after treatment, it may recur."
    },
    {
        "chunk_id": "ada15ea3-a34c-4c4b-9243-b2d366edc5b5",
        "metadata": {
            "category": "Diagnosis and Treatment",
            "sub_category": "Medications",
            "disease": "hyperhidrosis"
        },
        "content": "Drugs used to treat hyperhidrosis include: Prescription antiperspirant. Your health care provider may prescribe an antiperspirant with aluminum chloride (Drysol, Xerac AC). Apply it to dry skin before going to bed. Then wash the product off when you get up, taking care to not get any in your eyes. Once you start seeing results from using it daily for a few days, you can scale back to once or twice a week to maintain the effect.\nThis product can cause skin and eye irritation. Talk with your health care provider about ways to reduce side effects. Prescription creams and wipes. Prescription creams that contain glycopyrrolate may help hyperhidrosis that affects the face and head. Wipes soaked in glycopyrronium tosylate (Qbrexza) may ease symptoms of the hands, feet and underarms. Possible side effects of these products include mild skin irritation and dry mouth. Nerve-blocking medications. Some pills (oral medications) block the nerves that trigger sweat glands. This can reduce sweating in some people. Possible side effects include dry mouth, blurred vision and bladder problems. Antidepressants. Some medications used for depression can also decrease sweating. They may also help decrease anxiety. Botulinum toxin injections. Treatment with botulinum toxin (Botox) blocks the nerves that trigger the sweat glands. Most people don't feel much pain during the procedure. But you may want your skin numbed beforehand. Your health care provider might offer one or more of the methods used to numb skin. These include topical anesthesia, ice and massage (vibration anesthesia).\nEach affected area of your body will need several injections. It may take a few days to notice results. To retain the effect, you'll likely need repeat treatments about every six months. A possible side effect is short-term muscle weakness in the treated area."
    },
    {
        "chunk_id": "935db2dd-b5f0-476c-adf7-18b07c749f0c",
        "metadata": {
            "category": "Diagnosis and Treatment",
            "sub_category": "Surgical and other procedures",
            "disease": "hyperhidrosis"
        },
        "content": "Your health care provider might suggest other treatments: Iontophoresis. With this home treatment, you soak your hands or feet in a pan of water while a device passes mild electric current through the water. The current blocks the nerves that trigger sweating. You can buy the device if you have a prescription from your health care provider.\nYou'll need to soak the affected areas for 20 to 40 minutes. Repeat the treatment 2 to 3 times a week until your symptoms improve. After you get results, you can reduce treatments to once a week or once a month to maintain the effect. Talk with your health care provider if you experience side effects. Microwave therapy. With this therapy, a handheld device (miraDry) delivers microwave energy to destroy sweat glands in the armpits. Treatments involve two 20- to 30-minute sessions, three months apart. Possible side effects are a change in skin sensation and some discomfort. Long-term side effects are unknown. Sweat gland removal. If you sweat heavily only in your armpits, your health care provider may suggest removing those sweat glands. This may be done through scraping them away (curettage), suctioning them out (liposuction) or using a combination of the two (suction curettage). Nerve surgery (sympathectomy). During this procedure, the surgeon removes a small section of the spinal nerves that control sweating in your hands. A possible side effect is permanent heavy sweating in other areas of your body (compensatory sweating). Surgery is generally not an option for isolated head and neck sweating. A variation on this procedure treats the palms. It interrupts the nerve signals without removing the sympathetic nerve (sympathotomy), which reduces the risk of compensatory sweating.\nBecause nerve surgery has a risk of side effects and complications, it is usually only considered for people who have tried many other treatments without good results. Each of these procedures may be done with general anesthesia or with local anesthesia and sedation."
    },
    {
        "chunk_id": "78cde54e-282c-4583-88d3-371917ec833b",
        "metadata": {
            "category": "Diagnosis and Treatment",
            "sub_category": "Lifestyle and home remedies",
            "disease": "hyperhidrosis"
        },
        "content": "The following suggestions may help control sweating and body odor: Use antiperspirant. Antiperspirants containing 6% to 20% aluminum chloride (Drysol, Xerac AC, others) can temporarily block sweat pores. This reduces the amount of sweat that reaches the skin. This type of product may help with minor hyperhidrosis. Apply it to dry skin before going to bed and wash it off when you wake. Choose shoes and socks made of natural materials. Shoes made of natural materials, such as leather, allow your feet to breath, which helps prevent sweaty feet. Wear moisture-wicking athletic socks when you're active. In the store, you can tell which socks are moisture wicking by reading the packaging. Keep your feet dry. Change socks or hose one or two times a day. Dry your feet each time. If you wear pantyhose, try the type with cotton soles. Use shoe insoles and foot powder to help absorb sweat. Wear sandals or go barefoot when you can. Or at least slip out of your shoes now and then. Choose clothing to suit your activity. When you can, wear natural fabrics, such as cotton, wool and silk. These allow your skin to breathe. When you're very active, you might prefer fabrics designed to wick moisture away from your skin."
    },
    {
        "chunk_id": "ab0a8163-00bb-42d6-bb4e-5a3a884f3e52",
        "metadata": {
            "category": "Diagnosis and Treatment",
            "sub_category": "Coping and support",
            "disease": "hyperhidrosis"
        },
        "content": "Hyperhidrosis can be the cause of discomfort and embarrassment. You may have trouble working or enjoying recreational activities because of wet hands or feet or wet stains on clothing. You might feel anxious about your symptoms and become withdrawn or self-conscious. You may be frustrated or upset by other people's reactions. Talk about your concerns with your health care provider, a counselor or a medical social worker. Or you may find it helpful to talk with other people who have hyperhidrosis."
    },
    {
        "chunk_id": "66753754-465b-49fa-96b7-c987079d0de2",
        "metadata": {
            "category": "Diagnosis and Treatment",
            "sub_category": "Preparing for your appointment",
            "disease": "hyperhidrosis"
        },
        "content": "You may start by seeing your primary care provider. You may then be referred to a specialist in diagnosing and treating conditions of the hair and skin (dermatologist). If your condition is not responding to treatment, you may be referred to a specialist in the nervous system (neurologist) or a surgeon. Here's some information to help you get ready for your appointment."
    },
    {
        "chunk_id": "c783ecca-513e-4131-a9f0-8f0e7e711bc8",
        "metadata": {
            "category": "Diagnosis and Treatment",
            "sub_category": "What you can do",
            "disease": "hyperhidrosis"
        },
        "content": "Before your appointment, you might want to list answers to the following questions: Has anyone in your immediate family ever had similar symptoms? Does your sweating stop when you're asleep? What medications and supplements do you take regularly? Have your symptoms caused you to avoid social situations or activities?"
    },
    {
        "chunk_id": "d1568fff-0812-40cf-920c-ff76633e48d8",
        "metadata": {
            "category": "Diagnosis and Treatment",
            "sub_category": "What to expect from your doctor",
            "disease": "hyperhidrosis"
        },
        "content": "Your health care provider is likely to ask you several questions, such as: When did the heavy sweating begin? Where on your body does it occur? Have your symptoms been continuous or occasional? What, if anything, seems to improve your symptoms? What, if anything, appears to worsen your symptoms?"
    }
]