[
    {
        "chunk_id": "991bca30-72e9-4d32-8041-8f8e21f481dc",
        "metadata": {
            "category": "Overview",
            "sub_category": "Overview",
            "disease": "latex allergy"
        },
        "content": "Latex allergy is a reaction to certain proteins found in natural rubber latex, a product made from the rubber tree. If you have a latex allergy, your body mistakes latex for a harmful substance. Latex allergy may cause itchy skin and hives or even anaphylaxis. Anaphylaxis is a possibly life-threatening condition that can cause throat swelling and serious difficulty breathing. A healthcare professional can find out if you have a latex allergy or if you're at risk of developing a latex allergy. Understanding latex allergy and knowing common sources of latex can help you prevent allergic reactions."
    },
    {
        "chunk_id": "49b70d4a-bf59-4f77-a9b7-9748479fcd43",
        "metadata": {
            "category": "Overview",
            "sub_category": "Symptoms",
            "disease": "latex allergy"
        },
        "content": "If you're allergic to latex, you're likely to have symptoms after touching latex rubber products, such as gloves or balloons. You also can have symptoms if you breathe in latex particles that are released into the air when someone removes latex gloves. Latex allergy symptoms range from mild to serious. A reaction depends on how sensitive you are to latex and the amount of latex you touch or inhale. Your reaction can become worse with each additional latex exposure."
    },
    {
        "chunk_id": "042b414d-5c38-4a08-a8d2-ad66b71a4ef2",
        "metadata": {
            "category": "Overview",
            "sub_category": "Mild symptoms",
            "disease": "latex allergy"
        },
        "content": "Mild latex allergy symptoms include: Itching. Skin redness. Hives or rash."
    },
    {
        "chunk_id": "130ba2d4-34ef-49b4-b228-6ca552bc0b75",
        "metadata": {
            "category": "Overview",
            "sub_category": "More-serious symptoms",
            "disease": "latex allergy"
        },
        "content": "These include: Sneezing. Runny nose. Itchy, watery eyes. Scratchy throat. Difficulty breathing. Wheezing. Cough."
    },
    {
        "chunk_id": "f429756f-cec0-424c-8641-fbf8b484f0b5",
        "metadata": {
            "category": "Overview",
            "sub_category": "Life-threatening symptoms: Anaphylaxis",
            "disease": "latex allergy"
        },
        "content": "The most serious allergic reaction to latex is anaphylaxis, which can be deadly. An anaphylactic (an-uh-fuh-LAK-tik) reaction develops immediately after latex exposure in highly sensitive people. However, it rarely happens the first time someone is exposed. Symptoms of anaphylaxis include: Difficulty breathing. Hives or swelling. Nausea and vomiting. Wheezing. Drop in blood pressure. Dizziness. Loss of consciousness. Confusion. Rapid or weak pulse."
    },
    {
        "chunk_id": "afedeee1-3c54-497c-aaa8-1e17b61974bb",
        "metadata": {
            "category": "Overview",
            "sub_category": "When to see a doctor",
            "disease": "latex allergy"
        },
        "content": "Seek emergency medical care if you are having or think you're having an anaphylactic reaction. If you have less severe reactions after exposure to latex, talk to a healthcare professional. If possible, see a care professional when you're reacting. This will help with diagnosis."
    },
    {
        "chunk_id": "130ffafd-9085-4aac-8de8-bd4518b30567",
        "metadata": {
            "category": "Overview",
            "sub_category": "Causes",
            "disease": "latex allergy"
        },
        "content": "In a latex allergy, the immune system identifies latex as a harmful substance and triggers certain antibodies to fight it off. The next time there is a latex exposure, these antibodies tell the immune system to release histamine and other chemicals into the bloodstream. This process produces a range of allergy symptoms. The more times someone is exposed to latex, the more strongly their immune system is likely to respond. This is called sensitization. Latex allergy can happen in these ways: Direct contact. The most common cause of latex allergy involves touching latex-containing products, including latex gloves, condoms and balloons. Inhalation. Latex products, especially gloves, release latex particles. You can breathe in these particles when they become airborne. The amount of airborne latex from gloves differs greatly depending on the brand of glove used. It's possible to have other skin reactions when using latex. They include: Allergic contact dermatitis. This reaction results from the chemical additives used during manufacturing. The main symptom is a skin rash with formation of blisters 24 to 48 hours after exposure, similar to poison ivy. Irritant contact dermatitis. Not an allergy, this skin irritation is caused by wearing rubber gloves or exposure to the powder inside them. Symptoms include dry, itchy, irritated areas, usually on the hands. Not all latex products are made from natural sources. Products containing synthetic materials, such as latex paint, are unlikely to cause a reaction."
    },
    {
        "chunk_id": "f1f54200-0b01-477c-9064-78d188ee0dd7",
        "metadata": {
            "category": "Overview",
            "sub_category": "Risk factors",
            "disease": "latex allergy"
        },
        "content": "Certain people are at greater risk of developing a latex allergy: People with spina bifida. The risk of latex allergy is highest in people with spina bifida — a birth defect that affects the development of the spine. People with this disorder often are exposed to latex products through early and frequent healthcare. People with spina bifida should always avoid latex products. People who undergo multiple surgeries or medical procedures. Repeated exposure to latex gloves and medical products increases your risk of developing latex allergy. Healthcare workers. If you work in healthcare, you're at increased risk of developing a latex allergy. Rubber industry workers. Repeated exposure to latex may increase sensitivity. People with a personal or family history of allergies. You're at increased risk of latex allergy if you have other allergies — such as hay fever or a food allergy — or they're common in your family."
    },
    {
        "chunk_id": "20764de2-d107-42e7-aacd-0ccfa5d2024f",
        "metadata": {
            "category": "Overview",
            "sub_category": "Connection between food allergy and latex allergy",
            "disease": "latex allergy"
        },
        "content": "Certain fruits contain the same allergens found in latex. They include: Avocado. Banana. Chestnut. Kiwi. Passion fruit. If you're allergic to latex, you have a greater chance of also being allergic to these foods."
    },
    {
        "chunk_id": "8aabc254-f767-495d-a6d2-f746fdc17724",
        "metadata": {
            "category": "Diagnosis and Treatment",
            "sub_category": "Diagnosis",
            "disease": "latex allergy"
        },
        "content": "Diagnosis is sometime a challenge. A healthcare professional typically examines the skin and asks questions about symptoms, medical history and if there have been reactions to latex in the past. A skin test can help find out if someone's skin reacts to the latex protein. A medical professional uses a tiny needle to place a small amount of latex below the surface of the skin on the forearm or back. If someone is allergic to latex, a raised bump will form. Only an allergist or other healthcare professional experienced in skin testing should perform this test. Blood tests also may be done to check for latex sensitivity."
    },
    {
        "chunk_id": "4b5fa06c-e7cb-4262-85d2-87f30d2422b5",
        "metadata": {
            "category": "Diagnosis and Treatment",
            "sub_category": "Treatment",
            "disease": "latex allergy"
        },
        "content": "Although medicines are available to ease the symptoms of latex allergy, there is no cure. The only way to prevent a latex allergic reaction is to avoid products that contain latex. Despite your best efforts to avoid latex, you may come into contact with it. If you've had a severe allergic reaction to latex, you may need to always carry injectable epinephrine with you. If you have an anaphylactic reaction, you will need to go to the emergency room for an immediate injection of adrenaline, also known as epinephrine. For less severe reactions, a care professional may prescribe antihistamines or corticosteroids. These may be taken after exposure to latex to control the reaction and help relieve discomfort."
    },
    {
        "chunk_id": "2ae801ad-b873-465f-8739-2b6c8d074f88",
        "metadata": {
            "category": "Diagnosis and Treatment",
            "sub_category": "Preparing for your appointment",
            "disease": "latex allergy"
        },
        "content": "You're likely to start by seeing your family healthcare professional. However, you may be referred to a healthcare professional who specializes in allergies, called an allergist. Here's some information to help you get ready for your appointment."
    },
    {
        "chunk_id": "a5e548e8-d2ba-4c3d-9148-640c8b1671c6",
        "metadata": {
            "category": "Diagnosis and Treatment",
            "sub_category": "What you can do",
            "disease": "latex allergy"
        },
        "content": "Write down your symptoms, including any that may seem unrelated to the reason for which you scheduled the appointment. Keep notes about any exposure to latex, when it happened and what type of reaction you had. Write down key personal information, including major stresses or recent life changes. Make a list of all medications you're taking, including vitamins and supplements. Take a family member or friend along, if possible. The person who goes with you may remember something that you missed or forgot. Write down questions to ask during your appointment. Preparing a list of questions before your appointment will help you make the most of your time. For latex allergy, some basic questions to ask include: What is likely causing my symptoms or condition? What are other possible causes for my symptoms or condition? What tests do I need? What's the best treatment? What are the alternatives to the primary approach that you're suggesting? How can I avoid contact with latex? Are there brochures or other printed material that I can have? What websites do you recommend? Don't hesitate to ask other questions, as well."
    },
    {
        "chunk_id": "0dcd32c4-790c-474c-9fcb-6780e5f80daa",
        "metadata": {
            "category": "Diagnosis and Treatment",
            "sub_category": "What to expect from your doctor",
            "disease": "latex allergy"
        },
        "content": "You're likely to be asked a few questions, including: When did your symptoms begin? Have your symptoms been continuous or occasional? How bad are your symptoms? Do you have allergies, such as hay fever or allergies to certain foods? Is there a history of allergies in your family? Have you been exposed to latex products? If you had symptoms after wearing latex gloves, how long did it take for the symptoms to develop? What surgeries have you had and when?"
    },
    {
        "chunk_id": "123ce077-0b71-4747-8bb5-0176b9ede103",
        "metadata": {
            "category": "Diagnosis and Treatment",
            "sub_category": "What you can do in the meantime",
            "disease": "latex allergy"
        },
        "content": "If you suspect you have a latex allergy, try to avoid contact with anything that contains latex."
    }
]