[
    {
        "chunk_id": "5f43d1b6-d7a5-4109-a7a8-9f8a6623bf89",
        "metadata": {
            "category": "Overview",
            "sub_category": "Overview",
            "disease": "leukemia"
        },
        "content": "Leukemia is cancer of the body's blood-forming tissues, including the bone marrow and the lymphatic system. Many types of leukemia exist. Some forms of leukemia are more common in children. Other forms of leukemia occur mostly in adults. Leukemia usually involves the white blood cells. Your white blood cells are potent infection fighters — they normally grow and divide in an orderly way, as your body needs them. But in people with leukemia, the bone marrow produces an excessive amount of abnormal white blood cells, which don't function properly. Treatment for leukemia can be complex — depending on the type of leukemia and other factors. But there are strategies and resources that can help make your treatment successful."
    },
    {
        "chunk_id": "a4134637-023a-4fc4-99b2-7d8d76bbf2da",
        "metadata": {
            "category": "Overview",
            "sub_category": "Symptoms",
            "disease": "leukemia"
        },
        "content": "Leukemia symptoms vary, depending on the type of leukemia. Common leukemia signs and symptoms include: Fever or chills Persistent fatigue, weakness Frequent or severe infections Losing weight without trying Swollen lymph nodes, enlarged liver or spleen Easy bleeding or bruising Recurrent nosebleeds Tiny red spots in your skin (petechiae) Excessive sweating, especially at night Bone pain or tenderness"
    },
    {
        "chunk_id": "35b292f0-c1e4-4d8b-9dc9-cb1e513c64df",
        "metadata": {
            "category": "Overview",
            "sub_category": "When to see a doctor",
            "disease": "leukemia"
        },
        "content": "Make an appointment with your doctor if you have any persistent signs or symptoms that worry you. Leukemia symptoms are often vague and not specific. You may overlook early leukemia symptoms because they may resemble symptoms of the flu and other common illnesses. Sometimes leukemia is discovered during blood tests for some other condition."
    },
    {
        "chunk_id": "48e88bfe-3070-47e0-91d7-8c50b06e9494",
        "metadata": {
            "category": "Overview",
            "sub_category": "Causes",
            "disease": "leukemia"
        },
        "content": "Scientists don't understand the exact causes of leukemia. It seems to develop from a combination of genetic and environmental factors."
    },
    {
        "chunk_id": "47a8c57e-9877-4093-a1fb-a1d86567abaf",
        "metadata": {
            "category": "Overview",
            "sub_category": "How leukemia forms",
            "disease": "leukemia"
        },
        "content": "In general, leukemia is thought to occur when some blood cells acquire changes (mutations) in their genetic material or DNA. A cell's DNA contains the instructions that tell a cell what to do. Normally, the DNA tells the cell to grow at a set rate and to die at a set time. In leukemia, the mutations tell the blood cells to continue growing and dividing. When this happens, blood cell production becomes out of control. Over time, these abnormal cells can crowd out healthy blood cells in the bone marrow, leading to fewer healthy white blood cells, red blood cells and platelets, causing the signs and symptoms of leukemia."
    },
    {
        "chunk_id": "593a3756-9801-4e5f-93b7-33dd350950ae",
        "metadata": {
            "category": "Overview",
            "sub_category": "How leukemia is classified",
            "disease": "leukemia"
        },
        "content": "Doctors classify leukemia based on its speed of progression and the type of cells involved. The first type of classification is by how fast the leukemia progresses: Acute leukemia. In acute leukemia, the abnormal blood cells are immature blood cells (blasts). They can't carry out their normal functions, and they multiply rapidly, so the disease worsens quickly. Acute leukemia requires aggressive, timely treatment. Chronic leukemia. There are many types of chronic leukemias. Some produce too many cells and some cause too few cells to be produced. Chronic leukemia involves more-mature blood cells. These blood cells replicate or accumulate more slowly and can function normally for a period of time. Some forms of chronic leukemia initially produce no early symptoms and can go unnoticed or undiagnosed for years. The second type of classification is by type of white blood cell affected: Lymphocytic leukemia. This type of leukemia affects the lymphoid cells (lymphocytes), which form lymphoid or lymphatic tissue. Lymphatic tissue makes up your immune system. Myelogenous (my-uh-LOHJ-uh-nus) leukemia. This type of leukemia affects the myeloid cells. Myeloid cells give rise to red blood cells, white blood cells and platelet-producing cells."
    },
    {
        "chunk_id": "6af67310-7823-43db-81d1-913019274cb6",
        "metadata": {
            "category": "Overview",
            "sub_category": "Types of leukemia",
            "disease": "leukemia"
        },
        "content": "The major types of leukemia are: Acute lymphocytic leukemia (ALL). This is the most common type of leukemia in young children. ALL can also occur in adults. Acute myelogenous leukemia (AML). AML is a common type of leukemia. It occurs in children and adults. AML is the most common type of acute leukemia in adults. Chronic lymphocytic leukemia (CLL). With CLL, the most common chronic adult leukemia, you may feel well for years without needing treatment. Chronic myelogenous leukemia (CML). This type of leukemia mainly affects adults. A person with CML may have few or no symptoms for months or years before entering a phase in which the leukemia cells grow more quickly. Other types. Other, rarer types of leukemia exist, including hairy cell leukemia, myelodysplastic syndromes and myeloproliferative disorders."
    },
    {
        "chunk_id": "6a4361ec-0e80-4dd0-805a-55e70001df8b",
        "metadata": {
            "category": "Overview",
            "sub_category": "Risk factors",
            "disease": "leukemia"
        },
        "content": "Factors that may increase your risk of developing some types of leukemia include: Previous cancer treatment. People who've had certain types of chemotherapy and radiation therapy for other cancers have an increased risk of developing certain types of leukemia. Genetic disorders. Genetic abnormalities seem to play a role in the development of leukemia. Certain genetic disorders, such as Down syndrome, are associated with an increased risk of leukemia. Exposure to certain chemicals. Exposure to certain chemicals, such as benzene — which is found in gasoline and is used by the chemical industry — is linked to an increased risk of some kinds of leukemia. Smoking. Smoking cigarettes increases the risk of acute myelogenous leukemia. Family history of leukemia. If members of your family have been diagnosed with leukemia, your risk of the disease may be increased. However, most people with known risk factors don't get leukemia. And many people with leukemia have none of these risk factors."
    },
    {
        "chunk_id": "045e11a9-5f6a-4741-8eba-7a337dd5b38f",
        "metadata": {
            "category": "Diagnosis and Treatment",
            "sub_category": "Diagnosis",
            "disease": "leukemia"
        },
        "content": "Doctors may find chronic leukemia in a routine blood test, before symptoms begin. If this happens, or if you have signs or symptoms that suggest leukemia, you may undergo the following diagnostic exams: Physical exam. Your doctor will look for physical signs of leukemia, such as pale skin from anemia, swelling of your lymph nodes, and enlargement of your liver and spleen. Blood tests. By looking at a sample of your blood, your doctor can determine if you have abnormal levels of red or white blood cells or platelets — which may suggest leukemia. A blood test may also show the presence of leukemia cells, though not all types of leukemia cause the leukemia cells to circulate in the blood. Sometimes the leukemia cells stay in the bone marrow. Bone marrow test. Your doctor may recommend a procedure to remove a sample of bone marrow from your hipbone. The bone marrow is removed using a long, thin needle. The sample is sent to a laboratory to look for leukemia cells. Specialized tests of your leukemia cells may reveal certain characteristics that are used to determine your treatment options."
    },
    {
        "chunk_id": "9ae2a78e-e9b3-4118-8ffe-f2ef0caad8ce",
        "metadata": {
            "category": "Diagnosis and Treatment",
            "sub_category": "Treatment",
            "disease": "leukemia"
        },
        "content": "Treatment for your leukemia depends on many factors. Your doctor determines your leukemia treatment options based on your age and overall health, the type of leukemia you have, and whether it has spread to other parts of your body, including the central nervous system. Common treatments used to fight leukemia include: Chemotherapy. Chemotherapy is the major form of treatment for leukemia. This drug treatment uses chemicals to kill leukemia cells.\nDepending on the type of leukemia you have, you may receive a single drug or a combination of drugs. These drugs may come in a pill form, or they may be injected directly into a vein. Targeted therapy. Targeted drug treatments focus on specific abnormalities present within cancer cells. By blocking these abnormalities, targeted drug treatments can cause cancer cells to die. Your leukemia cells will be tested to see if targeted therapy may be helpful for you. Radiation therapy. Radiation therapy uses X-rays or other high-energy beams to damage leukemia cells and stop their growth. During radiation therapy, you lie on a table while a large machine moves around you, directing the radiation to precise points on your body.\nYou may receive radiation in one specific area of your body where there is a collection of leukemia cells, or you may receive radiation over your whole body. Radiation therapy may be used to prepare for a bone marrow transplant. Bone marrow transplant. A bone marrow transplant, also called a stem cell transplant, helps reestablish healthy stem cells by replacing unhealthy bone marrow with leukemia-free stem cells that will regenerate healthy bone marrow.\nPrior to a bone marrow transplant, you receive very high doses of chemotherapy or radiation therapy to destroy your leukemia-producing bone marrow. Then you receive an infusion of blood-forming stem cells that help rebuild your bone marrow.\nYou may receive stem cells from a donor or you may be able to use your own stem cells. Immunotherapy. Immunotherapy uses your immune system to fight cancer. Your body's disease-fighting immune system may not attack your cancer because the cancer cells produce proteins that help them hide from the immune system cells. Immunotherapy works by interfering with that process. Engineering immune cells to fight leukemia. A specialized treatment called chimeric antigen receptor (CAR)-T cell therapy takes your body's germ-fighting T cells, engineers them to fight cancer and infuses them back into your body. CAR-T cell therapy might be an option for certain types of leukemia. Clinical trials. Clinical trials are experiments to test new cancer treatments and new ways of using existing treatments. While clinical trials give you or your child a chance to try the latest cancer treatment, treatment benefits and risks may be uncertain. Discuss the benefits and risks of clinical trials with your doctor."
    },
    {
        "chunk_id": "49b0a3f1-be40-4641-87b1-fc3894701870",
        "metadata": {
            "category": "Diagnosis and Treatment",
            "sub_category": "Clinical trials",
            "disease": "leukemia"
        },
        "content": "Explore Mayo Clinic studies testing new treatments, interventions and tests as a means to prevent, detect, treat or manage this condition."
    },
    {
        "chunk_id": "af634218-0992-4175-8b2d-0579bcbe2802",
        "metadata": {
            "category": "Diagnosis and Treatment",
            "sub_category": "Coping and support",
            "disease": "leukemia"
        },
        "content": "A diagnosis of leukemia may be devastating — especially for the family of a newly diagnosed child. With time you'll find ways to cope with the distress and uncertainty of cancer. Until then, you may find it helps to: Learn enough about leukemia to make decisions about your care. Ask your doctor about your leukemia, including your treatment options and, if you like, your prognosis. As you learn more about leukemia, you may become more confident in making treatment decisions.\nThe term \"leukemia\" can be confusing because it refers to a group of cancers that aren't all that similar except for the fact that they affect the bone marrow and blood. You can waste a lot of time researching information that doesn't apply to your kind of leukemia. To avoid that, ask your doctor to write down as much information about your specific disease as possible. Then narrow your search for information accordingly. Keep friends and family close. Keeping your close relationships strong will help you deal with your leukemia. Friends and family can provide the practical support you'll need, such as helping take care of your house if you're in the hospital. And they can serve as emotional support when you feel overwhelmed by cancer. Find someone to talk with. Find a good listener who is willing to listen to you talk about your hopes and fears. This may be a friend or family member. The concern and understanding of a counselor, medical social worker, clergy member or cancer support group also may be helpful.\nAsk your doctor about support groups in your area. Or check your phone book, library or a cancer organization, such as the National Cancer Institute, the American Cancer Society or the Leukemia & Lymphoma Society. Take care of yourself. It's easy to get caught up in the tests, treatments and procedures of therapy. But it's important to take care of yourself, not just the cancer. Try to make time for yoga, cooking or other favorite diversions."
    },
    {
        "chunk_id": "4dd1e9ca-26ae-47de-91a3-86bdb6c0cd67",
        "metadata": {
            "category": "Diagnosis and Treatment",
            "sub_category": "Preparing for your appointment",
            "disease": "leukemia"
        },
        "content": "Start by seeing your family doctor if you have signs or symptoms that worry you. If your doctor suspects you have leukemia, you may be referred to a doctor who specializes in diseases of the blood and bone marrow (hematologist). Because appointments can be brief, and because there's often a lot of information to discuss, it's a good idea to be prepared. Here's some information to help you get ready, and know what to expect from your doctor."
    },
    {
        "chunk_id": "95ea06e0-3204-49d3-91a3-b41267661e64",
        "metadata": {
            "category": "Diagnosis and Treatment",
            "sub_category": "What you can do",
            "disease": "leukemia"
        },
        "content": "Be aware of any pre-appointment restrictions. At the time you make the appointment, be sure to ask if there's anything you need to do in advance, such as restrict your diet. Write down any symptoms you're experiencing, including any that may seem unrelated to the reason for which you scheduled the appointment. Write down key personal information, including any major stresses or recent life changes. Make a list of all medications, vitamins or supplements that you're taking. Consider taking a family member or friend along. Sometimes it can be difficult to remember all the information provided during an appointment. Someone who accompanies you may remember something that you missed or forgot. Write down questions to ask your doctor. Your time with your doctor is limited, so preparing a list of questions can help you make the most of your time together. List your questions from most important to least important in case time runs out. For leukemia, some basic questions to ask your doctor include: Do I have leukemia? What type of leukemia do I have? Do I need more tests? Does my leukemia need immediate treatment? What are the treatment options for my leukemia? Can any treatments cure my leukemia? What are the potential side effects of each treatment option? Is there one treatment you feel is best for me? How will treatment affect my daily life? Can I continue working or going to school? I have these other health conditions. How can I best manage them together? Should I see a specialist? What will that cost, and will my insurance cover it? Are there brochures or other printed material that I can take with me? What websites do you recommend? In addition to the questions that you've prepared to ask your doctor, don't hesitate to ask other questions during your appointment."
    },
    {
        "chunk_id": "16a6cd5e-90ac-4b72-8477-874ef7d5904e",
        "metadata": {
            "category": "Diagnosis and Treatment",
            "sub_category": "What to expect from your doctor",
            "disease": "leukemia"
        },
        "content": "Your doctor is likely to ask you a number of questions. Being ready to answer them may allow more time later to cover other points you want to address. Your doctor may ask: When did you first begin experiencing symptoms? Have your symptoms been continuous or occasional? How severe are your symptoms? What, if anything, seems to improve your symptoms? What, if anything, appears to worsen your symptoms? Have you ever had abnormal blood test results? If so, when?"
    }
]