[
    {
        "chunk_id": "e20f2285-7d5c-488e-a525-1f6fc7248f8b",
        "metadata": {
            "category": "Overview",
            "sub_category": "Overview",
            "disease": "liver cancer"
        },
        "content": "Liver cancer is cancer that begins in the cells of your liver. Your liver is a football-sized organ that sits in the upper right portion of your abdomen, beneath your diaphragm and above your stomach. Several types of cancer can form in the liver. The most common type of liver cancer is hepatocellular carcinoma, which begins in the main type of liver cell (hepatocyte). Other types of liver cancer, such as intrahepatic cholangiocarcinoma and hepatoblastoma, are much less common. Cancer that spreads to the liver is more common than cancer that begins in the liver cells. Cancer that begins in another area of the body — such as the colon, lung or breast — and then spreads to the liver is called metastatic cancer rather than liver cancer. This type of cancer is named after the organ in which it began — such as metastatic colon cancer to describe cancer that begins in the colon and spreads to the liver."
    },
    {
        "chunk_id": "92e56042-5a05-4adf-82f8-530b32587852",
        "metadata": {
            "category": "Overview",
            "sub_category": "Symptoms",
            "disease": "liver cancer"
        },
        "content": "Most people don't have signs and symptoms in the early stages of primary liver cancer. When signs and symptoms do appear, they may include: Losing weight without trying Loss of appetite Upper abdominal pain Nausea and vomiting General weakness and fatigue Abdominal swelling Yellow discoloration of your skin and the whites of your eyes (jaundice) White, chalky stools"
    },
    {
        "chunk_id": "b2bc6bc2-59c9-43e3-8ea0-44da8f0b73c0",
        "metadata": {
            "category": "Overview",
            "sub_category": "When to see a doctor",
            "disease": "liver cancer"
        },
        "content": "Make an appointment with your doctor if you experience any signs or symptoms that worry you."
    },
    {
        "chunk_id": "41bf210f-bf89-4d64-9f2f-fb14a2a82967",
        "metadata": {
            "category": "Overview",
            "sub_category": "Causes",
            "disease": "liver cancer"
        },
        "content": "Liver cancer happens when liver cells develop changes (mutations) in their DNA. A cell's DNA is the material that provides instructions for every chemical process in your body. DNA mutations cause changes in these instructions. One result is that cells may begin to grow out of control and eventually form a tumor — a mass of cancerous cells. Sometimes the cause of liver cancer is known, such as with chronic hepatitis infections. But sometimes liver cancer happens in people with no underlying diseases and it's not clear what causes it."
    },
    {
        "chunk_id": "75c74372-a5a6-4206-a48d-c39cb8bdefde",
        "metadata": {
            "category": "Overview",
            "sub_category": "Risk factors",
            "disease": "liver cancer"
        },
        "content": "Factors that increase the risk of primary liver cancer include: Chronic infection with HBV or HCV. Chronic infection with the hepatitis B virus (HBV) or hepatitis C virus (HCV) increases your risk of liver cancer. Cirrhosis. This progressive and irreversible condition causes scar tissue to form in your liver and increases your chances of developing liver cancer. Certain inherited liver diseases. Liver diseases that can increase the risk of liver cancer include hemochromatosis and Wilson's disease. Diabetes. People with this blood sugar disorder have a greater risk of liver cancer than those who don't have diabetes. Nonalcoholic fatty liver disease. An accumulation of fat in the liver increases the risk of liver cancer. Exposure to aflatoxins. Aflatoxins are poisons produced by molds that grow on crops that are stored poorly. Crops, such as grains and nuts, can become contaminated with aflatoxins, which can end up in foods made of these products. Excessive alcohol consumption. Consuming more than a moderate amount of alcohol daily over many years can lead to irreversible liver damage and increase your risk of liver cancer."
    },
    {
        "chunk_id": "21003dd2-0ce7-464e-930c-7fb924601a60",
        "metadata": {
            "category": "Overview",
            "sub_category": "Reduce your risk of cirrhosis",
            "disease": "liver cancer"
        },
        "content": "Cirrhosis is scarring of the liver, and it increases the risk of liver cancer. You can reduce your risk of cirrhosis if you: Drink alcohol in moderation, if at all. If you choose to drink alcohol, limit the amount you drink. For women, this means no more than one drink a day. For men, this means no more than two drinks a day. Maintain a healthy weight. If your current weight is healthy, work to maintain it by choosing a healthy diet and exercising most days of the week. If you need to lose weight, reduce the number of calories you eat each day and increase the amount of exercise you do. Aim to lose weight slowly — 1 or 2 pounds (0.5 to 1 kilograms) each week."
    },
    {
        "chunk_id": "dbfd333c-db3e-4e83-b954-bdfe99374fcc",
        "metadata": {
            "category": "Overview",
            "sub_category": "Get vaccinated against hepatitis B",
            "disease": "liver cancer"
        },
        "content": "You can reduce your risk of hepatitis B by receiving the hepatitis B vaccine. The vaccine can be given to almost anyone, including infants, older adults and those with compromised immune systems."
    },
    {
        "chunk_id": "6745d72c-d9c9-4978-aa9b-1130261b87b2",
        "metadata": {
            "category": "Overview",
            "sub_category": "Take measures to prevent hepatitis C",
            "disease": "liver cancer"
        },
        "content": "No vaccine for hepatitis C exists, but you can reduce your risk of infection. Know the health status of any sexual partner. Don't engage in unprotected sex unless you're certain your partner isn't infected with HBV, HCV or any other sexually transmitted infection. If you don't know the health status of your partner, use a condom every time you have sexual intercourse. Don't use intravenous (IV) drugs, but if you do, use a clean needle. Reduce your risk of HCV by not injecting illegal drugs. But if that isn't an option for you, make sure any needle you use is sterile, and don't share it. Contaminated drug paraphernalia is a common cause of hepatitis C infection. Take advantage of needle-exchange programs in your community and consider seeking help for your drug use. Seek safe, clean shops when getting a piercing or tattoo. Needles that may not be properly sterilized can spread the hepatitis C virus. Before getting a piercing or tattoo, check out the shops in your area and ask staff members about their safety practices. If employees at a shop refuse to answer your questions or don't take your questions seriously, take that as a sign that the facility isn't right for you."
    },
    {
        "chunk_id": "06fa8fa3-097a-4dd6-a0d7-9093668aeba6",
        "metadata": {
            "category": "Overview",
            "sub_category": "Seek treatment for hepatitis B or C infection",
            "disease": "liver cancer"
        },
        "content": "Treatments are available for hepatitis B and hepatitis C infections. Research shows that treatment can reduce the risk of liver cancer."
    },
    {
        "chunk_id": "374fee0e-8eb8-4a62-8c05-d8f8375a2ed3",
        "metadata": {
            "category": "Overview",
            "sub_category": "Ask your doctor about liver cancer screening",
            "disease": "liver cancer"
        },
        "content": "For the general population, screening for liver cancer hasn't been proved to reduce the risk of dying of liver cancer, and it isn't generally recommended. People with conditions that increase the risk of liver cancer might consider screening, such as people who have: Hepatitis B infection Hepatitis C infection Liver cirrhosis Discuss the pros and cons of screening with your doctor. Together you can decide whether screening is right for you based on your risk. Screening typically involves a blood test and an abdominal ultrasound exam every six months."
    },
    {
        "chunk_id": "7d26703b-aad7-489e-88df-bf23970f77b7",
        "metadata": {
            "category": "Diagnosis and Treatment",
            "sub_category": "Diagnosing liver cancer",
            "disease": "liver cancer"
        },
        "content": "Tests and procedures used to diagnose liver cancer include: Blood tests. Blood tests may reveal liver function abnormalities. Imaging tests. Your doctor may recommend imaging tests, such as an ultrasound, CT and MRI. Removing a sample of liver tissue for testing. Sometimes it's necessary to remove a piece of liver tissue for laboratory testing in order to make a definitive diagnosis of liver cancer.\nAdvertisement\nMayo Clinic does not endorse companies or products. Advertising revenue supports our not-for-profit mission.\nAdvertising & Sponsorship\nPolicy\nOpportunities\nAd Choices\nDuring a liver biopsy, your doctor inserts a thin needle through your skin and into your liver to obtain a tissue sample. In the lab, doctors examine the tissue under a microscope to look for cancer cells. Liver biopsy carries a risk of bleeding, bruising and infection. Policy Opportunities Ad Choices"
    },
    {
        "chunk_id": "7329b174-e34e-4d94-a74b-702e9ffcefc0",
        "metadata": {
            "category": "Diagnosis and Treatment",
            "sub_category": "Determining the extent of the liver cancer",
            "disease": "liver cancer"
        },
        "content": "Once liver cancer is diagnosed, your doctor will work to determine the extent (stage) of the cancer. Staging tests help determine the size and location of cancer and whether it has spread. Imaging tests used to stage liver cancer include CTs, MRIs and bone scans. There are different methods of staging liver cancer. For example, one method uses Roman numerals I through IV, and another uses letters A through D. Your doctor uses your cancer's stage to determine your treatment options and your prognosis."
    },
    {
        "chunk_id": "ba6405aa-5778-41ca-9e05-6e23e3b028e6",
        "metadata": {
            "category": "Diagnosis and Treatment",
            "sub_category": "Treatment",
            "disease": "liver cancer"
        },
        "content": "Treatments for primary liver cancer depend on the extent (stage) of the disease as well as your age, overall health and personal preferences."
    },
    {
        "chunk_id": "7dada5b5-18e8-43f8-9714-0c6c9b725a8f",
        "metadata": {
            "category": "Diagnosis and Treatment",
            "sub_category": "Surgery",
            "disease": "liver cancer"
        },
        "content": "Operations used to treat liver cancer include: Surgery to remove the tumor. In certain situations, your doctor may recommend an operation to remove the liver cancer and a small portion of healthy liver tissue that surrounds it if your tumor is small and your liver function is good.\nWhether this is an option for you also depends on the location of your cancer within the liver, how well your liver functions and your overall health. Liver transplant surgery. During liver transplant surgery, your diseased liver is removed and replaced with a healthy liver from a donor. Liver transplant surgery is only an option for a small percentage of people with early-stage liver cancer."
    },
    {
        "chunk_id": "2086976e-624d-48e4-bd23-3e43aab55755",
        "metadata": {
            "category": "Diagnosis and Treatment",
            "sub_category": "Localized treatments",
            "disease": "liver cancer"
        },
        "content": "Localized treatments for liver cancer are those that are administered directly to the cancer cells or the area surrounding the cancer cells. Localized treatment options for liver cancer include: Heating cancer cells. Radiofrequency ablation uses electric current to heat and destroy cancer cells. Using an imaging test as a guide, such as ultrasound, the doctor inserts one or more thin needles into small incisions in your abdomen. When the needles reach the tumor, they're heated with an electric current, destroying the cancer cells. Other procedures to heat the cancer cells might use microwaves or lasers. Freezing cancer cells. Cryoablation uses extreme cold to destroy cancer cells. During the procedure, your doctor places an instrument (cryoprobe) containing liquid nitrogen directly onto liver tumors. Ultrasound images are used to guide the cryoprobe and monitor the freezing of the cells. Injecting alcohol into the tumor. During alcohol injection, pure alcohol is injected directly into tumors, either through the skin or during an operation. Alcohol causes the tumor cells to die. Injecting chemotherapy drugs into the liver. Chemoembolization is a type of chemotherapy treatment that supplies strong anti-cancer drugs directly to the liver. Placing beads filled with radiation in the liver. Tiny spheres that contain radiation may be placed directly in the liver where they can deliver radiation directly to the tumor."
    },
    {
        "chunk_id": "a402b3b2-9e0e-47f6-9436-dc2e2f1bdafa",
        "metadata": {
            "category": "Diagnosis and Treatment",
            "sub_category": "Radiation therapy",
            "disease": "liver cancer"
        },
        "content": "This treatment uses high-powered energy from sources such as X-rays and protons to destroy cancer cells and shrink tumors. Doctors carefully direct the energy to the liver, while sparing the surrounding healthy tissue. Radiation therapy might be an option if other treatments aren't possible or if they haven't helped. For advanced liver cancer, radiation therapy might help control symptoms. During external beam radiation therapy treatment, you lie on a table and a machine directs the energy beams at a precise point on your body. A specialized type of radiation therapy, called stereotactic body radiotherapy, involves focusing many beams of radiation simultaneously at one point in your body."
    },
    {
        "chunk_id": "615446c5-22e5-4bc1-b713-6022635f096e",
        "metadata": {
            "category": "Diagnosis and Treatment",
            "sub_category": "Targeted drug therapy",
            "disease": "liver cancer"
        },
        "content": "Targeted drug treatments focus on specific abnormalities present within cancer cells. By blocking these abnormalities, targeted drug treatments can cause cancer cells to die. Many targeted drugs are available for treating advanced liver cancer. Some targeted therapies only work in people whose cancer cells have certain genetic mutations. Your cancer cells may be tested in a laboratory to see if these drugs might help you."
    },
    {
        "chunk_id": "ad766a46-dd44-4dc1-acdf-ee4be0efa619",
        "metadata": {
            "category": "Diagnosis and Treatment",
            "sub_category": "Immunotherapy",
            "disease": "liver cancer"
        },
        "content": "Immunotherapy uses your immune system to fight cancer. Your body's disease-fighting immune system may not attack your cancer because the cancer cells produce proteins that blind the immune system cells. Immunotherapy works by interfering with that process. Immunotherapy treatments are generally reserved for people with advanced liver cancer."
    },
    {
        "chunk_id": "91b4dfb2-94b0-40da-ba06-1b5d2be3b1d6",
        "metadata": {
            "category": "Diagnosis and Treatment",
            "sub_category": "Chemotherapy",
            "disease": "liver cancer"
        },
        "content": "Chemotherapy uses drugs to kill rapidly growing cells, including cancer cells. Chemotherapy can be administered through a vein in your arm, in pill form or both. Chemotherapy is sometimes used to treat advanced liver cancer."
    },
    {
        "chunk_id": "202fc49f-c7ae-4266-9bdc-ec62934171f1",
        "metadata": {
            "category": "Diagnosis and Treatment",
            "sub_category": "Supportive (palliative) care",
            "disease": "liver cancer"
        },
        "content": "Palliative care is specialized medical care that focuses on providing relief from pain and other symptoms of a serious illness. Palliative care specialists work with you, your family and your other doctors to provide an extra layer of support that complements your ongoing care. Palliative care can be used while undergoing other aggressive treatments, such as surgery, chemotherapy or radiation therapy. When palliative care is used along with all of the other appropriate treatments, people with cancer may feel better and live longer. Palliative care is provided by a team of doctors, nurses and other specially trained professionals. Palliative care teams aim to improve the quality of life for people with cancer and their families. This form of care is offered alongside curative or other treatments you may be receiving."
    },
    {
        "chunk_id": "3b9191f6-6321-46d2-8391-beb189c8614e",
        "metadata": {
            "category": "Diagnosis and Treatment",
            "sub_category": "Clinical trials",
            "disease": "liver cancer"
        },
        "content": "Explore Mayo Clinic studies testing new treatments, interventions and tests as a means to prevent, detect, treat or manage this condition."
    },
    {
        "chunk_id": "d188bfe4-5349-4008-a6c2-ec62cce3996d",
        "metadata": {
            "category": "Diagnosis and Treatment",
            "sub_category": "Alternative medicine",
            "disease": "liver cancer"
        },
        "content": "Alternative treatments may help control pain in people with advanced liver cancer. Your doctor will work to control pain with treatments and medications. But sometimes your pain may persist or you may want to avoid the side effects of pain medications. Ask your doctor about alternative treatments that may help you cope with pain, such as: Acupressure Acupuncture Hypnosis Massage Relaxation techniques"
    },
    {
        "chunk_id": "1d06716b-e260-43d4-bb10-6cc90d4b5c24",
        "metadata": {
            "category": "Diagnosis and Treatment",
            "sub_category": "Coping and support",
            "disease": "liver cancer"
        },
        "content": "Learning you have any life-threatening illness can be devastating. Each person finds his or her own ways of coping with a diagnosis of liver cancer. Although there are no easy answers for people dealing with liver cancer, the following suggestions may be of help: Learn enough about liver cancer to make decisions about your care. Ask your doctor about your liver cancer, including the stage of your cancer, your treatment options and, if you like, your prognosis. As you learn more about liver cancer, you may become more confident in making treatment decisions. Keep friends and family close. Keeping your close relationships strong will help you deal with your liver cancer. Friends and family can provide the practical support you'll need, such as helping take care of your house if you're in the hospital. And they can serve as emotional support when you feel overwhelmed by cancer. Find someone to talk with. Find a good listener with whom you can talk about your hopes and fears. This may be a friend or family member. The support of a counselor, medical social worker, clergy member or cancer survivors group also may be helpful.\nAsk your doctor about support groups in your area. Or check your phone book, library or a cancer organization, such as the National Cancer Institute or the American Cancer Society. Make plans for the unknown. Having a life-threatening illness, such as cancer, requires you to prepare for the possibility that you may die. For some people, having a strong faith or a sense of something greater than themselves makes it easier to come to terms with a life-threatening illness.\nAsk your doctor about advance directives and living wills to help you plan for end-of-life care, should you need it."
    },
    {
        "chunk_id": "985768ab-364d-49af-b194-49e8a5d9f93f",
        "metadata": {
            "category": "Diagnosis and Treatment",
            "sub_category": "Preparing for your appointment",
            "disease": "liver cancer"
        },
        "content": "If you think you may have liver cancer, you're likely to start by seeing your family doctor. If your doctor suspects you may have liver cancer, you may be referred to a doctor who specializes in diseases of the liver (hepatologist) or to a doctor who specializes in treating cancer (oncologist). Because appointments can be brief, and because there's often a lot of ground to cover, it's a good idea to be well prepared. Here's some information to help you get ready and what to expect from your doctor."
    },
    {
        "chunk_id": "2414c8c6-9deb-4a06-8b69-3486a1d1284a",
        "metadata": {
            "category": "Diagnosis and Treatment",
            "sub_category": "What you can do",
            "disease": "liver cancer"
        },
        "content": "Be aware of any pre-appointment restrictions. At the time you make the appointment, be sure to ask if there's anything you need to do in advance, such as restrict your diet. Write down any symptoms you're experiencing, including any that may seem unrelated to the reason for which you scheduled the appointment. Write down key personal information, including any major stresses or recent life changes. Make a list of all medications, as well as any vitamins or supplements, that you're taking. Consider taking a family member or friend along. Sometimes it can be difficult to remember all the information provided during an appointment. Someone who accompanies you may remember something that you missed or forgot. Write down questions to ask your doctor. Your time with your doctor is limited, so preparing a list of questions will help you make the most of your time together. List your questions from most important to least important in case time runs out. For liver cancer, some basic questions to ask your doctor include: What type of liver cancer do I have? What is the stage of my liver cancer? What does my pathology report say? Can I have a copy of the pathology report? Will I need more tests? What are my treatment options? What are the potential side effects of each treatment option? Is there one treatment you recommend over the others? How will my treatment affect my daily life? How much time can I take to make my decision about liver cancer treatment? Should I seek a second opinion? Should I see a liver cancer specialist? What will that cost, and will my insurance cover it? Are there brochures or other printed material that I can take with me? What websites do you recommend? In addition to the questions that you've prepared to ask your doctor, don't hesitate to ask additional questions during your appointment."
    },
    {
        "chunk_id": "3cd6cab9-1b0c-4e6c-bf91-55f6f76150e3",
        "metadata": {
            "category": "Diagnosis and Treatment",
            "sub_category": "What to expect from your doctor",
            "disease": "liver cancer"
        },
        "content": "Your doctor is likely to ask you a number of questions. Being ready to answer them may allow more time later to cover other points you want to address. Your doctor may ask: When did you first begin experiencing symptoms? Have your symptoms been continuous or occasional? How severe are your symptoms? What, if anything, seems to improve your symptoms? What, if anything, appears to worsen your symptoms?"
    }
]