[
    {
        "chunk_id": "fc215b5d-0de2-4974-8eee-81cf73e4ebd1",
        "metadata": {
            "category": "Overview",
            "sub_category": "Overview",
            "disease": "mesenteric lymphadenitis"
        },
        "content": "Lymphadenitis is a condition in which the small round or bean-shaped clusters of cells, called lymph nodes, become swollen and inflamed. The swelling can affect the lymph nodes in the membrane that connects the bowel to the wall around the stomach area, called the mesentery. Then the condition is called mesenteric lymphadenitis (mez-un-TER-ik lim-fad-uh-NIE-tis). An infection in the intestines, such as a virus, is the usual cause of mesenteric lymphadenitis. Also called mesenteric adenitis, the condition mainly affects children and teens. Mesenteric lymphadenitis can act like appendicitis or a condition in which part of the intestine slides into another part of the intestine, called intussusception. Unlike appendicitis or intussusception, mesenteric lymphadenitis usually clears up on its own."
    },
    {
        "chunk_id": "497ef0b6-506c-4b7e-ac3b-64f8078a31b2",
        "metadata": {
            "category": "Overview",
            "sub_category": "Symptoms",
            "disease": "mesenteric lymphadenitis"
        },
        "content": "Possible symptoms of mesenteric lymphadenitis include: Pain in the stomach area, often on the lower right side, but the pain can be more spread out. General tenderness of the stomach area. Fever. Enlarged mesenteric lymph nodes. Depending on what's causing the condition, symptoms also might include: Diarrhea. Nausea and vomiting."
    },
    {
        "chunk_id": "2725d6a5-1e83-43dc-b600-676599eedefe",
        "metadata": {
            "category": "Overview",
            "sub_category": "When to see a doctor",
            "disease": "mesenteric lymphadenitis"
        },
        "content": "Pain in the stomach area is common in children and teens. So it can be hard to know when to seek medical advice. Call a healthcare professional right away for a child who has: Sudden, severe pain in the stomach area. Stomach area pain with fever. Stomach area pain with diarrhea or vomiting. Tenderness to touch of the stomach area. Bloody or maroon-colored stool. Also, call a healthcare provider for a child who has pain in the stomach area that doesn't get better in a short time and who also: Has a change in bowel habits. Has a loss of appetite. Is not able to sleep."
    },
    {
        "chunk_id": "36ac69c9-4e0e-4f57-98ac-9df2cb667538",
        "metadata": {
            "category": "Overview",
            "sub_category": "Causes",
            "disease": "mesenteric lymphadenitis"
        },
        "content": "The most common cause of mesenteric lymphadenitis is a viral infection, such as gastroenteritis. Gastroenteritis is often called stomach flu. This infection causes inflammation and swelling in the lymph nodes in the thin tissue that attaches the intestine to the back of the wall around the stomach area, called mesentery. Other causes of mesenteric lymphadenitis include bacterial infection, inflammatory bowel disease and lymphoma."
    },
    {
        "chunk_id": "cfb9f9e7-ecd5-417c-a600-b15cf28df029",
        "metadata": {
            "category": "Overview",
            "sub_category": "Risk factors",
            "disease": "mesenteric lymphadenitis"
        },
        "content": "Any infection that causes inflammation and swelling in the lymph nodes in the tissue that attaches the bowel to the abdominal wall increases the risk of mesenteric lymphadenitis. Conditions that raise the risk of mesenteric lymphadenitis include: Viral or bacterial gastroenteritis. Inflammatory bowel disease. Lymphoma."
    },
    {
        "chunk_id": "3493b5a7-0060-4d43-8c9a-fb463af89b24",
        "metadata": {
            "category": "Diagnosis and Treatment",
            "sub_category": "Diagnosis",
            "disease": "mesenteric lymphadenitis"
        },
        "content": "Diagnosing mesenteric lymphadenitis involves taking a medical history and doing an exam. Tests might include: Blood tests. Certain blood tests can help show if there's an infection and what type of infection it is. Imaging studies. An ultrasound of the stomach area is often used to diagnose mesenteric lymphadenitis. A CT scan of the stomach area also might be used."
    },
    {
        "chunk_id": "7b3a0acb-25b9-4932-aa11-00257a650dbb",
        "metadata": {
            "category": "Diagnosis and Treatment",
            "sub_category": "Treatment",
            "disease": "mesenteric lymphadenitis"
        },
        "content": "Mild cases of mesenteric lymphadenitis and those caused by a virus usually go away on their own. Full recovery can take four weeks or more. For treatment of fever or pain, consider giving your child infants' or children's over-the-counter fever and pain medications such as acetaminophen (Tylenol, others) or ibuprofen (Advil, Motrin, others). They're safer than aspirin. Use caution when giving aspirin to children or teenagers. Though aspirin is approved for use in children older than age 3, children and teenagers recovering from chickenpox or flu-like symptoms should never take aspirin. This is because aspirin has been linked to Reye's syndrome, a rare but potentially life-threatening condition, in such children. Antibiotics might be prescribed for a moderate to severe bacterial infection."
    },
    {
        "chunk_id": "c31e1098-6ea0-4cd2-8a95-d38f84e1693f",
        "metadata": {
            "category": "Diagnosis and Treatment",
            "sub_category": "Lifestyle and home remedies",
            "disease": "mesenteric lymphadenitis"
        },
        "content": "For symptoms of mesenteric lymphadenitis, have your child: Get plenty of rest. Enough rest can help your child recover. Drink fluids. Liquids help prevent loss of body fluids, called dehydration, from fever, vomiting and diarrhea. Apply moist heat. A warm, moist washcloth applied to the stomach area can help ease discomfort. Eat a liquid diet in small amounts. For example, eat broth or chicken noodle soup."
    },
    {
        "chunk_id": "7a41e1e1-c877-437e-848c-3d22023fb463",
        "metadata": {
            "category": "Diagnosis and Treatment",
            "sub_category": "Preparing for your appointment",
            "disease": "mesenteric lymphadenitis"
        },
        "content": "If your child has symptoms of mesenteric lymphadenitis, make an appointment with a healthcare professional. Here's some information to help you get ready for your appointment."
    },
    {
        "chunk_id": "31011114-7f70-4b1a-aabc-a09a0c4e25bf",
        "metadata": {
            "category": "Diagnosis and Treatment",
            "sub_category": "What you can do",
            "disease": "mesenteric lymphadenitis"
        },
        "content": "Make a list of: Your child's symptoms, including symptoms that don't affect the stomach, and when they began. If possible, take your child's temperature several times before your appointment and record the results. Your child's key medical information, including other health conditions. Also list all medicines, vitamins and supplements your child takes, including doses. And take a record of your child's recent vaccinations. Questions to ask your healthcare professional. For possible mesenteric lymphadenitis, some questions to ask include: What's the likely cause of my child's condition? Are there other possible causes? What tests does my child need? Is my child likely to have complications from this condition? Does my child need treatment? If this is due to an infection, should my child take antibiotics? What can I do to make my child more comfortable? Are there foods my child shouldn't eat? What symptoms should prompt me to call you while my child is recovering? Is my child's illness catching? When can my child return to school?"
    },
    {
        "chunk_id": "c37601e7-ef8d-46b4-bc34-08a918754acd",
        "metadata": {
            "category": "Diagnosis and Treatment",
            "sub_category": "What to expect from your doctor",
            "disease": "mesenteric lymphadenitis"
        },
        "content": "Your child's healthcare professional might ask: Where is the pain? Has the pain moved from one part of your child's stomach to another part? How bad is the pain? Does your child cry with pain or insist on lying down? What makes the pain feel worse? What helps relieve the pain? Has your child had problems like this before? Do other children in your family or at school or at child care have symptoms like your child's?"
    }
]