[
    {
        "chunk_id": "99a1bfcf-362c-4cb1-b06a-2649ac676ab3",
        "metadata": {
            "category": "Overview",
            "sub_category": "Overview",
            "disease": "nasal polyps"
        },
        "content": "Nasal polyps are painless growths inside the nose or the hollow areas inside the bones of the face, also known as sinuses. Nasal polyps aren't cancer. Small nasal polyps might not cause symptoms. Larger growths or groups of nasal polyps can block the nose. They can lead to breathing problems, not being able to smell and infections. Nasal polyps can affect anyone. But they're more common in young and middle-aged adults. Medicines can often shrink nasal polyps or get rid of them. But surgery might be needed to remove them. Even after treatment, nasal polyps often come back."
    },
    {
        "chunk_id": "9b751532-9637-43da-a283-990e0abee4fb",
        "metadata": {
            "category": "Overview",
            "sub_category": "Symptoms",
            "disease": "nasal polyps"
        },
        "content": "Nasal polyps are linked to irritation and swelling, also called inflammation, of the inside of the nose and sinuses that lasts more than 12 weeks. This is known as chronic sinusitis. But it's possible to have chronic sinusitis without getting nasal polyps. People who have small nasal polyps might not know they have them. But having more than one polyp or having a large polyp can block the nose. Common symptoms of chronic sinusitis with nasal polyps include: Runny, stuffy nose. Mucus running down the throat, also known as postnasal drip. Not being able to smell. Not being able to taste. Facial pain or headache. Pain in the teeth. A sense of pressure over the forehead and face. Snoring."
    },
    {
        "chunk_id": "7509410f-e9c8-4ee3-9e85-acc1e5ad6600",
        "metadata": {
            "category": "Overview",
            "sub_category": "When to see a doctor",
            "disease": "nasal polyps"
        },
        "content": "See a health care provider for symptoms that last more than 10 days. Symptoms of chronic sinusitis and nasal polyps are like those of many other illnesses, including the common cold. Seek medical care right away or call 911 or your local emergency number if you have: Symptoms that quickly get worse. Seeing double or other vision changes. Swollen forehead. Pain or swelling around the eyes. A bad headache that keeps getting worse. Stiff neck."
    },
    {
        "chunk_id": "a2103767-268c-4dbf-bd74-e114a41619c5",
        "metadata": {
            "category": "Overview",
            "sub_category": "Causes",
            "disease": "nasal polyps"
        },
        "content": "Experts don't know what causes nasal polyps. They don't know why some people get nasal polyps and others don't."
    },
    {
        "chunk_id": "3c62474b-b06b-427b-90bc-15234b960b46",
        "metadata": {
            "category": "Overview",
            "sub_category": "Risk factors",
            "disease": "nasal polyps"
        },
        "content": "Infections, allergies or any condition that causes long-term inflammation in the nose or sinuses can increase the risk of having nasal polyps. Conditions often linked to nasal polyps include: Asthma. Aspirin sensitivity. Cystic fibrosis. Dental infections. Lack of vitamin D. Having a family history of nasal polyps also might increase the risk."
    },
    {
        "chunk_id": "2f0f2bec-f038-4176-9b3c-20bb7b9d4ccd",
        "metadata": {
            "category": "Overview",
            "sub_category": "Complications",
            "disease": "nasal polyps"
        },
        "content": "One of the most common complications of chronic sinusitis with nasal polyps is making asthma worse."
    },
    {
        "chunk_id": "e65b173e-2be6-47c2-8631-67df0cce23de",
        "metadata": {
            "category": "Overview",
            "sub_category": "Prevention",
            "disease": "nasal polyps"
        },
        "content": "The following might help lower the chances of getting nasal polyps or having nasal polyps come back after treatment: Manage allergies and asthma. Follow your treatment plan. Be sure symptoms are controlled. See your health care provider if they're not. Avoid things that can irritate the nose. These include tobacco smoke, chemical fumes and dust. If you smoke, talk to your health care provider about ways to quit. Wash your hands often and well. This is one of the best ways to protect against infections that can cause irritation and swelling of the nose and sinuses. Use a machine that adds moisture to the air, known as a humidifier. This might help prevent the nose from getting stuffy and irritated. Clean the humidifier as directed to keep bacteria from growing. Use a nasal rinse. Rinsing the inside of the nose with a saltwater spray or nasal wash might help remove what irritates it.\nYou can buy saltwater sprays and nasal wash kits without a prescription. Nasal wash kits come with a neti pot or squeeze bottle and directions for how to use them.\nUse water that's distilled or sterile or has been boiled for one minute and cooled. The water can also be filtered using a filter with an absolute pore size of 1 micron or smaller. Rinse the pot or bottle after each use with the distilled, sterile, previously boiled or filtered water and leave it open to dry."
    },
    {
        "chunk_id": "ab097c99-66d6-4613-bf49-29e47e54299a",
        "metadata": {
            "category": "Diagnosis and Treatment",
            "sub_category": "Diagnosis",
            "disease": "nasal polyps"
        },
        "content": "A diagnosis of nasal polyps starts with symptoms, a medical history and a physical exam. Tests to diagnose nasal polyps might include: Nasal endoscopy. This involves using a narrow tube with a lighted lens or tiny camera to look at the inside of the nose. Imaging studies. CT scans can show the size of polyps deep in the sinuses and where they are. These studies can also help rule out other reasons the nose is blocked. Allergy tests. Skin tests can show if allergies are causing ongoing inflammation. With a skin prick test, tiny drops of allergy-causing agents are pricked into the skin of the forearm or upper back. A health care provider then watches the skin for allergic reactions.\nAdvertisement\nMayo Clinic does not endorse companies or products. Advertising revenue supports our not-for-profit mission.\nAdvertising & Sponsorship\nPolicy\nOpportunities\nAd Choices\nIf a skin test can't be done, a blood test can screen for allergies. Policy Opportunities Ad Choices Test for cystic fibrosis. A child who has nasal polyps might have cystic fibrosis. Cystic fibrosis affects the cells that make mucus, sweat and the juices that help food digest. It's an inherited condition.\nA test for cystic fibrosis is a sweat test. A chemical put on the skin causes the area to sweat. The test shows if the sweat is saltier than most people's sweat is. Blood tests. These can look for a condition linked to nasal polyps, such as allergies or problems with the immune system."
    },
    {
        "chunk_id": "942a7c37-2cd6-4b91-b6f3-ecede29ba053",
        "metadata": {
            "category": "Diagnosis and Treatment",
            "sub_category": "Treatment",
            "disease": "nasal polyps"
        },
        "content": "Chronic sinusitis, with or without polyps, is hard to clear up. Treatment depends on the cause of the swelling and irritation. The goal is to lessen symptoms and improve life."
    },
    {
        "chunk_id": "a784b0ef-a51d-4b6e-bf29-31297bf3e681",
        "metadata": {
            "category": "Diagnosis and Treatment",
            "sub_category": "Medicines",
            "disease": "nasal polyps"
        },
        "content": "Treatments might include: Nasal steroids. These nasal sprays include fluticasone (Flonase Allergy Relief, Xhance), budesonide (Rhinocort), mometasone (Nasonex 24hr Allergy), triamcinolone (Nasacort Allergy 24HR), beclomethasone (Beconase AQ, Qnasl) and ciclesonide (Omnaris, Zetonna). Steroids taken by mouth. Some nasal polyps can block nasal sprays. If so, taking steroids in pill form such as prednisone might help. Steroids taken by mouth also might be given to shrink polyps before surgery.\nThe pills can be taken alone or with a nasal spray. Because oral steroids can cause serious side effects, health care providers generally prescribe them only for a short time.\nSteroids given as shots may be used if nasal polyps are severe. Biologic medicines. Biologics work by aiming at certain cells or proteins to lessen irritation and swelling. These might be used for people whose nasal polyps keep coming back. In the United States, dupilumab (Dupixent), mepolizumab (Nucala) and omalizumab (Xolair) have been approved for treatment of chronic sinusitis with nasal polyps. Other medicines. Other prescription medicines can treat conditions that lead to long-term swelling and inflammation in the nose. These might include medicines to treat allergies, also known as antihistamines, and antibiotics to treat infection.\nA treatment known as aspirin desensitization might help people with nasal polyps and asthma who react badly to aspirin. An allergy specialist oversees the treatment. The treatment involves taking a little more aspirin bit by bit to help the body get used to taking aspirin.\nSurgery to remove the polyps might come before aspirin desensitization. Desensitization might be followed by daily aspirin therapy."
    },
    {
        "chunk_id": "8bb2b25f-1cd6-4148-b81a-02c484025a7a",
        "metadata": {
            "category": "Diagnosis and Treatment",
            "sub_category": "Surgery",
            "disease": "nasal polyps"
        },
        "content": "If medicine doesn't shrink or get rid of nasal polyps, endoscopic surgery can remove polyps and correct problems with the sinuses that lead to polyps. In endoscopic surgery, a surgeon puts a small tube with a lighted lens or tiny camera, also known as an endoscope, through the nostrils into the sinuses. A surgeon then uses tiny tools to remove polyps. A surgeon can also make the openings to the sinuses larger. This can be done during endoscopic surgery. Or there's a procedure called balloon ostial dilation. This procedure doesn't involve removing tissue from inside the nose. After surgery, a corticosteroid nasal spray might help keep nasal polyps from coming back. A saltwater rinse can promote healing after surgery."
    },
    {
        "chunk_id": "71e97439-531d-483c-b23c-097b90e1858e",
        "metadata": {
            "category": "Diagnosis and Treatment",
            "sub_category": "Clinical trials",
            "disease": "nasal polyps"
        },
        "content": "Explore Mayo Clinic studies testing new treatments, interventions and tests as a means to prevent, detect, treat or manage this condition."
    },
    {
        "chunk_id": "33ada956-27a4-4a49-9b84-7018964615f9",
        "metadata": {
            "category": "Diagnosis and Treatment",
            "sub_category": "Preparing for your appointment",
            "disease": "nasal polyps"
        },
        "content": "You'll likely start by seeing your primary care provider. You might then be referred to an ear, nose and throat (ENT) specialist or an allergy specialist. Here's some information to help you get ready for your appointment."
    },
    {
        "chunk_id": "70d5e2d9-779a-4672-8d8e-e0878f74689e",
        "metadata": {
            "category": "Diagnosis and Treatment",
            "sub_category": "What you can do",
            "disease": "nasal polyps"
        },
        "content": "Ask a family member or friend to go with you, if possible. Having someone with you can help you recall the information you get during the appointment. Make a list of: Your symptoms, even if they seem unrelated to your nose or sinuses, and when they began. Other medical information, including other conditions you have. All medicines, vitamins and supplements you take, including doses. Questions to ask your health care provider. Some basic questions to ask might include: What is likely causing my symptoms? What tests do I need? What treatment do you suggest? Do I need to see a specialist? Are there brochures or other printed information I can take have? What websites do you recommend? Ask other questions you have."
    },
    {
        "chunk_id": "6411efbc-04f3-48cd-b30c-dee4d13c74c6",
        "metadata": {
            "category": "Diagnosis and Treatment",
            "sub_category": "What to expect from your doctor",
            "disease": "nasal polyps"
        },
        "content": "Your care provider might ask you questions, including: When did you last have a cold or sinus infection? How often do you have colds or sinus infections? Do you have allergies? To what? Do you have asthma? How controlled is it? Do you often take aspirin or any other pain medicines? Do you smoke or are you often around tobacco smoke? What kind of work do you do? What are your hobbies? Have you ever had any sinus or nasal surgery?"
    }
]