[
    {
        "chunk_id": "577eacb2-0cb8-4950-a561-fe93b4712f66",
        "metadata": {
            "category": "Overview",
            "sub_category": "Overview",
            "disease": "neuroblastoma"
        },
        "content": "Neuroblastoma is a cancer that starts in cells called neuroblasts. Neuroblasts are immature nerve cells. They are found in several areas of the body. Neuroblastoma most often starts in the neuroblasts in the adrenal glands. The adrenal glands are located on top of each kidney. The glands make hormones that control important functions in the body. Other parts of the body that have neuroblasts and can get neuroblastoma include the spine, belly, chest and neck. Neuroblastoma usually affects children age 5 or younger. Symptoms vary, depending on where it occurs in the body. Some forms of neuroblastoma may go away on their own. Other forms of neuroblastoma need treatment. Treatments include surgery, chemotherapy, radiation therapy and bone marrow transplant. Your child's healthcare team will select the neuroblastoma treatments that are best for your child."
    },
    {
        "chunk_id": "69cec897-d359-4fdb-adbd-d4c16eea015f",
        "metadata": {
            "category": "Overview",
            "sub_category": "Symptoms",
            "disease": "neuroblastoma"
        },
        "content": "Signs and symptoms of neuroblastoma may vary depending on what part of the body is affected. This cancer starts in immature nerve cells called neuroblasts. Neuroblasts are found in several areas of the body. Neuroblastoma in the belly may cause symptoms such as: Belly pain. A lump under the skin that typically isn't tender when touched. Diarrhea or constipation. Neuroblastoma in the chest may cause symptoms such as: Wheezing. Difficulty breathing. Changes to the eyes, including drooping eyelids and pupils that are different sizes. Other symptoms that may indicate neuroblastoma include: Lumps of tissue under the skin. Eyeballs that seem to stick out from the sockets. Dark circles around the eyes that look like bruises. Back pain. Fever. Losing weight without trying. Bone pain."
    },
    {
        "chunk_id": "dc32d937-fa36-4167-81d5-c2dcb45b20b3",
        "metadata": {
            "category": "Overview",
            "sub_category": "When to see a doctor",
            "disease": "neuroblastoma"
        },
        "content": "Contact your child's healthcare professional if your child has any symptoms that worry you. Mention any changes in your child's behavior, habits or appearance."
    },
    {
        "chunk_id": "a5e62986-31a0-42eb-b098-8ff1f310d43e",
        "metadata": {
            "category": "Overview",
            "sub_category": "Causes",
            "disease": "neuroblastoma"
        },
        "content": "It's not clear what causes neuroblastoma. This cancer starts in immature nerve cells called neuroblasts. Neuroblasts are found in several areas of the body. Neuroblastoma starts when neuroblasts develop changes in their DNA. A cell's DNA holds the instructions that tell the cell what to do. In healthy cells, the DNA gives instructions to grow and multiply at a set rate. The instructions tell the cells to die at a set time. In cancer cells, the DNA changes give different instructions. The changes tell the cancer cells to grow and multiply quickly. Cancer cells can keep living when healthy cells would die. This causes too many cells. The cancer cells might form a mass called a tumor. The tumor can grow to invade and destroy healthy body tissue. In time, cancer cells can break away and spread to other parts of the body. When cancer spreads, it's called metastatic cancer."
    },
    {
        "chunk_id": "461763c4-7864-46e7-b9a0-130207ab95a8",
        "metadata": {
            "category": "Overview",
            "sub_category": "Risk factors",
            "disease": "neuroblastoma"
        },
        "content": "The risk of neuroblastoma is higher in children. This cancer happens mostly in children age 5 and younger. Children with a family history of neuroblastoma may be more likely to develop the disease. Yet, healthcare professionals think only a small number of neuroblastomas are inherited. There are no known ways to prevent neuroblastoma."
    },
    {
        "chunk_id": "43b5005b-1cfd-4c95-a8a6-a6a9e56237f9",
        "metadata": {
            "category": "Overview",
            "sub_category": "Complications",
            "disease": "neuroblastoma"
        },
        "content": "Complications of neuroblastoma may include: Spread of the cancer. With time, the cancer cells may spread to other parts of the body. Neuroblastoma cells most often spread to the lymph nodes, bone marrow, liver, skin and bones. When cancer spreads, it's called metastatic cancer. Pressure on the spinal cord. A neuroblastoma may grow and press on the spinal cord, causing spinal cord compression. Spinal cord compression may cause pain and paralysis. Symptoms caused by cancer secretions. Neuroblastoma cells may secrete chemicals that irritate other tissues. The irritated tissues can cause symptoms called paraneoplastic syndromes. Symptoms of paraneoplastic syndromes may include rapid eye movements and difficulty with coordination. Other symptoms include abdominal swelling and diarrhea."
    },
    {
        "chunk_id": "0820e55d-4864-4f19-8c97-4b3252c54470",
        "metadata": {
            "category": "Diagnosis and Treatment",
            "sub_category": "Diagnosis",
            "disease": "neuroblastoma"
        },
        "content": "A neuroblastoma diagnosis might start with a physical exam. Other tests and procedures include imaging tests and removing some tissue for testing. Your child's healthcare team may use a variety of tests and procedures to diagnose this cancer."
    },
    {
        "chunk_id": "2a00f18d-7431-4097-bf15-50b743fd1b42",
        "metadata": {
            "category": "Diagnosis and Treatment",
            "sub_category": "Physical exam",
            "disease": "neuroblastoma"
        },
        "content": "A healthcare professional may examine your child to check for signs of neuroblastoma. The healthcare professional may ask you questions about your child's symptoms and health history."
    },
    {
        "chunk_id": "4e1142c0-c951-4dfb-b8e3-51b00d9124ae",
        "metadata": {
            "category": "Diagnosis and Treatment",
            "sub_category": "Urine and blood tests",
            "disease": "neuroblastoma"
        },
        "content": "A healthcare professional might test your child's urine and blood. The results can help the healthcare professional better understand your child's condition. Urine tests might look for high levels of chemicals made by neuroblastoma cells. For example, neuroblastoma can produce chemicals called catecholamines. These might be detected by a urine test."
    },
    {
        "chunk_id": "f5e07d2f-4401-433f-9d2f-eb2a75c29f7c",
        "metadata": {
            "category": "Diagnosis and Treatment",
            "sub_category": "Imaging tests",
            "disease": "neuroblastoma"
        },
        "content": "Imaging tests make pictures of the body. They may help your child's healthcare team find the location of neuroblastoma and look for signs that it may have spread. Imaging tests for neuroblastoma may include: X-ray. Ultrasound. Computerized tomography scan, also called CT scan. Magnetic resonance imaging, also called MRI. Metaiodobenzylguanidine scan, also called MIBG scan. Not everyone needs each test. The healthcare team will decide which tests are needed based on your child's condition."
    },
    {
        "chunk_id": "b6cbf87d-fe85-4845-b4fa-36b6429628a0",
        "metadata": {
            "category": "Diagnosis and Treatment",
            "sub_category": "Biopsy",
            "disease": "neuroblastoma"
        },
        "content": "A biopsy is a procedure to remove a sample of tissue for testing in a lab. To get the sample, a healthcare professional might put a hollow needle through the skin and into the cancer. The health professional uses the needle to draw out some cells for testing. Sometimes a surgeon removes the tissue sample during surgery. In the lab, tests can check the tissue for signs of cancer. Other tests might look for changes in the DNA inside the cancer cells. Results from these tests may help your child's healthcare team make a treatment plan."
    },
    {
        "chunk_id": "d7021867-2127-4f19-ae3d-a099bad6c1fd",
        "metadata": {
            "category": "Diagnosis and Treatment",
            "sub_category": "Bone marrow aspiration and biopsy",
            "disease": "neuroblastoma"
        },
        "content": "Bone marrow aspiration and biopsy are procedures that involve collecting cells from the bone marrow. The cells are sent for testing. These procedures are used to check if neuroblastoma has spread to the bone marrow. Bone marrow is the soft matter inside bones where blood cells are made. Bone marrow has a solid part and a liquid part. In a bone marrow aspiration, a needle is used to draw a sample of the fluid. In a bone marrow biopsy, a needle is used to collect a small amount of the solid tissue. The samples are typically taken from the hip bone."
    },
    {
        "chunk_id": "a0a64574-4511-4bc1-a26e-b906f6a7452c",
        "metadata": {
            "category": "Diagnosis and Treatment",
            "sub_category": "Neuroblastoma stages",
            "disease": "neuroblastoma"
        },
        "content": "The healthcare team uses the results from these tests to give the neuroblastoma a stage. The stage tells the healthcare team about the prognosis and helps the team create a treatment plan. The stages of neuroblastoma are: L1. This stage means the neuroblastoma is growing in one area. The caner doesn't involve any structures that would make it hard to remove the cancer completely with surgery. L2. This stage means the neuroblastoma is growing in one area. However, the cancer involves structures that might make it hard to remove all the cancer with surgery. M. This stage means the neuroblastoma has spread to other parts of the body. MS. This stage applies to children younger than 18 months. It means the neuroblastoma has spread to the skin, liver or bone marrow."
    },
    {
        "chunk_id": "7c9bc69a-7d4f-4ab8-b964-84e19649d9d4",
        "metadata": {
            "category": "Diagnosis and Treatment",
            "sub_category": "Treatment",
            "disease": "neuroblastoma"
        },
        "content": "Treatments for neuroblastoma include surgery, radiation therapy, and medicines, such as chemotherapy and others. Healthcare teams consider many things when creating a treatment plan. These include the child's age, the stage of the cancer, the kinds of cells involved in the cancer and the DNA changes inside the cancer cells. The healthcare team uses this information to say whether the neuroblastoma is low risk, intermediate risk or high risk. Neuroblastoma that is low risk or intermediate risk has a good chance for cure. High risk neuroblastoma can be more difficult to cure, so stronger treatments might be needed. What treatment or combination of treatments your child receives for neuroblastoma depends on the risk category."
    },
    {
        "chunk_id": "698c7ecf-47a0-42bd-ab73-8bfa784a5a0e",
        "metadata": {
            "category": "Diagnosis and Treatment",
            "sub_category": "Surgery",
            "disease": "neuroblastoma"
        },
        "content": "During surgery for neuroblastoma, surgeons use cutting tools to remove the cancer cells. In children with low-risk neuroblastoma, surgery to remove the cancer may be the only treatment needed. Whether the cancer can be removed completely depends on its location and size. Cancers that are attached to nearby vital organs may be too risky to remove. In intermediate-risk and high-risk neuroblastoma, surgeons may try to remove as much of the cancer as possible. Other treatments, such as chemotherapy and radiation therapy, may then be used to kill remaining cancer cells."
    },
    {
        "chunk_id": "6c42d57b-aa44-4da6-a52a-4b6866d738a7",
        "metadata": {
            "category": "Diagnosis and Treatment",
            "sub_category": "Chemotherapy",
            "disease": "neuroblastoma"
        },
        "content": "Chemotherapy treats cancer with strong medicines. Many chemotherapy medicines exist. Most chemotherapy medicines are given through a vein. Some come in pill form. Children with intermediate-risk neuroblastoma often receive a combination of chemotherapy medicines before surgery. This improves the chances that the entire cancer can be removed. Children with high-risk neuroblastoma often receive high doses of chemotherapy medicines to shrink the cancer. Chemotherapy also helps kill any cancer cells that have spread to other parts in the body. Chemotherapy often is used before surgery and before bone marrow transplant."
    },
    {
        "chunk_id": "c97774fa-3745-44f0-963d-71e7fb626002",
        "metadata": {
            "category": "Diagnosis and Treatment",
            "sub_category": "Radiation therapy",
            "disease": "neuroblastoma"
        },
        "content": "Radiation therapy treats cancer with powerful energy beams. The energy can come from X-rays, protons or other sources. Children with high-risk neuroblastoma may receive radiation therapy after chemotherapy and surgery. The radiation can help lower the risk that the cancer will come back."
    },
    {
        "chunk_id": "44bb96cc-50c4-47bc-871f-96422468170b",
        "metadata": {
            "category": "Diagnosis and Treatment",
            "sub_category": "Bone marrow transplant",
            "disease": "neuroblastoma"
        },
        "content": "A bone marrow transplant, also called a bone marrow stem cell transplant, involves putting healthy bone marrow stem cells into the body. These cells replace cells hurt by chemotherapy and other treatments. A bone marrow transplant might be an option for children with high-risk neuroblastoma. A bone marrow transplant for neuroblastoma uses the child's own blood stem cells. This kind of transplant is called an autologous stem cell transplant. Before the transplant, a procedure is done to filter and collect blood stem cells from the child's blood. The stem cells are stored for later use. Next, the child receives high doses of chemotherapy to kill any remaining cancer cells. Then the blood stem cells are put back into the child's body. The transplanted cells can form new, healthy blood cells."
    },
    {
        "chunk_id": "fcc5ef2e-73bf-4c5a-9eaf-a88dc75d7c02",
        "metadata": {
            "category": "Diagnosis and Treatment",
            "sub_category": "Immunotherapy",
            "disease": "neuroblastoma"
        },
        "content": "Immunotherapy is a treatment with medicine that helps the body's immune system kill cancer cells. The immune system fights off diseases by attacking germs and other cells that shouldn't be in the body. Cancer cells survive by hiding from the immune system. Immunotherapy helps the immune system cells find and kill the cancer cells. Immunotherapy is sometimes used with chemotherapy for high-risk neuroblastoma."
    },
    {
        "chunk_id": "3e80d4b1-6233-4fa7-9a94-b728c6d8f000",
        "metadata": {
            "category": "Diagnosis and Treatment",
            "sub_category": "Clinical trials",
            "disease": "neuroblastoma"
        },
        "content": "Explore Mayo Clinic studies testing new treatments, interventions and tests as a means to prevent, detect, treat or manage this condition."
    },
    {
        "chunk_id": "4895465e-1450-4f11-affd-21ab38a4669b",
        "metadata": {
            "category": "Diagnosis and Treatment",
            "sub_category": "Coping and support",
            "disease": "neuroblastoma"
        },
        "content": "When your child is diagnosed with cancer, it's common to feel a range of emotions. Some parents say they had feelings such as shock, disbelief, guilt and anger. At the time you might be feeling these strong feelings, you also may need to make decisions about your child's treatment. This can feel overwhelming. Here are some ideas to help with coping."
    },
    {
        "chunk_id": "9d6caf0e-518c-4f35-9de0-d98985b60b68",
        "metadata": {
            "category": "Diagnosis and Treatment",
            "sub_category": "Gather all the information you need",
            "disease": "neuroblastoma"
        },
        "content": "Find out enough about neuroblastoma to feel comfortable making decisions about your child's care. Talk with your child's healthcare team. Keep a list of questions to ask at the next appointment. Ask your child's healthcare team to recommend good sources of information. In the United States, the National Cancer Institute and the American Cancer Society are good organizations to go to for more information."
    },
    {
        "chunk_id": "d6627c9b-d837-4241-8e40-e8f1e5130261",
        "metadata": {
            "category": "Diagnosis and Treatment",
            "sub_category": "Organize a support network",
            "disease": "neuroblastoma"
        },
        "content": "Friends and family can provide both emotional and practical support as your child goes through treatment. Your friends and family will likely ask you what they can do to help. Take them up on their offers. Loved ones can go with your child to healthcare visits or sit by your child's bedside in the hospital when you can't be there. When you're with your child, your friends and family can help out by spending time with your other children or helping around your home."
    },
    {
        "chunk_id": "c30a1298-ee34-4de8-a4f3-bd517c7150aa",
        "metadata": {
            "category": "Diagnosis and Treatment",
            "sub_category": "Take advantage of resources for children with cancer",
            "disease": "neuroblastoma"
        },
        "content": "Seek out special resources for families of kids with cancer. Ask your clinic's social workers about what's available. Support groups for parents and siblings put you in touch with people who understand what you're feeling. Your family may be eligible for summer camps, temporary housing and other support."
    },
    {
        "chunk_id": "0e11cec5-9cbc-4d1d-a08b-57a3c8b18c94",
        "metadata": {
            "category": "Diagnosis and Treatment",
            "sub_category": "Maintain your usual routines as much as possible",
            "disease": "neuroblastoma"
        },
        "content": "Small children can't understand what's happening to them as they undergo cancer treatment. To help your child cope, try to keep your usual routines as much as possible. Try to arrange appointments so that your child can have a set nap time each day. Have routine mealtimes. Allow time for play when your child feels up to it. If your child must spend time in the hospital, bring items from home that help your child feel more comfortable. Ask your healthcare team about other ways to comfort your child through treatment. Some hospitals have recreation therapists or child life workers who can give you more-specific ways to help your child cope."
    },
    {
        "chunk_id": "3685a6cc-fd21-4da1-8f12-80e6f1cfe3d1",
        "metadata": {
            "category": "Diagnosis and Treatment",
            "sub_category": "Preparing for your appointment",
            "disease": "neuroblastoma"
        },
        "content": "Make an appointment with your family healthcare professional if your child has any symptoms that worry you. Because appointments can be brief it's a good idea to be prepared. Here's some information to help you get ready, and what to expect."
    },
    {
        "chunk_id": "35df4b85-d13d-430b-abc7-2b0fba8fb6a1",
        "metadata": {
            "category": "Diagnosis and Treatment",
            "sub_category": "What you can do",
            "disease": "neuroblastoma"
        },
        "content": "Be aware of any preappointment restrictions. At the time you make the appointment, be sure to ask if there's anything you need to do in advance, such as change your child's diet. Write down any symptoms your child is experiencing, including any that may seem unrelated to the reason for which you scheduled the appointment. Write down key personal information, including any major stresses or recent life changes. Make a list of all medicines, vitamins or supplements your child is taking and the doses. Consider taking a family member or friend along. Sometimes it can be hard to remember all the information provided during an appointment. Someone who comes with you may remember something that you missed or forgot. Write down questions to ask your child's healthcare team. Your time with your child's healthcare team may be limited, so preparing a list of questions can help you make the most of your time together. List your questions from most important to least important in case time runs out. For neuroblastoma, some basic questions to ask include: What may be causing my child's symptoms or condition? What kinds of tests does my child need? What is the best course of action? What are the alternatives to the approach that you're suggesting? My child has these other health conditions. How can they best be managed together? Are there any restrictions that my child needs to follow? Should my child see a specialist? Where can I find more information? In addition to the questions that you've prepared, don't hesitate to ask other questions during your appointment."
    },
    {
        "chunk_id": "a3039f91-cf3d-4b39-882b-b826a0f847d2",
        "metadata": {
            "category": "Diagnosis and Treatment",
            "sub_category": "What to expect from your child's doctor",
            "disease": "neuroblastoma"
        },
        "content": "Your child's healthcare team is likely to ask you questions, such as: When did your child begin experiencing symptoms? How have your child's symptoms changed over time? What, if anything, seems to improve your child's symptoms? What, if anything, appears to worsen your child's symptoms?"
    }
]