[
    {
        "chunk_id": "398950ca-cb7c-4d02-8015-3d5276317744",
        "metadata": {
            "category": "Overview",
            "sub_category": "Overview",
            "disease": "osteochondritis dissecans"
        },
        "content": "Osteochondritis dissecans (os-tee-o-kon-DRY-tis DIS-uh-kanz) is a joint condition in which bone underneath the cartilage of a joint dies due to lack of blood flow. This bone and cartilage can then break loose, causing pain and possibly hindering joint motion. Osteochondritis dissecans occurs most often in children and adolescents. It can cause symptoms either after an injury to a joint or after several months of activity, especially high-impact activity such as jumping and running, that affects the joint. The condition occurs most commonly in the knee, but also occurs in elbows, ankles and other joints. Doctors stage osteochondritis dissecans according to the size of the injury, whether the fragment is partially or completely detached, and whether the fragment stays in place. If the loosened piece of cartilage and bone stays in place, you may have few or no symptoms. For young children whose bones are still developing, the injury might heal by itself. Surgery might be necessary if the fragment comes loose and gets caught between the moving parts of your joint or if you have persistent pain."
    },
    {
        "chunk_id": "ebea618e-fcfd-4f13-b0ad-8efc04b69ddf",
        "metadata": {
            "category": "Overview",
            "sub_category": "Symptoms",
            "disease": "osteochondritis dissecans"
        },
        "content": "Depending on the joint that's affected, signs and symptoms of osteochondritis dissecans might include: Pain. This most common symptom of osteochondritis dissecans might be triggered by physical activity — walking up stairs, climbing a hill or playing sports. Swelling and tenderness. The skin around your joint might be swollen and tender. Joint popping or locking. Your joint might pop or stick in one position if a loose fragment gets caught between bones during movement. Joint weakness. You might feel as though your joint is \"giving way\" or weakening. Decreased range of motion. You might be unable to straighten the affected limb completely."
    },
    {
        "chunk_id": "6f70deff-2235-407b-936a-4b953438cc47",
        "metadata": {
            "category": "Overview",
            "sub_category": "When to see a doctor",
            "disease": "osteochondritis dissecans"
        },
        "content": "If you have persistent pain or soreness in your knee, elbow or another joint, see your doctor. Other signs and symptoms that should prompt a call or visit to your doctor include joint swelling or an inability to move a joint through its full range of motion."
    },
    {
        "chunk_id": "6cc983ba-8fb8-4259-9d4a-1a378770c6ed",
        "metadata": {
            "category": "Overview",
            "sub_category": "Causes",
            "disease": "osteochondritis dissecans"
        },
        "content": "The cause of osteochondritis dissecans is unknown. The reduced blood flow to the end of the affected bone might result from repetitive trauma — small, multiple episodes of minor, unrecognized injury that damage the bone. There might be a genetic component, making some people more inclined to develop the disorder."
    },
    {
        "chunk_id": "4fcb140b-d1c6-410b-be69-9e320d815c00",
        "metadata": {
            "category": "Overview",
            "sub_category": "Risk factors",
            "disease": "osteochondritis dissecans"
        },
        "content": "Osteochondritis dissecans occurs most commonly in children and adolescents between the ages of 10 and 20 who are highly active in sports."
    },
    {
        "chunk_id": "969d1bfd-3a9c-4437-86b2-d5da445d4c4e",
        "metadata": {
            "category": "Overview",
            "sub_category": "Complications",
            "disease": "osteochondritis dissecans"
        },
        "content": "Osteochondritis dissecans can increase your risk of eventually developing osteoarthritis in that joint."
    },
    {
        "chunk_id": "085f0c8f-6efc-4fdd-9b2a-f721fe4bad86",
        "metadata": {
            "category": "Overview",
            "sub_category": "Prevention",
            "disease": "osteochondritis dissecans"
        },
        "content": "Adolescents participating in organized sports might benefit from education on the risks to their joints associated with overuse. Learning the proper mechanics and techniques of their sport, using the proper protective gear, and participating in strength training and stability training exercises can help reduce the chance of injury."
    },
    {
        "chunk_id": "fb9993bb-73aa-449b-8014-b9d1f4a313a2",
        "metadata": {
            "category": "Diagnosis and Treatment",
            "sub_category": "Diagnosis",
            "disease": "osteochondritis dissecans"
        },
        "content": "During the physical exam, your doctor will press on the affected joint, checking for areas of swelling or tenderness. In some cases, you or your doctor will be able to feel a loose fragment inside your joint. Your doctor will also check other structures around the joint, such as the ligaments. Your doctor will also ask you to move your joint in different directions to see whether the joint can move smoothly through its normal range of motion."
    },
    {
        "chunk_id": "89bdaad8-0aa1-40c5-8577-36e690396994",
        "metadata": {
            "category": "Diagnosis and Treatment",
            "sub_category": "Imaging tests",
            "disease": "osteochondritis dissecans"
        },
        "content": "Your doctor might order one or more of these tests: X-rays. X-rays can show abnormalities in the joint's bones. Magnetic resonance imaging (MRI). Using radio waves and a strong magnetic field, an MRI can provide detailed images of both hard and soft tissues, including the bone and cartilage. If X-rays appear normal but you still have symptoms, your doctor might order an MRI. Computerized tomography (CT) scan. This technique combines X-ray images taken from different angles to produce cross-sectional images of internal structures. CT scans allow your doctor to see bone in high detail, which can help pinpoint the location of loose fragments within the joint."
    },
    {
        "chunk_id": "b00bd284-0bef-40b1-a425-90d29c52d643",
        "metadata": {
            "category": "Diagnosis and Treatment",
            "sub_category": "Treatment",
            "disease": "osteochondritis dissecans"
        },
        "content": "Treatment of osteochondritis dissecans is intended to restore the normal functioning of the affected joint and relieve pain, as well as reduce the risk of osteoarthritis. No single treatment works for everybody. In children whose bones are still growing, the bone defect may heal with a period of rest and protection."
    },
    {
        "chunk_id": "0683b95a-a0a1-4cd1-85b3-9c74bef67c6a",
        "metadata": {
            "category": "Diagnosis and Treatment",
            "sub_category": "Therapy",
            "disease": "osteochondritis dissecans"
        },
        "content": "Initially, your doctor will likely recommend conservative measures, which might include: Resting your joint. Avoid activities that stress your joint, such as jumping and running if your knee is affected. You might need to use crutches for a time, especially if pain causes you to limp. Your doctor might also suggest wearing a splint, cast or brace to immobilize the joint for a few weeks. Physical therapy. Most often, this therapy includes stretching, range-of-motion exercises and strengthening exercises for the muscles that support the involved joint. Physical therapy is commonly recommended after surgery, as well."
    },
    {
        "chunk_id": "d7637cfc-c9c1-4584-9097-51a62c856662",
        "metadata": {
            "category": "Diagnosis and Treatment",
            "sub_category": "Surgery",
            "disease": "osteochondritis dissecans"
        },
        "content": "If you have a loose fragment in your joint, if the affected area is still present after your bones have stopped growing, or if conservative treatments don't help after four to six months, you might need surgery. The type of surgery will depend on the size and stage of the injury and how mature your bones are."
    },
    {
        "chunk_id": "7a025e59-6b25-4145-921d-4c95a65393b5",
        "metadata": {
            "category": "Diagnosis and Treatment",
            "sub_category": "Preparing for your appointment",
            "disease": "osteochondritis dissecans"
        },
        "content": "You might first consult with your family doctor, who might refer you to a doctor who specializes in sports medicine or orthopedic surgery."
    },
    {
        "chunk_id": "d2f589d5-2988-40b8-8887-7037266399c0",
        "metadata": {
            "category": "Diagnosis and Treatment",
            "sub_category": "What you can do",
            "disease": "osteochondritis dissecans"
        },
        "content": "Write down your symptoms and when they began. List key medical information, including other conditions you have and the names of medications, vitamins or supplements you take. Note recent accidents or injuries that might have damaged your back. Take a family member or friend along, if possible. Someone who accompanies you can help you remember what your doctor tells you. Write down questions to ask your doctor to make the most of your appointment time. For osteochondritis dissecans, some basic questions to ask your doctor include: What's the most likely cause of my joint pain? Are there other possible causes? Do I need diagnostic tests? What treatment do you recommend? If you're recommending medications, what are the possible side effects? For how long will I need to take medication? Am I a candidate for surgery? Why or why not? Are there restrictions I need to follow? What self-care measures should I take? What can I do to prevent my symptoms from recurring? Don't hesitate to ask other questions."
    },
    {
        "chunk_id": "550bb1e1-98db-46fc-85c5-06440ae0ed90",
        "metadata": {
            "category": "Diagnosis and Treatment",
            "sub_category": "What to expect from your doctor",
            "disease": "osteochondritis dissecans"
        },
        "content": "Your doctor is likely to ask you a number of questions, such as: When did your symptoms begin? Are your joints swollen? Do they lock or give out on you? Does anything make your symptoms better or worse? How limiting is your pain? Have you injured that joint? If so, when? Do you play sports? If so, which ones? What treatments or self-care measures have you tried? Has anything helped?"
    }
]