[
    {
        "chunk_id": "9fb2a49a-7190-48b6-831e-6d7b10c6bb74",
        "metadata": {
            "category": "Overview",
            "sub_category": "Overview",
            "disease": "overactive bladder"
        },
        "content": "Overactive bladder, also called OAB, causes sudden urges to urinate that may be hard to control. There might be a need to pass urine many times during the day and night. There also might be loss of urine that isn't intended, called urgency incontinence. People with an overactive bladder might feel self-conscious. That can cause them to keep away from others or limit their work and social life. The good news is that it can be treated. Simple behavior changes might manage symptoms of an overactive bladder. These might include changes in diet, urinating on a certain schedule and using pelvic floor muscles to control the bladder. There also are other treatments to try."
    },
    {
        "chunk_id": "b71072d4-e28c-4bf6-bc1e-6b4f319f0df7",
        "metadata": {
            "category": "Overview",
            "sub_category": "Symptoms",
            "disease": "overactive bladder"
        },
        "content": "If you have an overactive bladder, you may: Feel a sudden urge to urinate that's hard to control. Lose urine without meaning to after an urgent need to urinate, called urgency incontinence. Urinate often. This can mean eight or more times in 24 hours. Wake up more than twice a night to urinate, called nocturia. Even if you can get to the toilet in time when you feel an urge to urinate, having to urinate often during day and night can disrupt your life."
    },
    {
        "chunk_id": "e1624f46-e58f-48e8-af80-ceddf277195a",
        "metadata": {
            "category": "Overview",
            "sub_category": "When to see a doctor",
            "disease": "overactive bladder"
        },
        "content": "Although common among older adults, overactive bladder isn't a typical part of aging. It might not be easy to talk about your symptoms. But if the symptoms distress you or disrupt your life, talk to your healthcare professional. There are treatments that might help."
    },
    {
        "chunk_id": "7e34721c-edb2-42d6-a6b1-339dc951c9e4",
        "metadata": {
            "category": "Overview",
            "sub_category": "How a healthy bladder works",
            "disease": "overactive bladder"
        },
        "content": "The kidneys make urine, which drains into the bladder. When urinating, urine passes from the bladder through a tube called the urethra (u-REE-thruh). A muscle in the urethra called the sphincter opens to release urine out of the body. In people assigned female at birth, the urethral opening is just above the vaginal opening. In people assigned male at birth, the urethral opening is at the tip of the penis. As the bladder fills, nerve signals sent to the brain trigger the need to urinate. When urinating, these nerve signals cause the pelvic floor muscles and the muscles of the urethra, called the urinary sphincter muscles, to relax. The muscles of the bladder tighten, also called contract, pushing the urine out."
    },
    {
        "chunk_id": "759242e7-3219-4306-980b-7c1bb877512d",
        "metadata": {
            "category": "Overview",
            "sub_category": "Involuntary bladder contractions",
            "disease": "overactive bladder"
        },
        "content": "Overactive bladder happens when the muscles of the bladder start to tighten on their own even when the amount of urine in the bladder is low. These are called involuntary contractions. They cause an urgent need to urinate. Several conditions may be a part of overactive bladder, including: Conditions that affect the bladder, such as tumors or bladder stones. Conditions that affect the brain and spinal cord, such as stroke and multiple sclerosis. Diabetes. Factors that get in the way of urine leaving the bladder, such as an enlarged prostate, constipation or having had surgery to treat lack of control over urinating, called incontinence. Hormonal changes during menopause. Urinary tract infections, which can cause symptoms like those of an overactive bladder. Overactive bladder symptoms also may be linked to: Cognitive decline due to aging. This can make it harder for the bladder to use the signals it gets from the brain. Drinking too much caffeine or alcohol. Medicines that cause the body to make a lot of urine or that need to be taken with a lot of fluids. Not being able to get to the bathroom quickly. Not emptying the bladder all the way. This leads to not enough space in the bladder for more urine. Sometimes the cause of overactive bladder isn't known."
    },
    {
        "chunk_id": "fa54c9af-e09c-4720-bd27-974dec3d401b",
        "metadata": {
            "category": "Overview",
            "sub_category": "Risk factors",
            "disease": "overactive bladder"
        },
        "content": "Aging increases the risk of overactive bladder. So does being female. Conditions such as enlarged prostate and diabetes also can increase the risk. Many people with declines in thinking ability, such as those who have had a stroke or have Alzheimer's disease, get an overactive bladder. That's because they're less able to notice the symptoms of needing to urinate. Drinking fluids on a schedule, timing and prompting urination, absorbent garments, and bowel programs can help manage the condition. Some people with an overactive bladder also have trouble with bowel control. Tell your healthcare professional if you're having trouble controlling your bowels."
    },
    {
        "chunk_id": "5b0e9aff-3a5f-4afd-82fe-cd4665a2e10a",
        "metadata": {
            "category": "Overview",
            "sub_category": "Complications",
            "disease": "overactive bladder"
        },
        "content": "Any type of incontinence can affect quality of life. If your overactive bladder symptoms disrupt your life, you might also have: Anxiety. Emotional distress or depression. Sexual problems. Sleep disturbances and interrupted sleep cycles. People assigned female at birth who have an overactive bladder also may have a condition called mixed incontinence. This has both urgency and stress incontinence. Stress incontinence is the sudden loss of urine from physical movement or activity that puts pressure on the bladder. Examples are coughing, sneezing, laughing or exercising."
    },
    {
        "chunk_id": "2d6346c4-b702-434f-8aba-107627d9a642",
        "metadata": {
            "category": "Overview",
            "sub_category": "Prevention",
            "disease": "overactive bladder"
        },
        "content": "These healthy lifestyle choices may reduce your risk of overactive bladder: Do exercises to make the pelvic floor muscles stronger. These are called Kegel exercises. Get regular, daily physical activity and exercise. Limit caffeine and alcohol. Maintain a healthy weight. Manage ongoing, called chronic, conditions, such as diabetes, that might add to overactive bladder symptoms. Quit smoking."
    },
    {
        "chunk_id": "6bc8d74a-9549-409d-976a-ddb0b2cd95bc",
        "metadata": {
            "category": "Diagnosis and Treatment",
            "sub_category": "Diagnosis",
            "disease": "overactive bladder"
        },
        "content": "If you have unusual urges to urinate, your healthcare professional checks for an infection or blood in your urine. Your health professional also may check to see if you're emptying your bladder all the way when you urinate. Your appointment will likely include a: Medical history. Neurological exam to look for sensory issues or reflex problems. Physical exam, which may include a rectal exam and a pelvic exam in women. Urine sample to test for infection, traces of blood or other issues."
    },
    {
        "chunk_id": "51e0d223-a5fb-47a3-a710-ab6a723566b2",
        "metadata": {
            "category": "Diagnosis and Treatment",
            "sub_category": "Tests of bladder function",
            "disease": "overactive bladder"
        },
        "content": "Your health professional may suggest tests to see how well your bladder works and whether it can empty all the way, called urodynamic tests. A specialist most often does these tests. But testing may not be needed to make a diagnosis or begin treatment. Urodynamic tests include: Measuring urine left in the bladder. This test is important if you might not be emptying your bladder all the way when you urinate. Remaining urine in the bladder, called postvoid residual urine, can cause symptoms like those of an overactive bladder.\nTo measure residual urine after you void, your health professional may want an ultrasound scan of your bladder. The ultrasound scan translates sound waves into an image. The image shows how much urine is left in your bladder after you urinate.\nSometimes, a thin tube, called a catheter, is passed through the urethra and into your bladder to drain the remaining urine. Then the urine can be measured. Measuring urine flow rate. To measure how much and how fast you urinate, you may be asked to urinate into a device called a uroflowmeter. A uroflowmeter catches and measures the urine. It then uses the data to create a graph of changes in your flow rate. Testing bladder pressures. A test called cystometry measures pressure in your bladder and in the area around it as your bladder fills. After emptying your bladder with a thin tube called a catheter, your health professional uses another catheter to fill your bladder slowly with warm fluid.\nAnother catheter with a sensor that measures pressure goes into the rectum or the vagina. The sensor tells how much pressure your bladder uses to empty all the way.\nThis procedure can show how full your bladder is when you start needing to urinate. It also can show whether your bladder tightens when it's not supposed to. Your health provider reviews the results of your tests with you and suggests a treatment plan."
    },
    {
        "chunk_id": "9ba01b5b-d7b1-491e-bffe-00fe0c1df715",
        "metadata": {
            "category": "Diagnosis and Treatment",
            "sub_category": "Treatment",
            "disease": "overactive bladder"
        },
        "content": "A mix of treatments may be best to relieve overactive bladder symptoms."
    },
    {
        "chunk_id": "c805cf0c-a6a3-4a99-8903-7d0e5f9cd36a",
        "metadata": {
            "category": "Diagnosis and Treatment",
            "sub_category": "Behavioral therapies",
            "disease": "overactive bladder"
        },
        "content": "Behavioral therapies are the first choice in helping manage an overactive bladder. They often work and have no side effects. Behavioral therapies may include: Biofeedback. During biofeedback, an electrical patch put on the skin over your bladder is attached to a wire that's linked to a screen. This lets you see when your bladder muscles contract. This can help you know what it feels like when the muscles tighten so you can learn to control them. Bladder training. Bladder training involves going to the bathroom at set times. Use a bladder diary to see how often you go. Then add 15 minutes at a time between trips to the toilet. Urinate even if you don't feel the urge. This can train your bladder to hold more urine before you feel the urge to urinate. Healthy weight. If you're overweight, losing weight may ease symptoms. Weight loss may help if you also have stress urinary incontinence. Intermittent catheterization. If you are not able to empty your bladder well, using a tube called a catheter at times to empty your bladder all the way helps your bladder do what it can't do by itself. Ask your healthcare professional if this approach is right for you. Pelvic floor muscle exercises. Kegel exercises strengthen your pelvic floor muscles and urinary sphincter. Stronger muscles can help you stop the bladder from contracting on its own.\nYour healthcare professional or a physical therapist can help you learn to do Kegel exercises. Kegel exercises are like other types of exercise. How well they work depends on your doing them regularly. It can take six weeks before they start to work."
    },
    {
        "chunk_id": "18fac961-479a-4c7d-a436-fd6fa80aa50f",
        "metadata": {
            "category": "Diagnosis and Treatment",
            "sub_category": "Medications",
            "disease": "overactive bladder"
        },
        "content": "After menopause, vaginal estrogen therapy can help strengthen the muscles and tissues in the urethra and vaginal area. Vaginal estrogen comes in creams, suppositories, tablets or rings. It can improve symptoms of overactive bladder. Medicines that relax the bladder can help relieve symptoms of overactive bladder and reduce episodes of urge incontinence. These drugs include: Fesoterodine (Toviaz). Mirabegron (Myrbetriq). Oxybutynin, which can be taken as a pill (Ditropan XL) or used as a skin patch (Oxytrol) or gel (Gelnique). Solifenacin (Vesicare). Tolterodine (Detrol). Trospium. Vibegron (Gemtesa). Common side effects of most of these drugs include dry eyes and dry mouth. But drinking water for thirst can make symptoms of overactive bladder worse. Constipation is another possible side effect that can make bladder symptoms worse. Extended-release forms of these medicines, including the skin patch or gel, may cause fewer side effects. Your healthcare professional may suggest that you sip small amounts of water or suck on a piece of sugar-free candy or chew sugar-free gum to relieve dry mouth. You might use eyedrops to keep your eyes moist. Medicines available without a prescription, such mouthwashes designed to relieve dry mouth, can be helpful for long-term dry mouth. Eating a fiber-rich diet or using stool softeners might help prevent constipation."
    },
    {
        "chunk_id": "cbed3ad7-98ff-457c-a4e4-58fe08eba3df",
        "metadata": {
            "category": "Diagnosis and Treatment",
            "sub_category": "Bladder injections",
            "disease": "overactive bladder"
        },
        "content": "OnabotulinumtoxinA (ON-ah-boch-yoo-lih-num-tox-in-A), also called Botox, is a protein from the bacteria that cause botulism illness. Small doses shot into bladder tissues can relax the muscles and increase the amount of urine the bladder can hold. Studies show that Botox may help severe urge incontinence. The effects most often last six months or more. When the effects wear off, you need another shot. Side effects from these shots include urinary tract infections and retaining urine. If you're thinking of Botox treatments, you must be willing to put a catheter in yourself if you start retaining urine."
    },
    {
        "chunk_id": "3bf7e926-8210-4b7d-924e-702f04ddd4df",
        "metadata": {
            "category": "Diagnosis and Treatment",
            "sub_category": "Nerve stimulation",
            "disease": "overactive bladder"
        },
        "content": "Mild electrical pulses to the bladder nerves can improve overactive bladder symptoms. One procedure uses a thin wire placed near the sacral nerves where they pass near your tailbone. The sacral nerves carry signals to your bladder. This minimally invasive procedure is often done with a trial of a wire put under the skin in your lower back. Your healthcare professional then uses a hand-held device attached to the wire to send electrical impulses to your bladder. This is like what a pacemaker does for the heart. If the trial helps your symptoms, a battery-powered pulse generator is put in with surgery. The device stays in your body to help control the nerves."
    },
    {
        "chunk_id": "9dfad27a-b2ac-4416-8c7d-3a6d2cf8064a",
        "metadata": {
            "category": "Diagnosis and Treatment",
            "sub_category": "Percutaneous tibial nerve stimulation (PTNS)",
            "disease": "overactive bladder"
        },
        "content": "This procedure uses a thin needle that is put through the skin near the ankle. It sends electrical stimulation from a nerve in the leg, called the tibial nerve, to the spine. There it connects with the nerves that control the bladder. PTNS treatments are given once a week for 12 weeks to treat symptoms of overactive bladder. After that, treatments every 3 to 4 weeks help keep symptoms under control."
    },
    {
        "chunk_id": "0c3fa901-794f-41c4-ac6c-16e91cbca04d",
        "metadata": {
            "category": "Diagnosis and Treatment",
            "sub_category": "Surgery",
            "disease": "overactive bladder"
        },
        "content": "Surgery to treat overactive bladder is only for people with severe symptoms who don't respond to other treatments. The goal is to improve the bladder's ability to store urine and reduce pressure in the bladder. Procedures include: Surgery to increase how much the bladder can hold. This procedure uses pieces of the bowel to replace a part of the bladder. People who have this surgery may need to use a catheter sometimes for the rest of their lives to empty their bladder. Bladder removal. This procedure is used as a last resort. It involves removing the bladder and surgically making a bladder to replace it, called a neobladder. Or it might involve making an opening in the body, called a stoma, to attach a bag on the skin to collect urine."
    },
    {
        "chunk_id": "184daa4d-0a44-4a3d-afc5-249e6dd54556",
        "metadata": {
            "category": "Diagnosis and Treatment",
            "sub_category": "Clinical trials",
            "disease": "overactive bladder"
        },
        "content": "Explore Mayo Clinic studies testing new treatments, interventions and tests as a means to prevent, detect, treat or manage this condition."
    },
    {
        "chunk_id": "554cafe8-d1b3-4215-8dc4-e3cb590842cc",
        "metadata": {
            "category": "Diagnosis and Treatment",
            "sub_category": "Lifestyle and home remedies",
            "disease": "overactive bladder"
        },
        "content": "The following might reduce overactive bladder symptoms: Not drinking too much or too little. Ask your healthcare professional how much to drink daily. Drinking too much fluid can make your symptoms worse. But not drinking enough can bother the lining of your bladder and increase the urge to urinate. Limit foods and drinks that might bother your bladder. These include caffeine, alcohol, tea, carbonated drinks, citrus juice and fruit, chocolate, spicy foods, and tomatoes. Try not eating or drinking these to see if it helps. Maintain a healthy weight. If you're overweight, losing weight may ease your symptoms. Heavier people also are at greater risk of stress urinary incontinence. That also may improve with weight loss. Manage constipation. Constipation can make urinary incontinence worse. Your healthcare professional might suggest that you add more fiber to your diet. You can add fiber by eating more high-fiber foods or by taking a fiber supplement. Quit smoking. Smoking can make urinary incontinence worse. If you smoke, ask your healthcare professional for help with quitting. Wear absorbent pads or underwear. These are designed to take in liquids, control odor and protect your clothing when urine leaks."
    },
    {
        "chunk_id": "439815ee-f513-49fd-9e08-2db91e1e91d0",
        "metadata": {
            "category": "Diagnosis and Treatment",
            "sub_category": "Alternative medicine",
            "disease": "overactive bladder"
        },
        "content": "No complementary or alternative therapies have been proved to treat overactive bladder. Some research suggests that acupuncture might help ease the symptoms of overactive bladder. Acupuncture involves using very thin needles that are thrown out after the procedure. More study is needed. Complementary treatments may not be covered by insurance. So check with your insurance company if you want to try one."
    },
    {
        "chunk_id": "4afcdba3-6b78-4aea-8f98-74d50e302696",
        "metadata": {
            "category": "Diagnosis and Treatment",
            "sub_category": "Coping and support",
            "disease": "overactive bladder"
        },
        "content": "Living with overactive bladder can be hard. Consumer education and advocacy support groups such as the National Association for Continence can provide you with online resources and information. These groups connect you with other people who have overactive bladder and urge incontinence. Support groups offer the chance to talk about your worries and learn new ways to cope. Teaching your family and friends about overactive bladder and how it affects you may help you create your own support network and reduce feelings of shame. Once you start talking about it, you may be surprised to learn how common this condition really is."
    },
    {
        "chunk_id": "b90053e9-100c-4bd3-b708-75ed2b17f904",
        "metadata": {
            "category": "Diagnosis and Treatment",
            "sub_category": "Preparing for your appointment",
            "disease": "overactive bladder"
        },
        "content": "For overactive bladder, start by seeing your primary healthcare professional. You might then be sent to a specialist in urinary conditions in men and women, called a urologist, a specialist in urinary conditions in women, called a urogynecologist, or a specialist in physical therapy. Here's some information to help you get ready for your appointment."
    },
    {
        "chunk_id": "f2c10d92-1fe8-4749-ab46-c66a2c40f334",
        "metadata": {
            "category": "Diagnosis and Treatment",
            "sub_category": "What you can do",
            "disease": "overactive bladder"
        },
        "content": "Keep a bladder diary for a few days. Write down when, how much and what kind of fluids you drink; when you urinate; whether you feel an urge to urinate; and whether you have incontinence. Tell your healthcare professional how long you've had your symptoms and how they affect your day-to-day activities. Note other symptoms you have, especially those related to how your bowels work. Let your health professional know if you have diabetes or a neurological disease, or if you've had pelvic surgery or radiation treatments. Make a list of all the medicines, vitamins or supplements you take, including doses. Write down questions to ask your healthcare professional. For overactive bladder, questions might include: What are the possible causes of my symptoms? Is my urine clear? Do I empty my bladder well? Do you recommend other tests? For what? What treatments are there? Which do you suggest for me? What side effects can I expect from treatment? Are there any dietary changes that could help? How do my other health problems affect my bladder symptoms? Are there brochures or other printed material I can have? What websites do you suggest?"
    },
    {
        "chunk_id": "ad38220b-1495-476b-8a89-6553204d8132",
        "metadata": {
            "category": "Diagnosis and Treatment",
            "sub_category": "What to expect from your doctor",
            "disease": "overactive bladder"
        },
        "content": "Your healthcare professional may use an overactive bladder questionnaire to assess your symptoms. Questions might include: How long have you had these symptoms? Do you leak urine? How often? What do your symptoms keep you from doing? Does movement such as walking, coughing or bending over cause you to leak urine?"
    }
]