[
    {
        "chunk_id": "81007f41-b12a-4567-a65a-24b62a8dfda8",
        "metadata": {
            "category": "Overview",
            "sub_category": "Overview",
            "disease": "pancreatitis"
        },
        "content": "Pancreatitis is inflammation of the pancreas. Inflammation is immune system activity that can cause swelling, pain, and changes in how an organ or tissues work. The pancreas is a long, flat gland that's tucked behind the stomach. The pancreas helps the body digest food and regulates blood sugars. Pancreatitis can be an acute condition. This means it appears suddenly and generally lasts a short time. Chronic pancreatitis is a long-term condition. The damage to the pancreas can get worse over time. Acute pancreatitis may improve on its own. More-serious disease requires treatment in a hospital and can cause life-threatening complications."
    },
    {
        "chunk_id": "15c07bd7-9bc3-4f9d-a6ab-af41461a6833",
        "metadata": {
            "category": "Overview",
            "sub_category": "Symptoms",
            "disease": "pancreatitis"
        },
        "content": "Symptoms of pancreatitis may vary. Acute pancreatitis symptoms may include: Pain in the upper belly. Pain in the upper belly that radiates to the back. Tenderness when touching the belly. Fever. Rapid pulse. Upset stomach. Vomiting. Chronic pancreatitis signs and symptoms include: Pain in the upper belly. Belly pain that feels worse after eating. Losing weight without trying. Oily, smelly stools. Some people with chronic pancreatitis only develop symptoms after they get complications of the disease."
    },
    {
        "chunk_id": "8980e580-2cee-4b38-aa55-88b99e81da25",
        "metadata": {
            "category": "Overview",
            "sub_category": "When to see a doctor",
            "disease": "pancreatitis"
        },
        "content": "Make an appointment with your doctor if you have sudden belly pain or belly pain that doesn't improve. Seek immediate medical help if your pain is so severe that you can't sit still or find a position that makes you more comfortable."
    },
    {
        "chunk_id": "a900ade7-70a6-4017-9a7b-844ee07ad146",
        "metadata": {
            "category": "Overview",
            "sub_category": "Causes",
            "disease": "pancreatitis"
        },
        "content": "The pancreas has two major roles. It produces insulin, which helps the body manage and use sugars. The pancreas also produces dietary juices, called enzymes, that help with digestion. The pancreas makes and stores \"turned off\" versions of the enzymes. After the pancreas sends the enzymes into the small intestine, they are \"turned on\" and break down proteins in the small intestine. If the enzymes are turned on too soon, they can start acting like digestive juices inside the pancreas. The action can irritate, damage or destroy cells. This problem, in turn, leads to immune system responses that cause swelling and other events that affect how the pancreas works. Several conditions can lead to acute pancreatitis, including: Blockage in the bile duct caused by gallstones. Heavy alcohol use. Certain medicines. High triglyceride levels in the blood. High calcium levels in the blood. Pancreas cancer. Injuries from trauma or surgery. Conditions that can lead to chronic pancreatitis include: Damage from repeated acute pancreatitis. Heavy alcohol use. Inherited genes linked to pancreatitis. High triglyceride levels in the blood. High calcium levels in the blood. Sometimes, a cause for pancreatitis is never found. This is known as idiopathic pancreatitis."
    },
    {
        "chunk_id": "b5a528b2-7350-48fb-858c-54e2cf455e8e",
        "metadata": {
            "category": "Overview",
            "sub_category": "Risk factors",
            "disease": "pancreatitis"
        },
        "content": "Factors that increase your risk of pancreatitis include: Excessive alcohol use. Research shows that having four or five drinks a day increases the risk of pancreatitis. Cigarette smoking. Compared with nonsmokers, smokers are on average three times more likely to develop chronic pancreatitis. Quitting smoking can decrease the risk. Obesity. People with a body mass index of 30 or higher are at increased risk of pancreatitis. Diabetes. Having diabetes increases the risk of pancreatitis. Family history of pancreatitis. A number of genes have been linked to chronic pancreatitis. A family history of the disease is linked to an increased risk, especially when combined with other risk factors."
    },
    {
        "chunk_id": "d857a1de-dfb6-4140-a45b-48ed7bc8ee1f",
        "metadata": {
            "category": "Overview",
            "sub_category": "Complications",
            "disease": "pancreatitis"
        },
        "content": "Pancreatitis can cause serious complications, including: Kidney failure. Acute pancreatitis may result in the kidneys not filtering waste from the blood. Artificial filtering, called dialysis, may be needed for short-term or long-term treatment. Breathing problems. Acute pancreatitis can cause changes in how the lungs work, causing the level of oxygen in the blood to fall to dangerously low levels. Infection. Acute pancreatitis can make the pancreas vulnerable to infections. Pancreatic infections are serious and require intensive treatment, such as surgery or other procedures to remove the infected tissue. Pseudocyst. Acute and chronic pancreatitis can cause fluid and debris to collect in a \"pocket\" in the pancreas, called a pseudocyst. A large pseudocyst that ruptures can cause complications such as internal bleeding and infection. Malnutrition. With both acute and chronic pancreatitis, the pancreas may not produce enough enzymes for the digestive system. This can lead to malnutrition, diarrhea and weight loss. Diabetes. Diabetes can develop when chronic pancreatitis damages cells that produce insulin. Pancreatic cancer. Long-standing inflammation in the pancreas is a risk factor for cancer of the pancreas."
    },
    {
        "chunk_id": "eb83e037-744d-4a59-86f1-a9b5f3ab8919",
        "metadata": {
            "category": "Diagnosis and Treatment",
            "sub_category": "Diagnosis",
            "disease": "pancreatitis"
        },
        "content": "Your healthcare professional will ask you questions about your health history and symptoms, give you a general physical, and check for pain or tenderness in your belly. Tests and procedures that may be used include the following. Blood tests can give clues about how the immune system, pancreas and related organs are working. Ultrasound images can show gallstones in the gallbladder or inflammation of the pancreas. Computerized tomography (CT) scan show gallstones and the extent of inflammation. Magnetic resonance imaging (MRI) to look for irregular tissues or structures in the gallbladder, pancreas and bile ducts. Endoscopic ultrasound is an ultrasound device on a small tube fed through the mouth and into the digestive system. It can show inflammation, gallstones, cancer, and blockages in the pancreatic duct or bile duct. Stool tests can measure levels of fat that could suggest your digestive system isn't absorbing nutrients as it should. Your doctor may recommend other tests, depending on your symptoms or other conditions you may have."
    },
    {
        "chunk_id": "1680bef9-a065-4892-98f2-5a7913765e9a",
        "metadata": {
            "category": "Diagnosis and Treatment",
            "sub_category": "Treatment",
            "disease": "pancreatitis"
        },
        "content": "There is no specific medicine to treat pancreatitis. Treatment begins with a hospital stay to manage symptoms and complications. These include: Pain medicines. Pancreatitis can cause severe pain. Your healthcare team will give you medicines to help control the pain. Intravenous (IV) fluids. You will receive fluids through a vein in your arm to keep you hydrated. Nutrition. You will begin eating again when you can do so without vomiting or pain. In some cases, a feeding tube is used. When the symptoms and complications are under control, other treatments are used to treat underlying causes. These may include: Procedures to open bile ducts. A procedure called endoscopic retrograde cholangiopancreatography (ERCP) is used to locate and remove a gallstone. A long tube with a camera is fed through the mouth and digestive system to the bile duct. This tube also is used to get tiny tools to the site to remove the stone and clear the bile duct. ERCP may itself trigger acute pancreatitis, but research about risk factors have helped improve outcomes. Gallbladder surgery. If gallstones caused the pancreatitis, surgery to remove the gallbladder may be recommended. This procedure is called a cholecystectomy. Pancreas procedures. Procedures with an endoscopic camera and tools may be used to drain fluid from the pancreas or remove diseased tissue. Treatment for alcohol dependence. If excessive alcohol use has caused pancreatitis, a treatment program for alcohol addiction is recommended. Continuing to drink alcohol worsens pancreatitis and leads to serious complications. Changes in medicines. If a medicine is the likely cause of acute pancreatitis, your healthcare professional will work with you to find other options."
    },
    {
        "chunk_id": "ea9dc69c-5b42-479b-8db7-0e6f5657a56a",
        "metadata": {
            "category": "Diagnosis and Treatment",
            "sub_category": "Additional treatments for chronic pancreatitis",
            "disease": "pancreatitis"
        },
        "content": "Chronic pancreatitis may require additional treatments, including: Pain management. Chronic pancreatitis often causes severe, long-term pain. In addition to prescribing medicine, your healthcare professional will look for causes or complications of chronic pancreatitis that cause pain. Treatments may include procedures to improve drainage from the pancreas or injections to block nerve signals from the pancreas to the brain. You may be referred to a pain specialist. Enzymes to improve digestion. When chronic pancreatitis causes diarrhea or weight loss, you may take pancreatic enzyme supplements. Taken with each meal, these enzyme supplements help your body break down and use the nutrients in food. Changes to your diet. Your doctor may refer you to a dietitian who can help you plan low-fat meals that are high in nutrients."
    },
    {
        "chunk_id": "37e21705-dd6d-4cc6-9273-af8d0eec78d2",
        "metadata": {
            "category": "Diagnosis and Treatment",
            "sub_category": "Clinical trials",
            "disease": "pancreatitis"
        },
        "content": "Explore Mayo Clinic studies testing new treatments, interventions and tests as a means to prevent, detect, treat or manage this condition."
    },
    {
        "chunk_id": "ba9e791f-6620-4ecc-9c73-a9589fbb416b",
        "metadata": {
            "category": "Diagnosis and Treatment",
            "sub_category": "Lifestyle and home remedies",
            "disease": "pancreatitis"
        },
        "content": "Once you leave the hospital, you can take steps to continue your recovery from pancreatitis, such as: Stop drinking alcohol. Even if alcohol was not the likely cause of pancreatitis, it is best to stop drinking alcohol while recovering. If it was the expected cause, stop drinking. If you're unable to stop drinking alcohol on your own, ask your doctor for help. Your doctor can refer you to local programs to help you stop drinking. Stop smoking. If you smoke, quit. If you can't quit on your own, ask your doctor for help. Medicines and counseling can help you quit smoking. Choose a low-fat diet. Choose a diet that limits fat and emphasizes fresh fruits and vegetables, whole grains, and lean protein. Drink more fluids. Pancreatitis can cause dehydration, so drink more fluids throughout the day. It may help to keep a water bottle or glass of water with you."
    },
    {
        "chunk_id": "11a98a73-924c-4bf7-9fd7-415ea8c4dd04",
        "metadata": {
            "category": "Diagnosis and Treatment",
            "sub_category": "Alternative medicine",
            "disease": "pancreatitis"
        },
        "content": "Alternative therapies can't treat pancreatitis, but some may help you cope with the pain from chronic pancreatitis. These include: Meditation. Relaxation exercises. Yoga. Acupuncture."
    },
    {
        "chunk_id": "4a5a471f-3aa4-41c3-a8de-1e9b0bb39a69",
        "metadata": {
            "category": "Diagnosis and Treatment",
            "sub_category": "Preparing for your appointment",
            "disease": "pancreatitis"
        },
        "content": "You'll likely see your primary care professional first. You may be referred to a specialist in the digestive system called a gastroenterologist. Because appointments can be brief, and because there's often a lot to discuss, it's a good idea to be well prepared. Here's some information to help you get ready and know what to expect from your doctor."
    },
    {
        "chunk_id": "24ca08a5-8e5d-47b6-a5de-4789166f8d62",
        "metadata": {
            "category": "Diagnosis and Treatment",
            "sub_category": "What you can do",
            "disease": "pancreatitis"
        },
        "content": "Be aware of any pre-appointment restrictions. At the time you make the appointment, be sure to ask if there's anything you need to do in advance, such as restrict your diet. Write down any symptoms you're experiencing, including any that may seem unrelated to the reason you scheduled the appointment. Write down key personal information, including any major stresses or recent life changes. Make a list of all medications, vitamins, supplements or herbal remedies you're taking. Take a family member or friend along. Sometimes it can be difficult to keep track of all the information during an appointment. Someone going with you may remember something that you missed or forgot. Write down questions to ask your doctor. Questions you may have at a first visit or follow-up visit after a diagnosis may include: What is likely causing my symptoms or condition? What are other possible causes for my symptoms or condition? What kinds of tests do I need? Is my condition likely temporary or chronic? What is the best course of action? What are the alternatives to the primary approach that you're suggesting? I have other health conditions. How can I best manage pancreatitis along with these conditions? Should I see a specialist? How can I learn if my insurance covers a specialist? Is there a generic option for the medicine you're prescribing? Are there any brochures or other printed material that I can take with me? What websites do you recommend? Should I schedule a follow-up visit? In addition to the questions that you've prepared to ask your doctor, don't hesitate to ask other questions."
    },
    {
        "chunk_id": "0395fa95-49cc-4e85-a0ec-ebc577907a83",
        "metadata": {
            "category": "Diagnosis and Treatment",
            "sub_category": "What to expect from your doctor",
            "disease": "pancreatitis"
        },
        "content": "Your doctor is likely to ask you several questions. Being ready to answer them may allow more time to cover points you want to address. Your doctor may ask: When did you first begin experiencing symptoms? Have your symptoms been off-and-on or constant? How severe are your symptoms? Does anything improve your symptoms? Does anything worsen your symptoms? Have you had these symptoms before? Have you been diagnosed with pancreatitis in the past? Do you drink alcohol? If so, how much and how often do you drink? Did you start any new medicines before your symptoms began? Is there a family history of any pancreas disease?"
    }
]