[
    {
        "chunk_id": "6350fd35-b0d6-4aa7-9183-a1feaa7481a2",
        "metadata": {
            "category": "Overview",
            "sub_category": "Overview",
            "disease": "patellofemoral pain syndrome"
        },
        "content": "Patellofemoral (puh-tel-o-FEM-uh-rul) pain syndrome is pain at the front of the knee, around the kneecap. The kneecap also is known as the patella. Patellofemoral pain syndrome is sometimes called runner's knee. It's more common in people who run and who play sports that involve running and jumping. The knee pain often increases when running, walking up or down stairs, sitting for long periods, or squatting. Simple treatments, such as rest and ice, often help. But sometimes patellofemoral pain needs physical therapy."
    },
    {
        "chunk_id": "607d107b-feb5-40dc-814d-9251d5392b81",
        "metadata": {
            "category": "Overview",
            "sub_category": "Symptoms",
            "disease": "patellofemoral pain syndrome"
        },
        "content": "Patellofemoral pain syndrome usually causes a dull, aching pain in the front of the knee. The following can increase the pain: Walking up or down stairs. Kneeling or squatting. Sitting with a bent knee for long periods of time."
    },
    {
        "chunk_id": "ffee5510-5b68-4542-8538-c4a295a99d08",
        "metadata": {
            "category": "Overview",
            "sub_category": "When to see your doctor",
            "disease": "patellofemoral pain syndrome"
        },
        "content": "If the knee pain doesn't improve within a few days or it gets harder to move the knee, call your health care provider."
    },
    {
        "chunk_id": "08d007d0-7a97-45ca-b7cc-39d60fafe527",
        "metadata": {
            "category": "Overview",
            "sub_category": "Causes",
            "disease": "patellofemoral pain syndrome"
        },
        "content": "Patellofemoral pain syndrome can have several causes. It's been linked with: Overuse. Running or jumping sports put repeated stress on the knee joint, which can cause irritation under the kneecap. Muscle imbalances or weaknesses. Patellofemoral pain can occur when the muscles around the hip and knee don't keep the kneecap in line. Moving the knee inward during a squat has been linked to patellofemoral pain. Injury. Trauma to the kneecap, such as when the kneecap gets out of place or breaks, has been linked to patellofemoral pain syndrome. Surgery. Knee surgery can increase the risk of patellofemoral pain. This is especially true of repair to the anterior cruciate ligament using one's own patellar tendon as a graft."
    },
    {
        "chunk_id": "8e37ee95-9ee1-4aec-8d23-e0bd64a11852",
        "metadata": {
            "category": "Overview",
            "sub_category": "Risk factors",
            "disease": "patellofemoral pain syndrome"
        },
        "content": "Factors that can increase your risk include: Age. Patellofemoral pain syndrome typically affects teens and young adults. Arthritis is more often to blame for knee problems in older people. Sex. Women are twice as likely as men are to develop patellofemoral pain. This may be because women have wider pelvises. A wider pelvis increases the angle at which the bones in the knee joint meet. Certain sports. Running and jumping sports can put extra stress on the knees. This is especially true when adding more training."
    },
    {
        "chunk_id": "34a51179-f14a-475a-ac97-5a0f06b6a44c",
        "metadata": {
            "category": "Overview",
            "sub_category": "Prevention",
            "disease": "patellofemoral pain syndrome"
        },
        "content": "Sometimes knee pain just happens. But certain steps may help prevent the pain. Build strength. Strong leg and hip muscles help keep the knee balanced during activity. Avoid deep squatting during weight training. Move safely. Ask a physical therapist about exercises to help you jump, run and turn correctly. It's especially important to strengthen outer hip muscles. This will help keep your knee from caving inward when you squat, land from a jump or step down from a step. Lose excess pounds. If you're overweight, losing weight relieves stress on the knees. Warm up. Before running or doing other exercise, warm up with five minutes or so of light activity. Stretch. Promote flexibility with gentle stretching exercises. Build up slowly. Don't suddenly increase your workouts. Mind your shoes. Wear shoes that fit well and are designed for the activity."
    },
    {
        "chunk_id": "47d1b146-9161-469e-b843-ac35b8e6f528",
        "metadata": {
            "category": "Diagnosis and Treatment",
            "sub_category": "Diagnosis",
            "disease": "patellofemoral pain syndrome"
        },
        "content": "Your health care provider might ask about your history of knee problems, press on your knee and move your leg into a variety of positions. Sometimes imaging tests can help find the cause of knee pain. Tests might include: X-rays. X-ray images show bones well. X-rays aren't as good for viewing soft tissues. CT scans. CT scans show bones and soft tissues. But CT scans involve a much higher dose of radiation than do plain X-rays. MRI. Using radio waves and a strong magnetic field, MRIs show detailed images of bones and soft tissues, such as the knee ligaments and cartilage. But MRI scans cost much more than X-rays, CT scans or ultrasounds. Ultrasound. This test uses soundwaves to show images of muscles and tendons."
    },
    {
        "chunk_id": "3a7b59b2-1d02-4b6c-9fb3-56313c57325c",
        "metadata": {
            "category": "Diagnosis and Treatment",
            "sub_category": "Treatment",
            "disease": "patellofemoral pain syndrome"
        },
        "content": "Treatment of patellofemoral pain often begins with simple measures. Rest the knee as much as possible. Try not to do things that increase the pain, such as climbing stairs, kneeling or squatting."
    },
    {
        "chunk_id": "1ea98bfe-9c62-4025-9141-21d9d5372cb9",
        "metadata": {
            "category": "Diagnosis and Treatment",
            "sub_category": "Medicines",
            "disease": "patellofemoral pain syndrome"
        },
        "content": "If needed, take pain relievers you can get without a prescription. These include acetaminophen (Tylenol, others), ibuprofen (Advil, Motrin IB, others) and naproxen sodium (Aleve). Don't take them for more than 2 to 3 weeks."
    },
    {
        "chunk_id": "ab5ef468-1aa9-44f4-a0a4-4d6617e35d4e",
        "metadata": {
            "category": "Diagnosis and Treatment",
            "sub_category": "Therapy",
            "disease": "patellofemoral pain syndrome"
        },
        "content": "A physical therapist might suggest: Rehabilitation exercises. Certain exercises strengthen the muscles that support the knees and keep parts of the leg in line. Keeping the knee from moving inward while squatting is a main goal. Supportive braces. Knee braces or arch supports may help improve pain. Taping. Your physical therapist may show you how to tape your knee to reduce pain and make you better able to exercise. Icing. Icing your knee after exercise might be helpful. Orthotics. Custom-made or ready-made shoe inserts might help take stress off the knee. Knee-friendly sports. During recovery, it might help to stick to sports that are easier on the knees, such as bicycling or swimming."
    },
    {
        "chunk_id": "bae4c9e4-5ec9-453f-9180-d0f6f2f5b460",
        "metadata": {
            "category": "Diagnosis and Treatment",
            "sub_category": "Surgical and other procedures",
            "disease": "patellofemoral pain syndrome"
        },
        "content": "If simple treatments don't relieve pain, a health care provider might suggest: Arthroscopy. During this procedure, a surgeon inserts a pencil-thin device into the knee through a tiny cut in the skin. This device, called an arthroscope, contains a camera lens and light. Tools to repair the problem can be inserted through other small cuts in the skin. Realignment. In more-severe cases, a surgeon may need to operate on the knee to fix the angle of the kneecap or relieve pressure on the cartilage."
    },
    {
        "chunk_id": "f110a0b8-6998-45d6-8c3f-f2c13f1f2de1",
        "metadata": {
            "category": "Diagnosis and Treatment",
            "sub_category": "Preparing for your appointment",
            "disease": "patellofemoral pain syndrome"
        },
        "content": "You might start by seeing your primary care provider. Or you might be referred to a physical medicine and rehabilitation specialist, also known as a physiatrist, a physical therapist, an orthopedic surgeon or a sports medicine specialist. Here's information to help you get ready for your appointment."
    },
    {
        "chunk_id": "a3670c73-70da-4e14-a4f6-fcee9ebc19e6",
        "metadata": {
            "category": "Diagnosis and Treatment",
            "sub_category": "What you can do",
            "disease": "patellofemoral pain syndrome"
        },
        "content": "Before your appointment, make a list of the following: Your symptoms and when they began. Key personal information, including whether you've ever injured your knee or had knee surgery and what type of exercise or sports you play. All medications, vitamins or supplements you take, including doses. Questions to ask your health care provider. Take a family member or friend along, if possible, to help you remember the information you're given. Also, if you've had X-rays or other imaging tests of your knees, try to bring copies of them to your appointment. For patellofemoral pain syndrome, questions to ask include: What's likely causing my knee pain? What are other possible causes? What tests do I need? Is my condition likely temporary or chronic? What's the best course of action? Do I need to restrict my activities? Should I see a specialist? Are there brochures or other printed material I can have? What websites do you recommend? Ask any other questions you have."
    },
    {
        "chunk_id": "0706da8f-8376-4482-82af-a25aed7ed3bd",
        "metadata": {
            "category": "Diagnosis and Treatment",
            "sub_category": "What to expect from your doctor",
            "disease": "patellofemoral pain syndrome"
        },
        "content": "Be prepared to answer questions, such as: How would you describe your knee pain? Where exactly does it hurt? What activities improve or worsen your symptoms? Have you recently started exercising or exercising more? What home treatments have you tried? Did they help?"
    }
]