[
    {
        "chunk_id": "c8f4b08d-b118-4c3c-8a99-27ac067c7c46",
        "metadata": {
            "category": "Overview",
            "sub_category": "Overview",
            "disease": "rectal cancer"
        },
        "content": "Rectal cancer is a kind of cancer that starts as a growth of cells in the rectum. The rectum is the last several inches of the large intestine. It starts at the end of the final segment of the colon and ends when it reaches the short, narrow passage known as the anus. Cancer inside the rectum and cancer inside the colon are often referred to together as colorectal cancer. While rectal and colon cancers are similar in many ways, their treatments are quite different. This is mainly because the rectum is barely separated from other organs and structures. It sits in a tight space that can make surgery to remove rectal cancer complex. Rectal cancer treatment usually involves surgery to remove the cancer. Other treatments may include chemotherapy, radiation or a combination of the two. Targeted therapy and immunotherapy also may be used."
    },
    {
        "chunk_id": "23cc0d14-9583-4637-b893-d6033f6da887",
        "metadata": {
            "category": "Overview",
            "sub_category": "Symptoms",
            "disease": "rectal cancer"
        },
        "content": "Rectal cancer may not cause symptoms early on. Symptoms of rectal cancer usually happen when the disease is advanced. Signs and symptoms of rectal cancer include: A change in bowel habits, such as diarrhea, constipation or a more-frequent need to pass stool. A feeling that the bowel doesn't empty completely. Abdominal pain. Dark maroon or bright red blood in stool. Narrow stool. Weight loss that happens without trying. Weakness or fatigue."
    },
    {
        "chunk_id": "c0c264a4-e2ca-41a3-b4af-08da73f4f465",
        "metadata": {
            "category": "Overview",
            "sub_category": "When to see a doctor",
            "disease": "rectal cancer"
        },
        "content": "Make an appointment with your doctor or other healthcare professional if you have any symptoms that worry you."
    },
    {
        "chunk_id": "99532186-75c2-42d6-affb-83bcd221b6f5",
        "metadata": {
            "category": "Overview",
            "sub_category": "Causes",
            "disease": "rectal cancer"
        },
        "content": "The exact cause of most rectal cancers isn't known. Rectal cancer happens when cells in the rectum develop changes in their DNA. A cell's DNA holds the instructions that tell a cell what to do. In healthy cells, the DNA gives instructions to grow and multiply at a set rate. The instructions tell the cells to die at a set time. In cancer cells, the DNA changes give different instructions. The changes tell the cancer cells to make many more cells quickly. Cancer cells can keep living when healthy cells would die. This causes too many cells. The cancer cells might form a mass called a tumor. The tumor can grow to invade and destroy healthy body tissue. In time, cancer cells can break away and spread to other parts of the body. When cancer spreads, it's called metastatic cancer."
    },
    {
        "chunk_id": "e80c2a6d-deb7-49f7-9b39-95b8957c961d",
        "metadata": {
            "category": "Overview",
            "sub_category": "Risk factors",
            "disease": "rectal cancer"
        },
        "content": "Factors that may increase the risk of rectal cancer are the same as those that increase the risk of colon cancer. Colorectal cancer risk factors include: A personal history of colorectal cancer or polyps. Your risk of colorectal cancer is higher if you've already had rectal cancer, colon cancer or adenomatous polyps. Black race. Black people in the United States have a greater risk of colorectal cancer than do people of other races. Diabetes. People with type 2 diabetes may have an increased risk of colorectal cancer. Drinking alcohol. Heavy drinking increases the risk of colorectal cancer. A diet low in vegetables. Colorectal cancer may be related to a diet low in vegetables and high in red meat. Family history of colorectal cancer. You're more likely to develop colorectal cancer if you have a parent, sibling or child with colon or rectal cancer. Inflammatory bowel disease. Chronic inflammatory diseases of the colon and rectum, such as ulcerative colitis and Crohn's disease, increase your risk of colorectal cancer. Inherited syndromes that increase colorectal cancer risk. In some families, DNA changes passed from parents to children may increase the risk of colorectal cancer. These changes are involved in only a small percentage of rectal cancers. Inherited syndromes may include familial adenomatous polyposis, also known as FAP, and Lynch syndrome. Genetic testing can detect these and other, rarer inherited colorectal cancer syndromes. Obesity. People who are obese have an increased risk of colorectal cancer compared with people considered to be at a healthy weight. Older age. Colorectal cancer can be diagnosed at any age, but most people with this type of cancer are older than 50. The rates of colorectal cancer in people younger than 50 have been increasing, but healthcare professionals aren't sure why. Radiation therapy for previous cancer. Radiation therapy directed at the abdomen to treat previous cancers may increase the risk of colorectal cancer. Smoking. People who smoke may have an increased risk of colorectal cancer. Too little exercise. If you're inactive, you're more likely to develop colorectal cancer. Getting regular physical activity may reduce your risk of cancer."
    },
    {
        "chunk_id": "686ce51f-4354-4925-a1e4-d531af21359e",
        "metadata": {
            "category": "Overview",
            "sub_category": "Complications",
            "disease": "rectal cancer"
        },
        "content": "Rectal cancer can lead to complications, including: Bleeding in the rectum. Rectal cancer often causes bleeding in the rectum. Sometimes the amount of blood is worrying, and treatment might be needed to stop it right away. Intestinal obstruction. Rectal cancer can grow to block the intestines. This prevents stool from leaving the body. Surgery to remove the cancer often relieves an obstruction. If you can't have surgery right away, you might need other treatments to ease the blockage. Intestinal perforation. Rectal cancer may cause a tear in the intestines. Perforation typically requires surgery."
    },
    {
        "chunk_id": "1c8fa264-f72d-43c1-8d2c-82c4da24dd35",
        "metadata": {
            "category": "Overview",
            "sub_category": "Prevention",
            "disease": "rectal cancer"
        },
        "content": "There's no sure way to prevent rectal cancer, but you can reduce your risk if you:"
    },
    {
        "chunk_id": "4326fb59-40f5-409e-921d-6a17225b7955",
        "metadata": {
            "category": "Overview",
            "sub_category": "Ask about rectal cancer screening",
            "disease": "rectal cancer"
        },
        "content": "Colorectal cancer screening reduces the risk of cancer by finding precancerous polyps in the colon and rectum that could turn into cancer. Ask your healthcare professional about when you should begin screening. Most medical organizations recommend starting screening around age 45. You may be screened earlier if you have risk factors for colorectal cancer. Several screening options exist. Talk about your options with your healthcare professional. Together you can decide which tests are right for you."
    },
    {
        "chunk_id": "707b1da4-f225-4958-a543-414a042e92d9",
        "metadata": {
            "category": "Overview",
            "sub_category": "Drink alcohol in moderation, if at all",
            "disease": "rectal cancer"
        },
        "content": "If you choose to drink alcohol, do so in moderation. For healthy adults, that means up to one drink a day for women and up to two drinks a day for men."
    },
    {
        "chunk_id": "157ccc31-e11d-49ec-a459-b0af565e88e1",
        "metadata": {
            "category": "Overview",
            "sub_category": "Eat more fruits and vegetables",
            "disease": "rectal cancer"
        },
        "content": "Choose a healthy diet with a variety of fruits and vegetables. Food sources of vitamins and nutrients are best. Avoid taking large doses of vitamins in pill form, as they may be harmful."
    },
    {
        "chunk_id": "ae0f4cfa-3b36-441f-b405-23e650d9893e",
        "metadata": {
            "category": "Overview",
            "sub_category": "Exercise most days of the week",
            "disease": "rectal cancer"
        },
        "content": "Aim for at least 30 minutes of exercise on most days of the week. If you haven't been active lately, ask your healthcare professional whether it's OK and start slowly."
    },
    {
        "chunk_id": "7d4be815-77a0-4ba6-b003-78e671a3b1b7",
        "metadata": {
            "category": "Overview",
            "sub_category": "Maintain a healthy weight",
            "disease": "rectal cancer"
        },
        "content": "If your weight is healthy, work to maintain that weight. If you need to lose weight, ask a healthcare professional about healthy ways to lower your weight. Eat fewer calories and slowly increase the amount of exercise."
    },
    {
        "chunk_id": "b5184aaa-2eef-4afe-a149-ac540f635640",
        "metadata": {
            "category": "Overview",
            "sub_category": "Stop smoking",
            "disease": "rectal cancer"
        },
        "content": "Talk with your healthcare team about strategies and aids that can help you quit. Options include nicotine replacement products, medicines and support groups. If you've never smoked, don't start."
    },
    {
        "chunk_id": "7c3b984e-fab0-489e-a454-62c958a92b07",
        "metadata": {
            "category": "Diagnosis and Treatment",
            "sub_category": "Diagnosis",
            "disease": "rectal cancer"
        },
        "content": "Rectal cancer diagnosis often begins with an imaging test to look at the rectum. A thin, flexible tube with a camera may be passed into the rectum and colon. A sample of tissue may be taken for lab testing. Rectal cancer can be found during a screening test for colorectal cancer. Or it may be suspected based on your symptoms. Tests and procedures used to confirm the diagnosis include:"
    },
    {
        "chunk_id": "4e14c090-d4b5-4165-b58d-7fbc61add1e8",
        "metadata": {
            "category": "Diagnosis and Treatment",
            "sub_category": "Colonoscopy",
            "disease": "rectal cancer"
        },
        "content": "Colonoscopy is a test to look at the colon and rectum. It uses a long, flexible tube with a camera at the end, called a colonoscope, to show the colon and rectum. Your healthcare professional looks for signs of cancer. Medicines are given before and during the procedure to keep you comfortable."
    },
    {
        "chunk_id": "1d660c27-fcec-41a5-825e-bfd00d1f9c14",
        "metadata": {
            "category": "Diagnosis and Treatment",
            "sub_category": "Biopsy",
            "disease": "rectal cancer"
        },
        "content": "A biopsy is a procedure to remove a sample of tissue for testing in a lab. To get the tissue sample, a healthcare professional passes special cutting tools through a colonoscope. The health professional uses the tools to remove a very small sample of tissue from inside the rectum. The tissue sample is sent to a lab to look for cancer cells. Other special tests give more details about the cancer cells. Your healthcare team uses this information to make a treatment plan."
    },
    {
        "chunk_id": "5fd9586a-7d2b-44cc-8e53-aa8e0bde065a",
        "metadata": {
            "category": "Diagnosis and Treatment",
            "sub_category": "Tests to look for rectal cancer spread",
            "disease": "rectal cancer"
        },
        "content": "If you're diagnosed with rectal cancer, the next step is to determine the cancer's extent, called the stage. Your healthcare team uses the cancer staging test results to help create your treatment plan. Staging tests include: Complete blood count. Also known as CBC, this test reports the numbers of different types of cells in the blood. A CBC shows whether your red blood cell count is low, called anemia. Anemia suggests that the cancer is causing blood loss. A high level of white blood cells is a sign of infection. Infection is a risk if a rectal cancer grows through the wall of the rectum. Blood tests to measure organ function. A chemistry panel is a blood test to measure levels of different chemicals in the blood. Worrying levels of some of these chemicals may suggest that cancer has spread to the liver. High levels of other chemicals could mean problems with other organs, such as the kidneys. Carcinoembryonic antigen. Cancers sometimes produce substances called tumor markers. These tumor markers can be detected in blood. One such marker is carcinoembryonic antigen, also called CEA. CEA may be higher than usual in people with colorectal cancer. CEA testing can be helpful in monitoring your response to treatment. CT scan of the chest, abdomen and pelvis. This imaging test helps determine whether rectal cancer has spread to other organs, such as the liver or lungs. MRI of the pelvis. An MRI provides a detailed image of the muscles, organs and other tissues surrounding cancer in the rectum. An MRI also shows the lymph nodes near the rectum and different layers of tissue in the rectal wall more clearly than a CT does. The stages of rectal cancer range from 0 to 4. A stage 0 rectal cancer is small and only involves the superficial lining of the rectum. As the cancer gets larger and grows deeper into the rectum, the stages get higher. A stage 4 rectal cancer has spread to other parts of the body."
    },
    {
        "chunk_id": "301719d0-07eb-41d1-a097-645e7ad203c2",
        "metadata": {
            "category": "Diagnosis and Treatment",
            "sub_category": "Treatment",
            "disease": "rectal cancer"
        },
        "content": "Treatment for rectal cancer may begin with surgery to remove the cancer. If the cancer grows larger or spreads to other parts of the body, treatment might start with medicine and radiation instead. Your healthcare team considers many factors when creating a treatment plan. These factors may include your overall health, the type and stage of your cancer, and your preferences."
    },
    {
        "chunk_id": "bd8834ea-291e-4e93-ad2d-efecaab3e824",
        "metadata": {
            "category": "Diagnosis and Treatment",
            "sub_category": "Surgery",
            "disease": "rectal cancer"
        },
        "content": "Surgery to remove the cancer can be used alone or in combination with other treatments. Procedures used for rectal cancer may include: Removing very small cancers from the inside of the rectum. Very small rectal cancers may be removed using a colonoscope or another specialized type of scope inserted through the anus. This procedure is called transanal local excision. Surgical tools can be passed through the scope to cut away the cancer and some of the healthy tissue around it.\nThis procedure might be an option if your cancer is small and not likely to spread to nearby lymph nodes. If a lab exam of your cancer cells shows that they are aggressive or more likely to spread to the lymph nodes, additional surgery may be needed. Removing all or part of the rectum. Larger rectal cancers that are far enough away from the anus might be removed in a procedure that removes all or part of the rectum. This procedure is called low anterior resection. Nearby tissue and lymph nodes also are removed. This procedure preserves the anus so that waste can leave the body as it usually would.\nHow the procedure is performed depends on the cancer's location. If cancer affects the upper portion of the rectum, that part of the rectum is removed. The colon is then attached to the remaining rectum. This is called colorectal anastomosis. All of the rectum may be removed if the cancer is in the lower portion of the rectum. Then the colon is shaped into a pouch and attached to the anus, called coloanal anastomosis. Removing the rectum and anus. For rectal cancers that are located near the anus, it might not be possible to remove the cancer completely without hurting the muscles that control bowel movements. In these situations, surgeons may recommend an operation called abdominoperineal resection, also known as APR. With APR, the rectum, anus and some of the colon are removed, as well as nearby tissue and lymph nodes.\nThe surgeon creates an opening in the abdomen and attaches the remaining colon. This is called a colostomy. Waste leaves the body through the opening and collects in a bag that attaches to the abdomen."
    },
    {
        "chunk_id": "a940fed3-42e6-4270-baef-7a6a49170395",
        "metadata": {
            "category": "Diagnosis and Treatment",
            "sub_category": "Chemotherapy",
            "disease": "rectal cancer"
        },
        "content": "Chemotherapy treats cancer with strong medicines. Chemotherapy medicines are typically used before or after surgery in people with rectal cancer. Chemotherapy is often combined with radiation therapy and used before an operation to shrink a large cancer so that it's easier to remove with surgery. In people with advanced cancer that has spread beyond the rectum, chemotherapy may be used alone to help relieve symptoms caused by the cancer."
    },
    {
        "chunk_id": "b9e4119f-55d1-4dfd-bcc4-37cd52e66660",
        "metadata": {
            "category": "Diagnosis and Treatment",
            "sub_category": "Radiation therapy",
            "disease": "rectal cancer"
        },
        "content": "Radiation therapy treats cancer with powerful energy beams. The energy can come from X-rays, protons or other sources. For rectal cancer, radiation therapy is most often done with a procedure called external beam radiation. During this treatment, you lie on a table while a machine moves around you. The machine directs radiation to precise points on your body. In people with rectal cancer, radiation therapy is often combined with chemotherapy. It can be used after surgery to kill any cancer cells that might remain. Or it can be used before surgery to shrink a cancer and make it easier to remove. When surgery isn't an option, radiation therapy might be used to relieve symptoms, such as bleeding and pain."
    },
    {
        "chunk_id": "f279ba20-0088-4eea-b335-d1586c385e3c",
        "metadata": {
            "category": "Diagnosis and Treatment",
            "sub_category": "Combined chemotherapy and radiation",
            "disease": "rectal cancer"
        },
        "content": "Combining chemotherapy and radiation therapy may enhance the effectiveness of each treatment. Combined chemotherapy and radiation may be the only treatment you receive, or combined therapy can be used before surgery. Combining chemotherapy and radiation treatments increases the likelihood of side effects and how serious they are."
    },
    {
        "chunk_id": "c81f853d-4084-42df-8c5d-57b255d32b0e",
        "metadata": {
            "category": "Diagnosis and Treatment",
            "sub_category": "Targeted therapy",
            "disease": "rectal cancer"
        },
        "content": "Targeted therapy for cancer is a treatment that uses medicines that attack specific chemicals in the cancer cells. By blocking these chemicals, targeted treatments can cause cancer cells to die. For rectal cancer, targeted therapy may be combined with chemotherapy for advanced cancers that can't be removed with surgery or for cancers that come back after treatment. Some targeted therapies only work in people whose cancer cells have certain DNA changes. Your cancer cells may be tested in a lab to see if these medicines might help you."
    },
    {
        "chunk_id": "62ae8eab-73e2-4d37-b7da-246610cc3dbc",
        "metadata": {
            "category": "Diagnosis and Treatment",
            "sub_category": "Immunotherapy",
            "disease": "rectal cancer"
        },
        "content": "Immunotherapy for cancer is a treatment with medicine that helps the body's immune system kill cancer cells. The immune system fights off diseases by attacking germs and other cells that shouldn't be in the body. Cancer cells survive by hiding from the immune system. Immunotherapy helps the immune system cells find and kill the cancer cells. For rectal cancer, immunotherapy is sometimes used before or after surgery. It also may be used for advanced cancers that have spread to other parts of the body. Immunotherapy only works for a small number of people with rectal cancer. Special testing can determine if immunotherapy might work for you."
    },
    {
        "chunk_id": "20b5702c-c22e-4e47-afc8-552c497b0b07",
        "metadata": {
            "category": "Diagnosis and Treatment",
            "sub_category": "Palliative care",
            "disease": "rectal cancer"
        },
        "content": "Palliative care is a special type of healthcare that helps you feel better when you have a serious illness. If you have cancer, palliative care can help relieve pain and other symptoms. A healthcare team that may include doctors, nurses and other specially trained health professionals provides palliative care. The care team's goal is to improve quality of life for you and your family. Palliative care specialists work with you, your family and your care team. They provide an extra layer of support while you have cancer treatment. You can have palliative care at the same time you're getting strong cancer treatments, such as surgery, chemotherapy or radiation therapy. The use of palliative care with other proper treatments can help people with cancer feel better and live longer."
    },
    {
        "chunk_id": "26333e6c-880f-4015-bd08-582a9a471536",
        "metadata": {
            "category": "Diagnosis and Treatment",
            "sub_category": "Clinical trials",
            "disease": "rectal cancer"
        },
        "content": "Explore Mayo Clinic studies testing new treatments, interventions and tests as a means to prevent, detect, treat or manage this condition."
    },
    {
        "chunk_id": "f305e95b-43c4-4678-9191-daadc554ebc5",
        "metadata": {
            "category": "Diagnosis and Treatment",
            "sub_category": "Coping and support",
            "disease": "rectal cancer"
        },
        "content": "With time, you'll find what helps you cope with the uncertainty and worry of a rectal cancer diagnosis. Until then, you may find it helps to:"
    },
    {
        "chunk_id": "9ab1b8b1-aee9-4f54-9728-41dbe825c99c",
        "metadata": {
            "category": "Diagnosis and Treatment",
            "sub_category": "Learn enough about rectal cancer to make decisions about your care",
            "disease": "rectal cancer"
        },
        "content": "Ask your healthcare team about your cancer, including your test results, treatment options and, if you like, your prognosis. As you learn more about rectal cancer, you may become more confident in making treatment decisions."
    },
    {
        "chunk_id": "c0f40bd7-178e-4d4b-adcd-f23a8fec6e0d",
        "metadata": {
            "category": "Diagnosis and Treatment",
            "sub_category": "Keep friends and family close",
            "disease": "rectal cancer"
        },
        "content": "Keeping your close relationships strong can help you deal with rectal cancer. Friends and family can provide the practical support you may need, such as helping take care of your home if you're in the hospital. And they can serve as emotional support when you feel overwhelmed by having cancer."
    },
    {
        "chunk_id": "67b1c375-a211-4860-9140-5c53b0417c07",
        "metadata": {
            "category": "Diagnosis and Treatment",
            "sub_category": "Find someone to talk with",
            "disease": "rectal cancer"
        },
        "content": "Find someone who is willing to listen to you talk about your hopes and worries. This may be a friend or family member. The concern and understanding of a counselor, medical social worker, clergy member or cancer support group also may be helpful. Ask your healthcare team about support groups in your area. Other sources of information include the National Cancer Institute and the American Cancer Society."
    },
    {
        "chunk_id": "4f8c42ec-09b8-4474-b151-bcf919b94ef6",
        "metadata": {
            "category": "Diagnosis and Treatment",
            "sub_category": "Preparing for your appointment",
            "disease": "rectal cancer"
        },
        "content": "Make an appointment with a doctor or other healthcare professional if you have any symptoms that worry you. If your healthcare professional thinks you might have rectal cancer, you may be referred to a doctor who specializes in treating diseases and conditions of the digestive system, called a gastroenterologist. If a cancer diagnosis is made, you also may be referred to a doctor who specializes in treating cancer, called an oncologist. Because appointments can be brief, it's a good idea to be prepared. Here's some information to help you get ready."
    },
    {
        "chunk_id": "82efb736-2dba-4fd0-9389-90910e254131",
        "metadata": {
            "category": "Diagnosis and Treatment",
            "sub_category": "What you can do",
            "disease": "rectal cancer"
        },
        "content": "Be aware of any pre-appointment restrictions. At the time you make the appointment, be sure to ask if there's anything you need to do in advance, such as restrict your diet. Write down symptoms you have, including any that may not seem related to the reason for which you scheduled the appointment. Write down key personal information, including major stresses or recent life changes. Make a list of all medicines, vitamins or supplements you're taking and the doses. Take a family member or friend along. Sometimes it can be very hard to remember all the information provided during an appointment. Someone who goes with you may remember something that you missed or forgot. Write down questions to ask your healthcare team. Your time with your healthcare team is limited, so preparing a list of questions can help you make the most of your time together. List your questions from most important to least important in case time runs out. For rectal cancer, some basic questions to ask include: In what part of the rectum is my cancer located? What is the stage of my rectal cancer? Has my rectal cancer spread to other parts of my body? Will I need more tests? What are the treatment options? How much does each treatment increase my chances of a cure? What are the potential side effects of each treatment? How will each treatment affect my daily life? Is there one treatment option you believe is the best? What would you recommend to a friend or family member in my situation? Should I see a specialist? Are there any brochures or other printed material that I can take with me? What websites do you recommend? What will determine whether I should plan for a follow-up visit? Don't hesitate to ask other questions."
    },
    {
        "chunk_id": "329dae69-189e-4a12-8ab0-98d08c4a9780",
        "metadata": {
            "category": "Diagnosis and Treatment",
            "sub_category": "What to expect from your doctor",
            "disease": "rectal cancer"
        },
        "content": "Be prepared to answer questions, such as: When did your symptoms begin? Have your symptoms been continuous or occasional? How severe are your symptoms? What, if anything, seems to improve your symptoms? What, if anything, appears to worsen your symptoms?"
    }
]