[
    {
        "chunk_id": "7a78a3bb-9bb1-4176-ac3d-a7dd63765892",
        "metadata": {
            "category": "Overview",
            "sub_category": "Overview",
            "disease": "rheumatic fever"
        },
        "content": "Rheumatic fever is an inflammatory disease that can develop when strep throat or scarlet fever isn't properly treated. Strep throat and scarlet fever are caused by an infection with streptococcus (strep-toe-KOK-us) bacteria. Rheumatic fever most often affects children ages 5 to 15. But younger children and adults can get it too. Rheumatic fever is rare in the United States and other developed countries. Rheumatic fever can cause long-lasting heart damage, including heart valve problems and heart failure. Treatment includes medicines to kill the strep bacteria. Other medicines are used to treat pain and prevent complications."
    },
    {
        "chunk_id": "43d869a8-5333-4dcc-8be6-d2b97e036ffb",
        "metadata": {
            "category": "Overview",
            "sub_category": "Symptoms",
            "disease": "rheumatic fever"
        },
        "content": "Rheumatic fever symptoms usually start about 2 to 4 weeks after a strep throat infection. Symptoms are due to swelling, called inflammation, in the heart, joints, skin or central nervous system. There may be few symptoms or several. Symptoms can come and go or change while a person is sick with rheumatic fever. Rheumatic fever symptoms can include: Fever. Joint pain or swelling — most often the knees, ankles, elbows and wrists. Joints may feel hot or tender. Pain in one joint that travels to another joint. Chest pain. Fatigue. Small, painless bumps beneath the skin. Flat or slightly raised, painless rash with a ragged edge. Some people with rheumatic fever develop a condition called Sydenham chorea. Symptoms of this condition include: Jerky, uncontrollable body movements, most often in the hands, feet and face. Outbursts of crying or inappropriate laughing."
    },
    {
        "chunk_id": "d277e5db-865e-4940-b7a0-32cfabb8d174",
        "metadata": {
            "category": "Overview",
            "sub_category": "When to see a doctor",
            "disease": "rheumatic fever"
        },
        "content": "Properly treating strep throat can prevent rheumatic fever. Make an appointment with a healthcare professional if any of these symptoms of strep throat occur: Sore throat that comes on suddenly. Pain when swallowing. Fever. Headache. Stomach pain, nausea and vomiting."
    },
    {
        "chunk_id": "86bec92f-4139-4bcd-ae18-73b22bd174ca",
        "metadata": {
            "category": "Overview",
            "sub_category": "Causes",
            "disease": "rheumatic fever"
        },
        "content": "Rheumatic fever can happen after a throat infection from group A streptococcus bacteria, also called strep bacteria. The bacteria cause strep throat and scarlet fever. Improperly treated strep throat or scarlet fever infections cause rheumatic fever. There's little chance of getting rheumatic fever when strep throat is treated right away with antibiotics. It's important to finish all of the medicine. Group A strep infections of the skin or other parts of the body rarely cause rheumatic fever. How a strep infection causes rheumatic fever isn't clear. It may be that the bacteria trick the body's immune system into attacking healthy tissue. This usually happens in the heart, joints, skin and central nervous system. The incorrect immune system reaction causes swelling of joints and tissues. This swelling is called inflammation."
    },
    {
        "chunk_id": "bb9fcec7-d2bb-4b5d-a89a-52175b52ca77",
        "metadata": {
            "category": "Overview",
            "sub_category": "Risk factors",
            "disease": "rheumatic fever"
        },
        "content": "Things that may increase the risk of rheumatic fever include: Genes. Some people have one or more genes that might make them more likely to develop rheumatic fever. Specific type of strep bacteria. Some strains of strep bacteria are more likely to cause rheumatic fever than others. Environmental factors. Overcrowding, poor sanitation and other conditions can cause strep bacteria to easily spread among many people. These conditions increase the risk of rheumatic fever."
    },
    {
        "chunk_id": "f370b49b-6f0f-44f0-adac-df2e9ed15649",
        "metadata": {
            "category": "Overview",
            "sub_category": "Complications",
            "disease": "rheumatic fever"
        },
        "content": "Joint and tissue swelling caused by rheumatic fever can last a few weeks to several months. For some people, the swelling causes long-term complications. One complication of rheumatic fever is long-lasting heart damage. This is called rheumatic heart disease. Rheumatic heart disease usually occurs years to decades after the original illness. However, severe rheumatic fever can start to damage the heart valves while a child still has symptoms of the infection. The valve between the two left chambers of the heart is most commonly affected. This valve is called the mitral valve. But other heart valves also may be affected. Rheumatic fever can cause these types of heart damage: Narrowing of a heart valve, also called valve stenosis. The valve flaps become thick or stiff and possibly connect together. This decreases blood flow through the valve. Backward flow of blood across a heart valve. This is called valve regurgitation. It occurs when the valve flaps don't close properly. Damage to heart muscle. Tissue swelling from rheumatic fever can weaken the heart muscle. This damage may affect the heart's ability to pump. Heart failure. Heart damage from rheumatic fever also may cause heart failure later in life. Irregular heartbeats. Damage to the heart valves or other areas of the heart can lead to irregular and very fast heartbeats. This also is known as atrial fibrillation (AFib)."
    },
    {
        "chunk_id": "0b993f15-6b13-4a9d-b758-c243e863654a",
        "metadata": {
            "category": "Overview",
            "sub_category": "Prevention",
            "disease": "rheumatic fever"
        },
        "content": "The best way to prevent rheumatic fever is to treat strep throat infections or scarlet fever right away. It's also important to finish all of the prescribed antibiotics as directed."
    },
    {
        "chunk_id": "6bd5a77e-b3ce-4cb8-9b75-794ff99ffb3e",
        "metadata": {
            "category": "Diagnosis and Treatment",
            "sub_category": "Diagnosis",
            "disease": "rheumatic fever"
        },
        "content": "There's no single test for rheumatic fever. Diagnosis of rheumatic fever is based on medical history, a physical exam and certain test results."
    },
    {
        "chunk_id": "b61f4c02-6f7e-4d30-9439-7353eda79ff8",
        "metadata": {
            "category": "Diagnosis and Treatment",
            "sub_category": "Tests",
            "disease": "rheumatic fever"
        },
        "content": "Tests for rheumatic fever include: Blood tests. Blood tests can be done to check for signs of inflammation in the body. These tests include C-reactive protein (CRP) and the erythrocyte sedimentation rate (ESR), also called the sed rate.\nAdvertisement\nMayo Clinic does not endorse companies or products. Advertising revenue supports our not-for-profit mission.\nAdvertising & Sponsorship\nPolicy\nOpportunities\nAd Choices\nSometimes the actual strep bacteria is no longer be found in the blood or in throat tissues. Another blood test can be done to look for proteins related to the strep bacteria. These proteins are called antibodies. Policy Opportunities Ad Choices Electrocardiogram (ECG or EKG). This test shows how the heart is beating. It can help diagnose irregular heartbeats. A healthcare professional can check ECG signal patterns for signs of heart swelling. Echocardiogram. Sound waves are used to create pictures of the heart in motion. An echocardiogram shows the structure of the heart and how blood flows through it."
    },
    {
        "chunk_id": "c43b6eca-35be-4b82-81e4-00ad2aad8241",
        "metadata": {
            "category": "Diagnosis and Treatment",
            "sub_category": "Treatment",
            "disease": "rheumatic fever"
        },
        "content": "The goals of treatment for rheumatic fever are to: Treat the infection. Ease symptoms. Control swelling, called inflammation. Prevent the condition from returning."
    },
    {
        "chunk_id": "e55f3309-7710-4bc3-a9b5-ee23389071f1",
        "metadata": {
            "category": "Diagnosis and Treatment",
            "sub_category": "Medicines",
            "disease": "rheumatic fever"
        },
        "content": "Rheumatic fever is treated with medicines, including: Antibiotics. Penicillin or another antibiotic is usually given to kill the strep bacteria.\nAfter the first antibiotic treatment is fully finished, another round of antibiotics may be given. This stops the rheumatic fever from coming back. A child might need to continue taking antibiotics for 5 years or through age 21 to prevent rheumatic fever from coming back, whichever is longer.\nPeople who had heart inflammation during rheumatic fever might need to continue antibiotics for 10 years or longer. Anti-inflammatory drugs. Aspirin or naproxen (Naprosyn, Naprelan, Anaprox DS) can help reduce inflammation, fever and pain. If symptoms are severe or don't improve with anti-inflammatory medicines, a corticosteroid might be prescribed. Don't give a child aspirin unless a healthcare professional tells you to do so. Antiseizure drugs. Medicines such as valproic acid or carbamazepine (Carbatrol, Tegretol, others) may be used to treat severe involuntary movements caused by Sydenham chorea. It's important to have regular health checkups after having rheumatic fever. Heart damage from rheumatic fever might not show up for many years — even decades. Always tell your healthcare provider about any history of rheumatic fever."
    },
    {
        "chunk_id": "213b6729-dcc5-4f54-852c-3d0bad3daeae",
        "metadata": {
            "category": "Diagnosis and Treatment",
            "sub_category": "Clinical trials",
            "disease": "rheumatic fever"
        },
        "content": "Explore Mayo Clinic studies testing new treatments, interventions and tests as a means to prevent, detect, treat or manage this condition."
    },
    {
        "chunk_id": "8f5d2c8c-7c61-4d46-85f3-d6649ff8bb7e",
        "metadata": {
            "category": "Diagnosis and Treatment",
            "sub_category": "Lifestyle and home remedies",
            "disease": "rheumatic fever"
        },
        "content": "A healthcare provider might recommend bed rest for someone with rheumatic fever. There may be activity restrictions until symptoms improve."
    },
    {
        "chunk_id": "692857de-a3b3-48f3-856d-19049acf903e",
        "metadata": {
            "category": "Diagnosis and Treatment",
            "sub_category": "Preparing for your appointment",
            "disease": "rheumatic fever"
        },
        "content": "Make an appointment for a health checkup if symptoms of rheumatic fever develop. If there is heart damage, you may be sent to a doctor trained in heart diseases, called a cardiologist. Here's some information to help you get ready for the appointment."
    },
    {
        "chunk_id": "3d1bfef0-268e-4d47-af5d-2adbb9abcd9d",
        "metadata": {
            "category": "Diagnosis and Treatment",
            "sub_category": "What you can do",
            "disease": "rheumatic fever"
        },
        "content": "When you make the appointment, ask if any special preparations are needed. For example, you may not be able to eat or drink for a while before some blood tests. Make a list of: The symptoms, including any that seem unrelated to the reason for the appointment. Important personal information, including major stresses, recent life changes and family medical history. All medicines, vitamins or other supplements being taken. Include the doses. Questions to ask the healthcare team. For rheumatic fever, basic questions to ask the care team include: What are the possible causes of the symptoms? What tests are needed? What treatment is needed? What are the options to the main treatment that you're suggesting? My child or I have other health conditions. How can we best manage them together? Are there activity or diet restrictions? Should we see a specialist? Are there brochures or other printed material that I can have? What websites do you recommend? Don't hesitate to ask other questions."
    },
    {
        "chunk_id": "9151c7a7-f422-425f-9946-1ced3356e41a",
        "metadata": {
            "category": "Diagnosis and Treatment",
            "sub_category": "What to expect from your doctor",
            "disease": "rheumatic fever"
        },
        "content": "The healthcare team is likely to ask questions, such as: When did the symptoms begin? What, if anything, seems to improve the symptoms? What, if anything, appears to make the symptoms worse? Do the symptoms happen all the time or do they come and go? Has anyone in your family been sick with a cold or flu lately? Is there a history of strep throat or scarlet fever? If so, were all antibiotics taken as prescribed?"
    }
]