[
    {
        "chunk_id": "1acbb693-5ffe-45cc-85f3-99cdea4a40a7",
        "metadata": {
            "category": "Overview",
            "sub_category": "Overview",
            "disease": "tension headache"
        },
        "content": "A tension-type headache causes mild to moderate pain that's often described as feeling like a tight band around the head. A tension-type headache is the most common type of headache, yet its causes aren't well understood. Treatments are available. Managing a tension-type headache is often a balance between practicing healthy habits, finding effective nonmedicine treatments and using medicines appropriately."
    },
    {
        "chunk_id": "f796bf58-f5f4-4c24-b8bd-d4771ead569a",
        "metadata": {
            "category": "Overview",
            "sub_category": "Symptoms",
            "disease": "tension headache"
        },
        "content": "Symptoms of a tension-type headache include: Dull, aching head pain. Feeling of tightness or pressure across the forehead or on the sides and back of the head. Tenderness in the scalp, neck and shoulder muscles. Tension-type headaches are divided into two main categories — episodic and chronic."
    },
    {
        "chunk_id": "064eb0d4-6890-44dc-afc7-d374db9bbd92",
        "metadata": {
            "category": "Overview",
            "sub_category": "Episodic tension-type headaches",
            "disease": "tension headache"
        },
        "content": "Episodic tension-type headaches can last from 30 minutes to a week. Frequent episodic tension-type headaches occur less than 15 days a month for at least three months. This type of headache can become chronic."
    },
    {
        "chunk_id": "f6969884-da95-494b-8968-77e3f84701da",
        "metadata": {
            "category": "Overview",
            "sub_category": "Chronic tension-type headaches",
            "disease": "tension headache"
        },
        "content": "This type of tension-type headache lasts hours and may be constant. Chronic tension-type headaches occur 15 or more days a month for at least three months."
    },
    {
        "chunk_id": "831dbdde-5dea-454d-94db-7876507916e6",
        "metadata": {
            "category": "Overview",
            "sub_category": "Tension-type headaches versus migraines",
            "disease": "tension headache"
        },
        "content": "Tension-type headaches can be hard to tell apart from migraines. And if you have frequent episodic tension-type headaches, you also can have migraines. But unlike some forms of migraine, tension-type headaches usually aren't associated with visual disturbances such as seeing bright spots or flashes of light. People with tension-type headaches also don't usually experience nausea or vomiting with head pain. While physical activity tends to make migraine pain worse, it doesn't affect tension-type headache pain. Sometimes a tension-type headache occurs with sensitivity to light or sound, but this symptom isn't common."
    },
    {
        "chunk_id": "a9ca268a-70cf-4f49-b694-a175b47b62bd",
        "metadata": {
            "category": "Overview",
            "sub_category": "When to see a doctor",
            "disease": "tension headache"
        },
        "content": "See your health care professional if you need to take medicine for tension-type headaches more than twice a week. Also make an appointment if tension-type headaches disrupt your life. Even if you have a history of headaches, see your health care professional if the headache pattern changes. Also see your care professional if your headaches suddenly feel different. Occasionally, headaches may be caused by a serious medical condition. These can include a brain tumor or rupture of a weakened blood vessel, known as an aneurysm. Get emergency care if you have any of these symptoms: A sudden, very bad headache. Headache with a fever, stiff neck, mental confusion, seizures, double vision, weakness, numbness or trouble speaking. Headache after a head injury, especially if the headache gets worse."
    },
    {
        "chunk_id": "be9de344-ca2e-449b-95a6-99d4372d2f2a",
        "metadata": {
            "category": "Overview",
            "sub_category": "Causes",
            "disease": "tension headache"
        },
        "content": "The cause of tension-type headaches is not known. In the past, experts thought tension-type headaches were caused by muscle contractions in the face, neck and scalp. They thought the muscle contractions were a result of emotions, tension or stress. But research suggests that muscle contraction isn't the cause. The most common theory is that people who have tension-type headaches have increased sensitivity to pain. Muscle tenderness, a common symptom of tension-type headaches, may result from this sensitized pain system."
    },
    {
        "chunk_id": "700d6f6b-7ca5-464d-8378-df66831e9917",
        "metadata": {
            "category": "Overview",
            "sub_category": "Triggers",
            "disease": "tension headache"
        },
        "content": "Stress is the most commonly reported trigger for tension-type headaches."
    },
    {
        "chunk_id": "e4dab999-536d-4341-b385-de9f93ff8479",
        "metadata": {
            "category": "Overview",
            "sub_category": "Risk factors",
            "disease": "tension headache"
        },
        "content": "Most people experience a tension-type headache at some point in their lives. However, some research has found that women are more likely to have frequent episodic tension-type headaches and chronic tension-type headaches. Age also might play a factor. One study found that episodic tension-type headaches were more likely to affect people in their 40s."
    },
    {
        "chunk_id": "60892474-4252-450a-94f9-d3da3f9cecb5",
        "metadata": {
            "category": "Overview",
            "sub_category": "Complications",
            "disease": "tension headache"
        },
        "content": "Because tension-type headaches are so common, they can have an effect on job productivity and quality of life, particularly if they're chronic. Frequent headache pain may make it hard to attend activities. You might need to stay home from work. If you do go to your job, it may be hard to function as usual."
    },
    {
        "chunk_id": "a08da2a7-7a05-4e32-bf76-95c87011c50a",
        "metadata": {
            "category": "Overview",
            "sub_category": "Prevention",
            "disease": "tension headache"
        },
        "content": "Regular exercise can help prevent tension-type headaches. Other techniques also can help, such as: Biofeedback training. This training teaches you to control certain body responses that help reduce pain. A device monitors and gives you feedback on your muscle tension, heart rate and blood pressure. You then learn how to reduce muscle tension and slow your heart rate and breathing. Cognitive behavioral therapy. This type of talk therapy may help you learn to manage stress. Doing this may help you have fewer or less painful headaches. Other relaxation techniques. Anything that helps you relax may help your headaches. This can include deep breathing, yoga, meditation and progressive muscle relaxation. You can learn these methods in classes or at home using books or apps. Using medicines along with stress management may be more effective than any one treatment in reducing your tension-type headaches. Also, living a healthy lifestyle may help prevent headaches: Get enough, but not too much, sleep. Don't smoke. Stay physically active. Eat regular, balanced meals. Drink plenty of water. Limit alcohol, caffeine and sugar."
    },
    {
        "chunk_id": "f53babda-a049-4d2c-b79b-550cf0cb9329",
        "metadata": {
            "category": "Diagnosis and Treatment",
            "sub_category": "Diagnosis",
            "disease": "tension headache"
        },
        "content": "If you have regular headaches, your health care professional may give you a physical and a neurological exam. Your care professional works to pinpoint the type and cause of your headaches using these approaches."
    },
    {
        "chunk_id": "b1c15838-b04d-4847-b3c8-0417e3c4541b",
        "metadata": {
            "category": "Diagnosis and Treatment",
            "sub_category": "Your pain description",
            "disease": "tension headache"
        },
        "content": "Your doctor can learn a lot about your headaches from the information you provide about the pain. Be sure to include these details: Pain description. Is the pain throbbing? Is it constant and dull? Is it sharp or stabbing? Pain intensity. A good indicator of pain intensity is how much you're able to do during the headache. Are you able to work? Do headaches wake you or prevent you from sleeping? Pain location. Do you feel pain all over your head? Is the pain on one side of your head? Or is the pain only on your forehead or behind your eyes?"
    },
    {
        "chunk_id": "8b45a720-5488-4294-91f1-eda1a36aed6a",
        "metadata": {
            "category": "Diagnosis and Treatment",
            "sub_category": "Imaging tests",
            "disease": "tension headache"
        },
        "content": "Your doctor may order tests to rule out serious causes of head pain, such as a tumor. Two common imaging tests include: Magnetic resonance imaging (MRI). An MRI scan is done using a powerful magnet and computer-generated radio waves to create images of your brain. Computerized tomography (CT). A CT scan combines a series of X-ray images taken from different angles. It creates cross-sectional images to provide a detailed view of your brain."
    },
    {
        "chunk_id": "f6a399a8-47e4-4809-9852-347028a9691a",
        "metadata": {
            "category": "Diagnosis and Treatment",
            "sub_category": "Treatment",
            "disease": "tension headache"
        },
        "content": "Some people with tension-type headaches don't see a health care professional and try to treat the pain on their own. But repeated use of pain relievers available without a prescription can cause another type of headache known as medication overuse headache. Your health care professional can work with you to find the right treatment for your headaches."
    },
    {
        "chunk_id": "5b07f659-daba-496d-a254-d797b9e498bd",
        "metadata": {
            "category": "Diagnosis and Treatment",
            "sub_category": "Medicines to take during a tension-type headache",
            "disease": "tension headache"
        },
        "content": "Several medicines can help reduce the pain of a headache. They include medicines you can buy at the store without a prescription and medicines available with a prescription. Pain relievers. Pain relievers available without a prescription are usually the first line of treatment for reducing headache pain. These include aspirin, ibuprofen (Advil, Motrin IB, others) and naproxen sodium (Aleve). Combination medicines. Aspirin, acetaminophen (Tylenol, others) or both are often combined with caffeine or a sedative in a single medicine. Combination medicines may be more effective than single-ingredient pain relievers. Many combination medicines are available without a prescription. Triptans. For people who experience both migraines and episodic tension-type headaches, a triptan can effectively relieve the pain of both headaches. Prescription opioids are rarely used because of their side effects and potential for dependency."
    },
    {
        "chunk_id": "802a67e4-7916-4e22-9b93-8afb13b50843",
        "metadata": {
            "category": "Diagnosis and Treatment",
            "sub_category": "Preventive medicines",
            "disease": "tension headache"
        },
        "content": "Your health care professional may prescribe medicines that help you have fewer headaches or headaches that are less painful. Preventive medicines may help if you have regular headaches that aren't relieved by pain medicine and other therapies. Preventive medicines may include: Tricyclic antidepressants. Tricyclic antidepressants are the most commonly used medicines to prevent tension-type headaches. They include amitriptyline, nortriptyline (Pamelor) and protriptyline. These medicines can cause side effects such as constipation, drowsiness and dry mouth. Other antidepressants. The antidepressants venlafaxine (Effexor XR) and mirtazapine (Remeron) also can help prevent tension-type headaches. Anti-seizure medicines and muscle relaxants. The anti-seizure medicines gabapentin (Gralise, Horizant, Neurontin) and topiramate (Topamax, Qsymia, others) may help prevent headache pain. But more study is needed to understand how well they work to prevent tension-type headaches. The muscle relaxant tizanidine (Zanaflex) also can be used for prevention. It can take several weeks or more for preventive medicines to build up in your system and take effect. Your health care professional monitors your treatment to see how the preventive medicine is working. In the meantime, overusing pain relievers may interfere with the effects of the preventive medicines. Ask your health care professional about how often to use pain relievers while you're taking preventive medicine."
    },
    {
        "chunk_id": "9ec5d7bf-3783-49cf-8cb4-4d70a11edf9f",
        "metadata": {
            "category": "Diagnosis and Treatment",
            "sub_category": "Alternative medicine",
            "disease": "tension headache"
        },
        "content": "These nontraditional therapies may help if you have tension-type headache pain: Acupuncture. Acupuncture may provide temporary relief from chronic headache pain. Acupuncture involves using very thin, disposable needles that generally cause little pain or discomfort. Acupuncture is typically safe when performed by an experienced acupuncturist who follows safety guidelines and uses sterile needles. Massage. Massage can help reduce stress and relieve tension. It's especially effective for relieving tight, tender muscles in the back of the head, neck and shoulders. For some people, it may also provide relief from headache pain. Deep breathing, biofeedback and behavior therapies. These techniques and therapies can be useful for coping with tension-type headaches."
    },
    {
        "chunk_id": "136cb30b-07b9-42e1-8ed7-8dac43375352",
        "metadata": {
            "category": "Diagnosis and Treatment",
            "sub_category": "Lifestyle and home remedies",
            "disease": "tension headache"
        },
        "content": "Rest, ice packs or a long, hot shower may be all you need to relieve a tension-type headache. If you experience chronic tension-type headaches, these strategies can help you reduce how many you have or how painful they are: Manage your stress level. One way to help reduce stress is by planning ahead and organizing your day. Another way is to allow more time to relax. Go hot or cold. Applying heat or ice — whichever you prefer — to sore muscles may ease a tension-type headache. For heat, use a heating pad set on low, a hot-water bottle, a warm compress or a hot towel. A hot bath or shower also may help. For cold, wrap ice, an ice pack or frozen vegetables in a cloth to protect your skin. Perfect your posture. Good posture can help keep your muscles from tensing. When standing, hold your shoulders back and your head level. Pull in your abdomen and buttocks. When sitting, make sure your thighs are parallel to the ground and your head isn't slumped forward."
    },
    {
        "chunk_id": "17ea4f84-8ceb-4a42-a60f-8e1252941a2a",
        "metadata": {
            "category": "Diagnosis and Treatment",
            "sub_category": "Coping and support",
            "disease": "tension headache"
        },
        "content": "Chronic pain can cause anxiety and depression. It also can affect your relationships, your productivity and the quality of your life. Here are some suggestions: Talk to a counselor or therapist. Talk therapy may help you cope with the effects of chronic pain. Join a support group. Support groups can be good sources of information and a source of comfort. Group members often know about the latest treatments. Your health care provider may be able to recommend a group in your area."
    },
    {
        "chunk_id": "4301b5c7-f448-49a0-9f7d-9fce68bc863d",
        "metadata": {
            "category": "Diagnosis and Treatment",
            "sub_category": "Preparing for your appointment",
            "disease": "tension headache"
        },
        "content": "You may start by seeing your health care professional. Or you may be referred to a specialist with expertise in the nervous system, known as a neurologist. Here's some information to help you get ready for your appointment."
    },
    {
        "chunk_id": "5398ff13-8a55-4a28-9faf-d4c403a7f5f9",
        "metadata": {
            "category": "Diagnosis and Treatment",
            "sub_category": "What you can do",
            "disease": "tension headache"
        },
        "content": "When you make the appointment, ask if there's anything you need to do in advance, such as fasting before having a specific test. Make a list of: Your symptoms, including any that seem unrelated to the reason for your appointment. Key personal information, including major stresses, recent life changes and family medical history. All medicines, vitamins or other supplements you take, including the doses. Questions to ask your health care professional. Take a family member or friend along, if possible, to help you remember the information you're given. For tension-type headaches, some basic questions to ask your health care professional include: What's likely causing my symptoms? Other than the most likely cause, what are other possible causes for my symptoms? What tests do I need? Is my condition likely temporary or chronic? What's the best course of action? What are the alternatives to the primary approach you're suggesting? I have these other health conditions. How can I best manage them together? Are there restrictions I need to follow? Should I see a specialist? Are there brochures or other printed material I can have? What websites do you recommend? Don't hesitate to ask other questions."
    },
    {
        "chunk_id": "da78be09-b2ea-4c57-b106-7eeb922fa665",
        "metadata": {
            "category": "Diagnosis and Treatment",
            "sub_category": "What to expect from your doctor",
            "disease": "tension headache"
        },
        "content": "Your health care professional may ask you several questions, such as: When did your symptoms begin? Have your symptoms been continuous or occasional? How severe are your symptoms? What, if anything, seems to improve your symptoms? What, if anything, appears to worsen your symptoms?"
    },
    {
        "chunk_id": "b6799327-80bf-4fa2-9f6c-d78f1b477c62",
        "metadata": {
            "category": "Diagnosis and Treatment",
            "sub_category": "What you can do in the meantime",
            "disease": "tension headache"
        },
        "content": "Avoid doing anything that seems to worsen your symptoms."
    }
]