[
    {
        "chunk_id": "204d0f80-e908-4499-b32c-507f78f16e12",
        "metadata": {
            "category": "Overview",
            "sub_category": "Overview",
            "disease": "wet macular degeneration"
        },
        "content": "Wet macular degeneration is an eye condition that causes blurred vision or reduced central vision. It is a type of age-related macular degeneration where blood vessels leak fluid or blood into part of the retina known as the macula (MAK-u-luh). The macula is responsible for central vision. Wet macular degeneration is one of two types of age-related macular degeneration. The other type, dry macular degeneration, is more common and less severe. The wet type always begins as the dry type. Early detection and treatment of wet macular degeneration may help reduce vision loss. In some instances, early treatment may recover vision."
    },
    {
        "chunk_id": "f674a674-eac2-4c59-a173-63d606f66937",
        "metadata": {
            "category": "Overview",
            "sub_category": "Symptoms",
            "disease": "wet macular degeneration"
        },
        "content": "Wet macular degeneration symptoms usually appear suddenly and worsen quickly. They may include: Visual distortions, such as straight lines that seem to be bent. Reduced central vision in one or both eyes. The need for brighter light when reading or doing close-up work. Difficulty adjusting to low light levels, such as when entering a dimly lit restaurant or theater. Increased blurriness of printed words. Difficulty recognizing faces. A well-defined blurry spot or blind spot in the field of vision. Macular degeneration doesn't affect side vision, so it doesn't cause total blindness."
    },
    {
        "chunk_id": "a2b3a6cf-d51f-49ef-830b-95bfdefe3d33",
        "metadata": {
            "category": "Overview",
            "sub_category": "When to see a doctor",
            "disease": "wet macular degeneration"
        },
        "content": "See your eye care professional if: You notice changes in your central vision. You lose the ability to see fine detail. These changes may be the first sign of macular degeneration, particularly if you're older than age 60."
    },
    {
        "chunk_id": "32c21326-025c-4123-bfe4-6a1c2fde097c",
        "metadata": {
            "category": "Overview",
            "sub_category": "Causes",
            "disease": "wet macular degeneration"
        },
        "content": "No one knows the exact cause of wet macular degeneration, but it develops in people who have dry macular degeneration. Of all people with age-related macular degeneration, about 20% have the wet form. Wet macular degeneration can develop in different ways: Vision loss caused by irregular blood vessel growth. Sometimes new blood vessels grow from the choroid under and into the macula. This growth isn't typical, and when it happens it's known as choroidal neovascularization. The choroid is the layer of blood vessels between the retina and the outer, firm coat of the eye, called the sclera. These blood vessels may leak fluid or blood, affecting the retina's function and leading to vision loss. Vision loss caused by fluid buildup in the back of the eye. When fluid leaks from the choroid, it can collect between the thin cell layer called the retinal pigment epithelium and the retina or within the layers of the retina. This may cause irregularities in the macula layers, resulting in vision loss or distortion."
    },
    {
        "chunk_id": "097e2958-2df7-4cfa-a641-de256b2b1cc9",
        "metadata": {
            "category": "Overview",
            "sub_category": "Risk factors",
            "disease": "wet macular degeneration"
        },
        "content": "Factors that may increase the risk of macular degeneration include: Age. This disease is most common in people over 50. Family history and genetics. This disease has a hereditary component, meaning it can run in families. Researchers have identified several genes linked to the condition. Race. Macular degeneration is more common in white people. Smoking. Smoking cigarettes or being exposed to tobacco smoke on a regular basis greatly increases the risk of macular degeneration. Obesity. Research suggests that obesity may increase the chance that early or intermediate macular degeneration will progress to a more severe form of the disease. Cardiovascular disease. If you have diseases that affect your heart and blood vessels, you may be at higher risk of macular degeneration."
    },
    {
        "chunk_id": "fa8e8cad-2321-4876-abf0-916c2f70cb39",
        "metadata": {
            "category": "Overview",
            "sub_category": "Complications",
            "disease": "wet macular degeneration"
        },
        "content": "People whose wet macular degeneration has progressed to central vision loss have a higher risk of depression and social isolation. With profound loss of vision, people may see visual hallucinations. This condition is known as Charles Bonnet syndrome."
    },
    {
        "chunk_id": "472aac42-5b4f-460d-b2a5-d6410979266a",
        "metadata": {
            "category": "Overview",
            "sub_category": "Prevention",
            "disease": "wet macular degeneration"
        },
        "content": "It's important to have routine eye exams to identify early signs of macular degeneration. The following measures may help reduce the risk of developing wet macular degeneration: Manage all other medical conditions. For example, if you have cardiovascular disease or high blood pressure, take your medicine and follow your healthcare team's instructions for controlling the condition. Don't smoke. People who smoke are more likely to develop macular degeneration than are people who don't smoke. Ask a healthcare professional for help stopping smoking. Maintain a healthy weight and exercise regularly. If you need to lose weight, reduce the number of calories you eat and increase the amount of exercise you get each day. Choose a diet rich in fruits and vegetables. These foods contain antioxidant vitamins that reduce your risk of developing macular degeneration. Include fish in your diet. Omega-3 fatty acids, which are found in fish, may reduce the risk of macular degeneration. Nuts such as walnuts also contain omega-3 fatty acids."
    },
    {
        "chunk_id": "dbe4fbe8-de5d-458e-baef-15736ea2331d",
        "metadata": {
            "category": "Diagnosis and Treatment",
            "sub_category": "Diagnosis",
            "disease": "wet macular degeneration"
        },
        "content": "To diagnose wet macular degeneration, an eye doctor typically reviews medical and family history and does a complete eye exam. To confirm a diagnosis of macular degeneration, an eye doctor may suggest other tests, including: Examination of the back of the eye. An eye doctor puts drops in the eyes to dilate them and uses a special tool to examine the back of the eye. The eye doctor looks for a mottled appearance that's caused by yellow deposits that form under the retina, called drusen. People with macular degeneration often have many drusen. A test for changes in the center of the vision field. An Amsler grid may be used to test for changes in the center of the vision field. In macular degeneration, some of the straight lines in the grid may look faded, broken or distorted. Fluorescein angiography. During this test, an eye doctor injects a dye into a vein in the arm. The dye travels to and highlights the blood vessels in the eye. A special camera takes pictures as the dye travels through the blood vessels. The images may show leaking blood vessels or retinal changes. Indocyanine green angiography. Like fluorescein angiography, this test uses an injected dye. It may be used to confirm the findings of a fluorescein angiography or to identify problem blood vessels deeper in the retina. Optical coherence tomography. This noninvasive imaging test displays detailed cross sections of the retina. It identifies areas of thinning, thickening or swelling. This test also is used to help monitor how the retina responds to macular degeneration treatments. Optical coherence tomography (OCT) angiography. This noninvasive imaging test displays detailed cross sections of the retina. It identifies areas of thinning, thickening or swelling. These can be caused by fluid buildup from leaking blood vessels in and under the retina."
    },
    {
        "chunk_id": "ce22665c-2ce6-418b-8769-239fd300e506",
        "metadata": {
            "category": "Diagnosis and Treatment",
            "sub_category": "Treatment",
            "disease": "wet macular degeneration"
        },
        "content": "Treatments are available that may help slow disease progression and preserve existing vision. If started early enough, treatment may recover some lost vision."
    },
    {
        "chunk_id": "94a0acdf-1e87-4209-97a2-57f11c1b2569",
        "metadata": {
            "category": "Diagnosis and Treatment",
            "sub_category": "Medicines",
            "disease": "wet macular degeneration"
        },
        "content": "Some medicines, called anti-VEGF drugs, may help stop the growth of new blood vessels. These medicines block the effects of growth signals the body sends to generate new blood vessels. They are considered the first line of treatment for all stages of wet macular degeneration. Medicines used to treat wet macular degeneration include: Bevacizumab (Avastin). Ranibizumab (Lucentis). Aflibercept (Eylea). Brolucizumab (Beovu). Faricimab-svoa (Vabysmo). An eye doctor injects these medicines into the affected eye. Shots may be needed every 4 to 6 weeks to maintain the beneficial effect of the medicine. In some instances, vision may be partially recovered as the blood vessels shrink and the body absorbs the fluid under the retina. Possible risks of these shots include: Conjunctival hemorrhage. Increased eye pressure. Infection. Retinal detachment. Eye inflammation."
    },
    {
        "chunk_id": "878691dc-beb1-4c6e-a510-21bb0ce94fdb",
        "metadata": {
            "category": "Diagnosis and Treatment",
            "sub_category": "Therapies",
            "disease": "wet macular degeneration"
        },
        "content": "Photodynamic therapy. This procedure is a possible treatment for the irregular blood vessel growth in wet macular degeneration. However, it is much less common than treatment with anti-VEGF shots.\nDuring photodynamic therapy, an eye doctor injects a medicine called verteporfin (Visudyne) into a vein in the arm. The medicine then travels to blood vessels in the eye. An eye doctor shines a focused light from a special laser on the affected blood vessels in the eye. This activates the verteporfin, causing the blood vessels to close. This stops the leakage.\nPhotodynamic therapy may improve vision and reduce the rate of vision loss. Repeated treatments may be needed over time, as the treated blood vessels may reopen.\nAfter photodynamic therapy, it may be necessary to avoid direct sunlight and bright lights until the medicine has cleared the body. This may take a few days. Photocoagulation. During photocoagulation therapy, an eye doctor uses a high-energy laser beam to seal problem blood vessels under the macula. This procedure helps stop the vessels from bleeding, with the aim of minimizing further damage to the macula. Even with this treatment, blood vessels may regrow, requiring further treatment. The laser also can cause scarring that creates a blind spot.\nFew people who have wet macular degeneration get this treatment. It generally isn't an option if you have problem blood vessels directly under the center of the macula. Also, the more damaged the macula is, the lower the likelihood of success. Low vision rehabilitation. Age-related macular degeneration doesn't affect side vision and typically doesn't cause total blindness. But it can reduce or eliminate central vision. You need central vision to read, drive and recognize people's faces. It may help to get care from a low vision rehabilitation specialist, an occupational therapist, an eye doctor and others trained in low vision rehabilitation. They can help find ways to adapt to changing vision."
    },
    {
        "chunk_id": "b960e93b-1828-417d-974a-055c2b4accde",
        "metadata": {
            "category": "Diagnosis and Treatment",
            "sub_category": "Lifestyle and home remedies",
            "disease": "wet macular degeneration"
        },
        "content": "Even after you get a diagnosis of wet macular degeneration, you can take some steps that may help slow vision loss. Don't smoke. If you smoke, ask a healthcare professional for help quitting. Choose a healthy diet. The antioxidant vitamins in fruits and vegetables contribute to eye health. Kale, spinach, broccoli, squash and other vegetables have high levels of antioxidants, including lutein and zeaxanthin. These nutrients may benefit people with macular degeneration.\nEating foods with high levels of zinc also may be helpful for people with macular degeneration. These include high-protein foods, such as beef, pork and lamb. Nonmeat sources include milk, cheese, yogurt, whole-grain cereals and whole-wheat bread.\nAnother good choice is healthy unsaturated fat, such as in olive oil. And research studies have shown that a diet high in omega-3 fatty acids, such as in salmon, tuna and walnuts, may lower the risk of advanced macular degeneration. But the same benefit is not shown from taking omega-3 supplements, such as fish oil pills. Manage your other medical conditions. If you have cardiovascular disease or high blood pressure, for example, take your medicine and follow your healthcare team's instructions for controlling the condition. Maintain a healthy weight and exercise regularly. If you need to lose weight, reduce the number of calories you eat and increase the amount of exercise you get each day. Have routine eye exams. Ask your eye doctor about the recommended schedule for follow-up exams. In between checkups, you can do a self-assessment of your vision using an Amsler grid."
    },
    {
        "chunk_id": "04a69224-4f71-4fc0-9085-de429caf347d",
        "metadata": {
            "category": "Diagnosis and Treatment",
            "sub_category": "Vitamin supplements",
            "disease": "wet macular degeneration"
        },
        "content": "For people with intermediate or advanced disease, taking a high-dose formulation of antioxidant vitamins and minerals may help reduce the risk of vision loss. Research from the Age-Related Eye Disease Study 2 (AREDS2) has shown benefit in a formulation that includes: 500 milligrams (mg) of vitamin C. 400 international units (IU) of vitamin E. 10 mg of lutein. 2 mg of zeaxanthin. 80 mg of zinc as zinc oxide. 2 mg of copper as cupric oxide. Ask your eye doctor if taking supplements is right for you."
    },
    {
        "chunk_id": "3f6cd373-d4b4-43ac-8d0b-5aa9fe91a60e",
        "metadata": {
            "category": "Diagnosis and Treatment",
            "sub_category": "Coping and support",
            "disease": "wet macular degeneration"
        },
        "content": "Vision loss from macular degeneration can affect the ability to do things such as read, recognize faces and drive. These tips may help to cope with changing vision: Get your eyeglass prescription checked. If you wear contacts or glasses, be sure your prescription is up to date. If new glasses don't help, ask for a referral to a low vision specialist. Use magnifiers. A variety of magnifying devices can help you with reading and other close-up work, such as sewing. Such devices include hand-held magnifying lenses or magnifying lenses you wear like glasses.\nYou also may use a closed-circuit television system that uses a video camera to magnify reading material and project it on a video screen. Change your computer display and add audio systems. Adjust the font size in your computer's settings. And adjust your monitor to show more contrast. You also may add speech-output systems or other technologies to your computer. Use electronic reading aids and voice interfaces. Try large-print books, tablet computers and audiobooks. Some tablet and smartphone apps are designed to help people with low vision. And many of these devices now come with voice recognition features. Select special appliances made for low vision. Some clocks, radios, telephones and other appliances have extra-large numbers. You may find it easier to watch a television with a larger high-definition screen, or you may want to sit closer to the screen. Use brighter lights in your home. Better lighting helps with reading and other daily activities, and it may reduce the risk of falling. Consider your transportation options. If you drive, check with your doctor to see if it's safe to continue doing so. Be extra cautious in certain situations, such as driving at night, in heavy traffic or in bad weather. Use public transportation or ask a friend or family member to help, especially with night driving. Or use local van or shuttle services, volunteer driving networks, or ride-sharing. Get support. Having macular degeneration can be difficult, and you may need to make changes in your life. You may go through many emotions as you adjust. Consider talking to a counselor or joining a support group. Spend time with supportive family members and friends."
    },
    {
        "chunk_id": "11af73cb-85e6-41c5-a5da-07820e9bfe4f",
        "metadata": {
            "category": "Diagnosis and Treatment",
            "sub_category": "Preparing for your appointment",
            "disease": "wet macular degeneration"
        },
        "content": "You likely will need a dilated eye exam to check for macular degeneration. Make an appointment with a doctor who specializes in eye care, such as an optometrist or an ophthalmologist. An eye doctor can perform a complete eye exam."
    },
    {
        "chunk_id": "17f70e80-6a3f-4daf-b246-ce1ad04b080c",
        "metadata": {
            "category": "Diagnosis and Treatment",
            "sub_category": "What you can do",
            "disease": "wet macular degeneration"
        },
        "content": "Before your appointment: When you make the appointment, ask if you need to do anything to prepare. List any symptoms you're experiencing, including those that seem unrelated to your vision problem. List all medicines, vitamins and supplements you take, including the doses. Ask a family member or friend to go with you. Having your pupils dilated for the eye exam will affect your vision for a time afterward, so you may need someone to drive or be with you after your appointment. List questions to ask your eye care professional. For macular degeneration, questions to ask include: Do I have dry or wet macular degeneration? How advanced is my macular degeneration? Is it safe for me to drive? Will I experience further vision loss? Can my condition be treated? Will taking a vitamin or mineral supplement help prevent further vision loss? What's the best way to monitor my vision for any changes? What changes in my symptoms should I call you about? What low vision aids might be helpful to me? What lifestyle changes can I make to protect my vision?"
    },
    {
        "chunk_id": "2e3b87b1-4b3a-46d7-8ed9-9c781ab44d80",
        "metadata": {
            "category": "Diagnosis and Treatment",
            "sub_category": "What to expect from your doctor",
            "disease": "wet macular degeneration"
        },
        "content": "Your eye doctor is likely to ask you a few questions, such as: When did you first notice your vision problem? Does the condition affect one or both eyes? Do you have trouble seeing things near you, at a distance or both? Do you smoke or did you used to smoke? If so, how much? What types of foods do you eat? Do you have other medical conditions, such as high cholesterol, high blood pressure or diabetes? Do you have a family history of macular degeneration?"
    }
]