{
    "Overview": {
        "Overview": "Alpha-gal syndrome is a type of food allergy. It makes people allergic to red meat and other products made from mammals. In the United States, the condition usually begins with the bite of the Lone Star tick. The bite transfers a sugar molecule called alpha-gal into the body. In some people, this triggers a reaction from the body's defenses, also called the immune system. It causes mild to severe allergic reactions to red meat, such as beef, pork or lamb. It also can cause reactions to other foods that come from mammals, such as dairy products or gelatins. The Lone Star tick is found mainly in the southeastern United States. Most cases of alpha-gal syndrome are reported in the south, east and central United States. But the condition appears to be spreading farther north and west. Deer are carrying the Lone Star tick to new parts of the country. Other types of ticks carry alpha-gal molecules in different parts of the world. Alpha-gal syndrome has been diagnosed in parts of Europe, Australia, Asia, South Africa, and South and Central America. Some people may have alpha-gal syndrome and not know it. There are people who often have serious allergic reactions, also called anaphylactic reactions, for no clear reason. Tests also show that they don't have other food allergies. Researchers think that some of these people may be affected by alpha-gal syndrome. There's no treatment other than avoiding red meat and other products made from mammals. If you have a serious allergic reaction, you may need medicine called epinephrine and treatment at the emergency room. Avoid tick bites to prevent alpha-gal syndrome. Wear long pants and long-sleeved shirts when you're in wooded, grassy areas. Use bug spray too. Check your whole body for ticks after you spend time outside.",
        "Symptoms": "The symptoms of an alpha-gal allergic reaction usually take longer to start compared with those of other food allergies. Most reactions to common food allergens — peanuts or shellfish, for example — happen within minutes after you are exposed to them. In alpha-gal syndrome, reactions usually appear about 3 to 6 hours after you are exposed. Foods that can cause a reaction include: Red meat, such as beef, pork or lamb. Organ meats. Products made from mammals, such as gelatins or dairy products. Symptoms of alpha-gal syndrome may include: Hives, itching, or itchy, scaly skin. Swelling of the lips, face, tongue and throat, or other body parts. Wheezing or shortness of breath. Stomach pain, diarrhea, upset stomach or vomiting. The time delay between eating meat products and getting an allergic reaction may be one reason alpha-gal syndrome was not understood at first. For example, a possible connection between a T-bone steak with dinner and hives at midnight is far from clear. Researchers think they know the reason for the delayed reaction. They say it's due to the alpha-gal molecules taking longer than other allergens to be digested and enter the system that moves blood through the body.",
        "When to see a doctor": "Get help if you have food allergy symptoms after you eat, even several hours after you eat. See your primary care health care provider or an allergy specialist, called an allergist. Don't rule out red meat as a possible cause of your reaction. That's even more important if you live or spend time in parts of the world where alpha-gal syndrome has been reported. Get emergency medical treatment if you have symptoms of a serious allergic reaction that causes trouble breathing, called anaphylaxis, such as: Trouble breathing. Rapid, weak pulse. Dizzy or lightheaded feeling. Drooling and not being able to swallow. Full-body redness and warmth, called flushing.",
        "Causes": "Most people with alpha-gal syndrome in the U.S. get the condition when a Lone Star tick bites them. Bites from other types of ticks can lead to the condition too. These other ticks cause alpha-gal syndrome in parts of Europe, Australia, Asia, South Africa, and South and Central America.",
        "Tick bites": "Experts think the ticks that cause alpha-gal syndrome carry alpha-gal molecules. These come from the blood of the animals they usually bite, such as cows and sheep. When a tick that carries these molecules bites a human, the tick sends alpha-gal into the person's body. For unknown reasons, some people have a strong immune response to these molecules. The body makes proteins called antibodies. These antibodies target alpha-gal as something the immune system needs to clear out. The response is so strong that people with this allergy can no longer eat red meat. They cannot eat any foods made from mammals without having an allergic reaction. People who get many tick bites over time may develop worse symptoms.",
        "The cancer drug cetuximab": "People with antibodies related to alpha-gal syndrome can have allergic reactions to the cancer drug cetuximab (Erbitux). Research appears to show that cases of this drug allergy are linked to alpha-gal syndrome. The antibodies that the immune system makes to alpha-gal seem to react to the structure of the drug as well.",
        "Risk factors": "Health care providers don't yet know why some people get alpha-gal syndrome after exposure and others don't. The condition mostly happens in the south, east and central United States. You're at higher risk if you live or spend time in these regions and: Spend a lot of time outdoors. Have gotten multiple Lone Star tick bites. In the past 20 to 30 years, the Lone Star tick has been found in large numbers as far north as Maine. This tick also has been found as far west as central Texas and Oklahoma. Alpha-gal syndrome also happens in other parts of the world. This includes parts of Europe, Australia, Asia, South Africa, and South and Central America. In those places, bites from certain types of ticks also appear to raise the risk of the condition.",
        "Complications": "Alpha-gal syndrome can cause a serious allergic reaction called anaphylaxis. It can be deadly without treatment. Anaphylaxis is treated with prescription medicine called epinephrine, also known as adrenaline. You can give yourself a shot of epinephrine with a device called an auto-injector (EpiPen, Auvi-Q, others). You also need to go to the emergency room. Anaphylaxis symptoms can include: Tight, narrow airways. Swelling of the throat that makes it hard to breathe. A serious drop in blood pressure, called shock. Rapid pulse. Feeling dizzy or lightheaded, or passing out Health care providers think that some people who get anaphylaxis often and for no clear reason may be living with alpha-gal syndrome. They just haven't been diagnosed with it.",
        "Prevention": "The best way to prevent alpha-gal syndrome is to avoid areas where ticks live. Be careful in wooded, bushy areas with long grass. You can lower your risk of getting alpha-gal syndrome by following some simple tips: Cover up. Dress to protect yourself when you're in wooded or grassy areas. Wear shoes, long pants tucked into your socks, a long-sleeved shirt, a hat and gloves. Also try to stick to trails and avoid walking through low bushes and long grass. If you have a dog, keep it on a leash too. Use bug spray. Apply insect repellent with a 20% or higher concentration of the ingredient DEET to your skin. If you're a parent, put the bug spray on your children. Avoid their hands, eyes and mouths. Keep in mind that chemical repellents can be toxic, so follow directions carefully. Apply products with the ingredient permethrin to clothing, or buy pre-treated clothing. Do your best to tick-proof your yard. Clear brush and leaves where ticks live. Keep woodpiles in sunny areas. Check yourself, your children and your pets for ticks. Be watchful after you spend time in wooded or grassy areas. It's helpful to shower as soon as you come indoors. Ticks often stay on your skin for hours before they attach themselves. Shower and use a washcloth to try to remove any ticks. Remove a tick with tweezers as soon as possible. Gently grasp the tick near its head or mouth. Don't squeeze or crush the tick. Pull it off with a careful, steady grip. Once you've removed the entire tick, throw it out. Put on an antiseptic where it bit you. That can help prevent an illness."
    },
    "Diagnosis and Treatment": {
        "Diagnosis": "Health care providers can diagnose alpha-gal syndrome based on your personal history and certain medical tests. Your health care provider will likely ask you: Whether you've gotten tick bites or you've gone to places where ticks live. What symptoms you have. How long it took for the symptoms to start after you ate red meat or certain other foods such as mammal food products. Your provider also might give you a physical exam. Other tests used to diagnose alpha-gal syndrome may include: A blood test. A blood test can confirm and measure the amount of alpha-gal antibodies in your bloodstream. This is the key test for diagnosis of alpha-gal syndrome. A skin test. A health care provider pricks your skin and exposes it to small amounts of substances taken from commercial or fresh red meat. If you're allergic, you get a raised bump called a hive at the test site on your skin. Your provider or allergist also may test your skin for an allergic reaction to certain types of red meat. That's because there are different kinds of allergies to meat.",
        "Treatment": "Alpha-gal syndrome treatment involves avoiding the foods that cause your reaction. Always check the ingredient labels on store-bought foods. Make sure they don't have red meat or meat-based ingredients, such as: Beef. Pork. Lamb. Organ meats. Gelatins. Check soup stock cubes, gravy packages and flavor ingredients in prepackaged products. Ask your health care provider or allergist for a list of foods to avoid, including meat extracts used in flavoring. The names of some meat-based ingredients make them easy to miss. Be extra careful when you eat at restaurants and social get-togethers. Many people don't understand how serious an allergic food reaction can be. And few people know that meat allergies exist. Even a small amount of red meat can cause a serious reaction. If you're worried that a food may contain something you're allergic to, don't try it. Do what you can to lower your risk. For example, you could bring your own food to a party if guests are making food on a shared cooking surface. For a serious allergic reaction, you may need a shot of epinephrine and emergency care. Many people with allergies carry a device called an epinephrine auto-injector. It's a syringe and concealed needle that injects a single dose of medication when you press it against your thigh. If you've been diagnosed with alpha-gal syndrome, your doctor or allergist likely will prescribe an epinephrine auto-injector. Symptoms of alpha-gal syndrome may lessen or even disappear over time. This is especially true if you don't get any more bites from ticks that carry alpha-gal. Some people with this condition can eat mammal food products again after 1 to 2 years if they don't get any more tick bites.",
        "Preparing for your appointment": "To get the most from your appointment, it's a good idea to be well prepared. Here are some tips to help you talk with your health care provider. Write down your symptoms. Be ready to tell your provider what happened after you ate red meat. Include how long it took for a reaction to happen. Be prepared to describe the type and amount of red meat you ate. Make notes if you've had tick bites or you've spent time in places where ticks may live. Your provider will likely want to know where you've spent time outdoors and how often. Your provider also will likely want to know how many tick bites you think you've gotten. Make a list of all medications you're taking. Include vitamins or supplements. Take a family member or friend along if you can. Sometimes it can be hard to recall all the information your provider gives you during an appointment. Someone who comes with you may remember something you missed or forgot. Write down any questions you have. Some basic questions to ask your provider include: Are my symptoms likely caused by a red meat allergy? What else might be causing my symptoms? What tests do I need? What's the best treatment? Should I see a specialist? Is there a generic version of the medicine you're prescribing? Are there brochures or other printed material that I can take with me? What websites do you suggest? Do I need to carry an epinephrine auto-injector?",
        "What to expect from your doctor": "Your health care provider will probably ask you questions, such as: When did you begin noticing symptoms? What type of meat did you eat and how much did you have before your symptoms started? After you ate red meat, how long did it take your symptoms to appear? Have you spent time outdoors in places where ticks live? Have you been bitten by a tick in the past? How many times? What did the tick look like? Did you take any allergy medicines that you can get without a prescription, such as antihistamines? If so, did they help? Does red meat seem to trigger your symptoms? Do you get symptoms when you eat any other foods? How bad are your symptoms? What, if anything, seems to improve your symptoms? What, if anything, appears to make your symptoms worse?",
        "What you can do in the meantime": "If you think you have alpha-gal syndrome, avoid eating red meat until your appointment. If you have a serious reaction, get emergency help."
    }
}