{
    "Overview": {
        "Overview": "Narcolepsy is a condition that makes people very sleepy during the day and can cause them to fall asleep suddenly. Some people also have other symptoms, such as muscle weakness when they feel strong emotions. The symptoms can have serious effects on daily life. People with narcolepsy have trouble staying awake for long periods of time. When narcolepsy causes a sudden loss of muscle tone, it is known as cataplexy (KAT-uh-plek-see). This can be triggered by a strong emotion, especially one that causes laughter. Narcolepsy is divided into two types. Most people with type 1 narcolepsy have cataplexy. Most people with type 2 narcolepsy don't have cataplexy. Narcolepsy is a lifelong condition and does not have a cure. However, medicines and lifestyle changes can help manage the symptoms. Support from family, friends, employers and teachers can help people cope with the condition.",
        "Symptoms": "The symptoms of narcolepsy may get worse during the first few years. Then they continue for life. Symptoms include: Extreme daytime sleepiness. Daytime sleepiness is the first symptom to appear, and the sleepiness makes it hard to focus and function. People with narcolepsy feel less alert and focused during the day. They also fall asleep without warning. Sleep can happen anywhere and at any time. It may happen when they are bored or while doing a task. For example, people with narcolepsy can suddenly fall asleep while working or talking with friends. It can be especially dangerous to fall asleep while driving. Sleep may last only a few minutes or up to a half-hour. After waking, people with narcolepsy feel refreshed but get sleepy again. Automatic behaviors. Some people with narcolepsy continue doing a task when they fall asleep briefly. For example, they may fall asleep while writing, typing or driving. They might continue to perform that task while asleep. After waking, they can't remember what they did, and they probably didn't do it well. Sudden loss of muscle tone. This condition is called cataplexy. It can cause slurred speech or complete weakness of most muscles for up to a few minutes. It's triggered by intense emotions — often positive emotions. Laughter or excitement may cause sudden muscle weakness. But sometimes fear, surprise or anger can cause the loss of muscle tone. For example, when you laugh, your head may drop without your control. Or your knees may suddenly lose strength, causing you to fall. Some people with narcolepsy experience only one or two episodes of cataplexy a year. Others have several episodes a day. Not everyone with narcolepsy has these symptoms. Sleep paralysis. People with narcolepsy may experience sleep paralysis. During sleep paralysis, the person can't move or speak while falling asleep or upon waking. The paralysis is usually brief — lasting a few seconds or minutes. But it can be scary. You may be aware of it happening and can recall it afterward. Not everyone with sleep paralysis has narcolepsy. Hallucinations. Sometimes people see things that aren't there during sleep paralysis. Hallucinations also may happen in bed without sleep paralysis. These are called hypnagogic hallucinations if they happen as you fall asleep. They're called hypnopompic hallucinations if they happen upon waking. For example, the person might think they see a stranger in the bedroom who isn't there. These hallucinations may be vivid and frightening because you may not be fully asleep when you begin dreaming. Changes in rapid eye movement (REM) sleep. REM sleep is when most dreaming happens. Typically, people enter REM sleep 60 to 90 minutes after falling asleep. But people with narcolepsy often move more quickly to REM sleep. They tend to enter REM sleep within 15 minutes of falling asleep. REM sleep also can happen at any time of the day.",
        "Other sleep symptoms": "People with narcolepsy may have other sleep conditions. They might have obstructive sleep apnea, in which breathing starts and stops during the night. Or they may act out their dreams, known as REM sleep behavior disorder. Or they may have trouble falling asleep or staying asleep, called insomnia.",
        "When to see a doctor": "See your healthcare professional if you experience daytime sleepiness that affects your personal or professional life.",
        "Causes": "The exact cause of narcolepsy is not known. People with type 1 narcolepsy have low levels of hypocretin (hi-poe-KREE-tin), also called orexin. Hypocretin is a chemical in the brain that helps control being awake and entering REM sleep. Hypocretin levels are low in people who have cataplexy. Exactly what causes the loss of hypocretin-producing cells in the brain isn't known. But experts suspect it's due to an autoimmune reaction. An autoimmune reaction is when the body's immune system destroys its own cells. It's also likely that genetics plays a role in narcolepsy. But the risk of a parent passing this sleep condition to a child is very low — only about 1% to 2%. Narcolepsy may be linked to exposure to the H1N1 flu, sometimes called the swine flu. It also may be linked to a certain type of the H1N1 vaccine that was given in Europe.",
        "Typical sleep pattern vs. narcolepsy": "The typical process of falling asleep begins with a phase called non-rapid eye movement (NREM) sleep. During this phase, brain waves slow. After an hour or so of NREM sleep, brain activity changes and REM sleep begins. Most dreaming occurs during REM sleep. In narcolepsy, you may suddenly enter REM sleep after going through minimal NREM sleep. This can happen both at night and during the day. Cataplexy, sleep paralysis and hallucinations are similar to changes that occur in REM sleep. But in narcolepsy, these symptoms happen while you're awake or sleepy.",
        "Risk factors": "There are only a few known risk factors for narcolepsy, including: Age. Narcolepsy typically begins between ages 10 and 30. Family history. Your risk of narcolepsy is 20 to 40 times higher if you have a close family member who has it.",
        "Complications": "Narcolepsy can cause complications, such as: Misbeliefs about the condition. Narcolepsy can affect work, school or your personal life. Others might see people with narcolepsy as lazy or sluggish. Effects on intimate relationships. Intense feelings, such as anger or joy, can trigger cataplexy. This can cause people with narcolepsy to withdraw from emotional interactions. Physical harm. Falling asleep suddenly may result in injury. You're at increased risk of a car accident if you fall asleep while driving. Your risk of cuts and burns is greater if you fall asleep while cooking. Obesity. People with narcolepsy are more likely to be overweight. Sometimes weight goes up quickly when symptoms start."
    },
    "Diagnosis and Treatment": {
        "Diagnosis": "Your healthcare professional may suspect narcolepsy based on your symptoms of daytime sleepiness and sudden loss of muscle tone, known as cataplexy. Your healthcare professional likely will refer you to a sleep specialist. Formal diagnosis usually requires staying overnight at a sleep center for an in-depth sleep analysis. A sleep specialist will likely diagnose narcolepsy and determine how serious it is based on: Your sleep history. A detailed sleep history can help with a diagnosis. You'll likely fill out the Epworth Sleepiness Scale. The scale uses short questions to measure your degree of sleepiness. You'll answer how likely it is that you would fall asleep in certain times, such as sitting down after lunch. Your sleep records. You may be asked to write down your sleep pattern for a week or two. This allows your healthcare professional to compare how your sleep pattern may relate to how alert you feel. You might wear a device on your wrist, known as an actigraph. It measures periods of activity and rest, along with how and when you sleep. A sleep study, known as polysomnography. This test measures signals during sleep using flat metal discs called electrodes placed on your scalp. For this test, you must spend a night at a medical facility. The test measures your brain waves, heart rate and breathing. It also records your leg and eye movements. Multiple sleep latency test. This test measures how long it takes you to fall asleep during the day. You'll be asked to take four or five naps at a sleep center. Each nap needs to be two hours apart. Specialists will observe your sleep patterns. People who have narcolepsy fall asleep easily and enter into rapid eye movement (REM) sleep quickly. Genetic tests and a lumbar puncture, known as a spinal tap. Occasionally, a genetic test may be performed to see if you're at risk of type 1 narcolepsy. If so, your sleep specialist may recommend a lumbar puncture to check the level of hypocretin in your spinal fluid. This test is only done in specialized centers. These tests also can help rule out other possible causes of your symptoms. Extreme daytime sleepiness also could be caused by not getting enough sleep, medicines that make you sleepy and sleep apnea.",
        "Treatment": "There is no cure for narcolepsy, but treatment to help manage the symptoms include medicines and lifestyle changes.",
        "Medicines": "Medicines for narcolepsy include: Stimulants. Medicines that stimulate the central nervous system are the main treatment to help people with narcolepsy stay awake during the day. Your healthcare professional may recommend modafinil (Provigil) or armodafinil (Nuvigil). These medicines aren't as habit-forming as older stimulants. They also don't produce the highs and lows related to older stimulants. Side effects are not common but may include headache, nausea or anxiety.\nSolriamfetol (Sunosi) and pitolisant (Wakix) are newer stimulants used for narcolepsy. Pitolisant also may be helpful for cataplexy.\nSome people need treatment with methylphenidate (Ritalin, Concerta, others). Or they may take amphetamines (Adderall XR 10, Desoxyn, others). These medicines are effective but can be habit-forming. They may cause side effects such as nervousness and a fast heartbeat. Serotonin and norepinephrine reuptake inhibitors (SNRIs) or selective serotonin reuptake inhibitors (SSRIs). These medicines suppress REM sleep. Healthcare professionals prescribe these medicines to help ease the symptoms of cataplexy, hallucinations and sleep paralysis.\nThey include venlafaxine (Effexor XR), fluoxetine (Prozac), duloxetine (Cymbalta, Drizalma Sprinkle) and sertraline (Zoloft). Side effects can include weight gain, insomnia and digestive problems. Tricyclic antidepressants. These older antidepressants can treat cataplexy. But they can cause side effects such as dry mouth and lightheadedness. These medicines include protriptyline, imipramine and clomipramine (Anafranil). Sodium oxybate (Xyrem, Lumryz) and oxybate salts (Xywav). These medicines work well at relieving cataplexy. They help improve nighttime sleep, which is often poor in narcolepsy. They also may help control daytime sleepiness.\nXywav is a newer formulation with less sodium.\nThese medicines can have side effects, such as nausea, bed-wetting and sleepwalking. Taking them together with other sleeping tablets, narcotic pain relievers or alcohol can lead to trouble breathing, coma and death. If you take medicines for other health conditions, ask your healthcare professional how they may interact with narcolepsy medicines. Certain medicines that you can buy without a prescription can cause drowsiness. They include allergy and cold medicines. If you have narcolepsy, your healthcare professional may recommend that you don't take these medicines. Researchers are studying other potential treatments for narcolepsy. Medicines being studied include those that target the hypocretin chemical system. Researchers also are studying immunotherapy. Further research is needed before these medicines become available.",
        "Lifestyle and home remedies": "Lifestyle changes are important in managing the symptoms of narcolepsy. You may benefit if you: Stick to a schedule. Go to sleep and wake up at the same time every day, including weekends. Take naps. Schedule short naps at regular intervals during the day. Naps of 20 minutes during the day may be refreshing. They also may reduce sleepiness for 1 to 3 hours. Some people may need longer naps. Avoid nicotine and alcohol. Using these substances, especially at night, can worsen your symptoms. Get regular exercise. Plan for moderate, regular exercise at least 4 to 5 hours before bedtime. It may help you sleep better at night and feel more awake during the day.",
        "Coping and support": "Dealing with narcolepsy can be a challenge. Consider these tips: Talk about it. Tell your employer or teachers about your condition. Then work with them to find ways to adjust to your needs. This may include taking naps during the day. Or you might break up repetitive tasks. You might record meetings or classes to refer to later. You also might find it helps to stand during meetings or lectures, and to take brisk walks during the day. The Americans with Disabilities Act forbids discrimination against workers with narcolepsy. Employers must provide reasonable accommodation to qualified employees. Be safe while driving. If you must drive a long distance, work with your healthcare professional to find ways to make a safe trip. Create a medicine schedule that is most likely to keep you awake during your drive. Stop for naps and exercise breaks whenever you feel drowsy. Don't drive if you feel too sleepy. Support groups and counseling can help you and your loved ones cope with narcolepsy. Ask your healthcare professional to help you locate a group or qualified counselor in your area.",
        "Preparing for your appointment": "You're likely to start by seeing your healthcare professional. But if narcolepsy is suspected, you may be referred to a sleep specialist. Here's some information to help you prepare for your appointment.",
        "What you can do": "Be aware of any pre-appointment restrictions. At the time you make the appointment, be sure to ask if there's anything you need to do in advance. Write down any symptoms you're experiencing, including any that may seem unrelated to the reason for which you scheduled the appointment. Write down key personal information, including any major stresses or recent life changes. Make a list of all medicines, vitamins or supplements you're taking. Include the doses. Ask a family member or friend to go with you. Sometimes it can be difficult to recall all the information you get during an appointment. Someone who accompanies you may remember something that you missed or forgot. Write down questions to ask your healthcare team. Before your appointment, prepare a list of questions. List your questions from most important to least important. For narcolepsy, some basic questions to ask include: What's the most likely cause of my symptoms? Are there other possible causes? What kinds of tests do I need? Do I need a sleep study? Is my condition likely to go away or to last a long time? What treatment do you recommend? What are the alternatives to the primary approach you're suggesting? I have these other health conditions. How can I best manage these conditions together? Is there a generic alternative to the medicine you're prescribing? Are there any brochures or other printed material that I can take home with me? What websites do you recommend? Don't hesitate to ask other questions anytime during your appointment.",
        "What to expect from your doctor": "Your healthcare professional is likely to ask you a number of questions, including: When did you begin experiencing symptoms? Have your symptoms been continuous or occasional? How often do you fall asleep during the day? How severe are your symptoms? Does anything improve your symptoms? What, if anything, appears to worsen your symptoms? Does anyone in your family have similar symptoms? What is your sleep schedule? Do you experience sudden muscle weakness with strong emotions, such as laughter? Do you briefly feel paralyzed as you fall asleep or just as you're walking up? Do you experience hallucinations related to your sleep schedule?"
    }
}