{
    "Overview": {
        "Overview": "Vasculitis involves swelling and irritation, called inflammation, of blood vessels. The inflammation can cause the walls of the blood vessels to thicken. This thickening can narrow the vessels. If the narrowing restricts blood flow, it can damage organs and tissues. There are many types of vasculitis. Most of them are rare. Vasculitis might affect just one organ or several. The condition can be short-term or long lasting. Vasculitis can affect anyone. But some types are more common among people in certain age groups. Some types may improve without treatment. Most types need treatment with medicines to control the inflammation and prevent flares.",
        "Symptoms": "Symptoms of most types of vasculitis can include: Fever. Headache. Tiredness. Weight loss. Aches and pains. Other symptoms depend on the parts of the body affected: Digestive system. If vasculitis affects the stomach or intestines, there may be pain after eating. Ulcers and tears, called perforations, are possible. They may cause blood in the stool. Ears. Dizziness, ringing in the ears and sudden hearing loss may happen. Eyes. Vasculitis can make the eyes look red. They may itch or burn. Giant cell arteritis can cause double vision and brief or ongoing blindness in one or both eyes. This is sometimes the first sign of the disease. Hands or feet. Some types of vasculitis can cause numbness or weakness in a hand or foot. The palms of the hands and soles of the feet might swell or harden. Lungs. This can cause shortness of breath or coughing up blood. Skin. Bleeding under the skin can show up as red spots. Vasculitis also can cause lumps or open sores on the skin.",
        "When to see a doctor": "Make an appointment with your healthcare professional if you have symptoms that worry you. Some types of vasculitis get worse quickly. Early diagnosis is the key to getting treatment that works.",
        "Causes": "Experts don't know the exact cause of vasculitis. Some types are linked to a person's genes. Others result from the immune system attacking blood vessel cells by mistake. Causes of this immune system reaction may include: Infections, such as hepatitis B and hepatitis C. Blood cancers. Immune system diseases, such as rheumatoid arthritis, lupus and scleroderma. Reactions to certain medicines.",
        "Risk factors": "Vasculitis can happen to anyone. Factors that may increase the risk of certain types include: Age. Giant cell arteritis is rare before the age of 50. Kawasaki disease is most common in children younger than 5 years old. Family history. Behcets disease, granulomatosis with polyangiitis and Kawasaki disease can run in families. Lifestyle choices. Using illicit drugs such as cocaine can increase your risk of getting vasculitis. Smoking tobacco can increase risk of Buerger disease. This applies mainly to people assigned male at birth who are younger than 45. Medicines. Medicines such as hydralazine, allopurinol (Lopurin, Zyloprim) , minocycline (Arestin, Minocin, others) and propylthiouracil sometimes can cause vasculitis. Infections. Having hepatitis B or C can increase the risk of vasculitis. Immune conditions. People who have conditions in which their immune systems attack their own bodies by mistake may be at higher risk of vasculitis. These conditions include lupus, rheumatoid arthritis and scleroderma. Sex assigned at birth. Giant cell arteritis is much more common in people assigned female at birth. Buerger disease is more common in people assigned male at birth.",
        "Complications": "Vasculitis complications depend on the type of vasculitis and how bad it is. Complications also may be linked to side effects of the prescription medicines that treat the condition. Complications of vasculitis include: Organ damage. Some types of vasculitis can damage major organs. Blood clots and aneurysms. A blood clot may form in a blood vessel, blocking blood flow. Rarely, vasculitis causes a blood vessel to weaken and bulge, forming an aneurysm (AN-yoo-riz-um). Vision loss or blindness. This may be a complication of giant cell arteritis that isn't treated. Infections. Some of the medicines used to treat vasculitis may weaken your immune system. This can make you more prone to infections.",
        "The Mayo Clinic experience and patient stories": "Our patients tell us that the quality of their interactions, our attention to detail and the efficiency of their visits mean health care like they've never experienced. See the stories of satisfied Mayo Clinic patients."
    },
    "Diagnosis and Treatment": {
        "Diagnosis": "Diagnosis starts with a medical history and a physical exam. You may have one or more tests and procedures. These can either diagnose vasculitis or rule out other conditions that cause some of the same symptoms. Tests and procedures might include: Blood tests. These tests look for signs of inflammation, such as a high level of C-reactive protein. A complete blood cell count can tell whether you have enough red blood cells. Other blood tests, such as the antineutrophil cytoplasmic antibody (ANCA) test, can look for certain antibodies. These tests can help diagnose vasculitis. Imaging tests. Imaging tests can show which blood vessels and organs are affected. They also can help your healthcare professional know how you respond to treatment. Imaging tests for vasculitis include X-rays, ultrasounds, CT scans, MRIs and positron emission tomography (PET) scans. X-rays of your blood vessels. During this procedure, called angiography, a flexible catheter resembling a thin straw goes into a large artery or vein. A special dye goes into the catheter. You have X-rays taken as the dye fills the artery or vein. The X-rays show the outlines of your blood vessels. Biopsy. This is a surgery in which a healthcare professional removes a small sample of tissue from the affected area of your body. Your health professional then looks at the tissue for signs of vasculitis.",
        "Treatment": "Treatment aims to control the swelling and irritation, called inflammation. It also aims to manage the conditions that may be causing the vasculitis. Most types of vasculitis can come back. This is called a flare. So your healthcare professional may need to follow you a long time after your symptoms go away.",
        "Medications": "A corticosteroid medicine, such as prednisone (Rayos), is the most common type of medicine prescribed to control the inflammation of vasculitis. Corticosteroids can have bad side effects. The longer you take them, the worse the side effects may be. Side effects may include weight gain, diabetes and weakened bones. If you need a corticosteroid long-term, you get the lowest dose that will help. Your healthcare professional may add other medicines to corticosteroids to control the inflammation. That way, you can lower the dose of corticosteroids more quickly. The medicine used depends on the type of vasculitis. Medicines may include methotrexate (Trexall), azathioprine (Imuran, Azasan), mycophenolate mofetil (CellCept), cyclophosphamide (Cytoxan), tocilizumab (Actemra) or rituximab (Rituxan). Which medicines you need depend on the type of vasculitis you have, how bad it is, which organs are involved and any other medical problems that you have.",
        "Surgery": "Sometimes, vasculitis causes a balloonlike bulge in the wall of a blood vessel. This is called an aneurysm. This bulge may need treatment with surgery to lower the risk of it breaking. Blocked arteries also may need surgical treatment to restore blood flow to the affected area.",
        "Clinical trials": "Explore Mayo Clinic studies testing new treatments, interventions and tests as a means to prevent, detect, treat or manage this condition.",
        "Coping and support": "Coping with the side effects of the medicines you take to treat your vasculitis might be one of the hardest things about living with the condition. Some of these tips might help: Know about your condition. Learn all you can about vasculitis and its treatment. Know the possible side effects of the medicines you take. Tell your healthcare professional about any changes in your health. Follow your treatment plan. Your plan may include seeing your health professional often, having more tests and checking your blood pressure. Eat well. Eating healthy foods can help prevent some of the problems your medicines can cause. This might include thinning bones, high blood pressure and diabetes. Eat mainly fresh fruits and vegetables, whole grains, low-fat dairy products, and lean meats and fish. If you're taking a corticosteroid medicine, ask your healthcare professional if you need to take a vitamin D or calcium supplement. Get vaccinations. Some medicines to treat vasculitis raise your risk of infections. These include flu, pneumonia, shingles and COVID-19. Keeping up to date on vaccinations can help. Talk with your healthcare professional about which vaccinations to get. Exercise most days of the week. Regular aerobic exercise, such as walking, can help prevent conditions that can be linked to taking corticosteroids. These include bone loss, high blood pressure and diabetes. Regular exercise also helps your heart and lungs.\nMany people also find that exercise improves their mood and sense of well-being. If you're not used to exercising, start out and build up slowly. Your healthcare professional can help you plan an exercise program that's right for you. Ask others to help. Family and friends can help you cope with this condition. You also might find it helpful to talk with others who have vasculitis. Ask a member of your healthcare team about support groups.",
        "Preparing for your appointment": "Make an appointment with your main healthcare professional if you have symptoms that worry you. For vasculitis, you may need to see specialists. They might include: Rheumatologists, who specialize in joints, muscles and autoimmune diseases. Neurologists, who specialize in the brain and nervous system. Ophthalmologists, who specialize in the eyes. Cardiologists, who specialize in the heart. Nephrologists, who specialize in the kidneys. Pulmonologists, who specialize in the lungs. Dermatologists, who specialize in the skin. Urologists, who specialize in the urinary tract and urogenital systems. Otorhinolaryngologists, who specialize in the ears and sinuses.",
        "What you can do": "To prepare for your appointment: Be aware of anything you need to do before your appointment. When you make the appointment, ask if you need to do anything in advance, such as restrict your diet. Send test information. If you go to a specialist, ask your main healthcare professional to send your imaging and biopsy results before the appointment. List all your symptoms, and when they began. List key personal medical information. Include other recent health issues or major stresses you've had. List all medicines, vitamins and supplements you take, including doses. Ask a family member or friend to go with you. Someone who goes with you can help remember the information you get. List questions you want to ask your healthcare team. For vasculitis, some basic questions to ask include: What type of vasculitis do I have? What's causing my vasculitis? Will my vasculitis go away on its own or is there a cure? Should I see a specialist? What are my treatment choices? I have another medical condition. How can I best manage these conditions together? Do you have brochures or other printed material that I can have? What websites do you suggest?",
        "What to expect from your doctor": "Your healthcare professional may ask: Do your symptoms stay with you or do they come and go? How bad are your symptoms? What, if anything, seems to make your symptoms better? What, if anything, seems to make your symptoms worse?"
    }
}